2026-05-16 21:35:49,409 [INFO] src.models.dim - DIM initialized | params=463,425
2026-05-16 21:35:49,411 [INFO] DIMTrainer - Model parameters: 463,425
2026-05-16 21:35:51,768 [INFO] DIMTrainer - Loading Splunk BOTS v3 dataset...
2026-05-16 21:35:51,770 [INFO] src.data.dataset_loader - Splunk BOTS: Generating 10000 synthetic sequences (seq_len=20)
2026-05-16 21:35:52,366 [INFO] DIMTrainer - Train: 40000 samples (625 batches)
2026-05-16 21:35:52,366 [INFO] DIMTrainer - 
============================================================
2026-05-16 21:35:52,366 [INFO] DIMTrainer -   Starting DIM Training on cpu
2026-05-16 21:35:52,368 [INFO] DIMTrainer -   Epochs: 30
2026-05-16 21:35:52,368 [INFO] DIMTrainer - ============================================================

2026-05-16 21:35:53,393 [INFO] DIMTrainer -   Epoch [1/30] Step [10/625] Loss: 0.564980
2026-05-16 21:35:54,333 [INFO] DIMTrainer -   Epoch [1/30] Step [20/625] Loss: 0.538402
2026-05-16 21:35:55,283 [INFO] DIMTrainer -   Epoch [1/30] Step [30/625] Loss: 0.539818
2026-05-16 21:35:56,280 [INFO] DIMTrainer -   Epoch [1/30] Step [40/625] Loss: 0.535806
2026-05-16 21:35:57,319 [INFO] DIMTrainer -   Epoch [1/30] Step [50/625] Loss: 0.530733
2026-05-16 21:35:58,342 [INFO] DIMTrainer -   Epoch [1/30] Step [60/625] Loss: 0.526658
2026-05-16 21:35:59,358 [INFO] DIMTrainer -   Epoch [1/30] Step [70/625] Loss: 0.524545
2026-05-16 21:36:00,516 [INFO] DIMTrainer -   Epoch [1/30] Step [80/625] Loss: 0.523265
2026-05-16 21:36:01,515 [INFO] DIMTrainer -   Epoch [1/30] Step [90/625] Loss: 0.522694
2026-05-16 21:36:02,518 [INFO] DIMTrainer -   Epoch [1/30] Step [100/625] Loss: 0.515490
2026-05-16 21:36:03,582 [INFO] DIMTrainer -   Epoch [1/30] Step [110/625] Loss: 0.516627
2026-05-16 21:36:04,615 [INFO] DIMTrainer -   Epoch [1/30] Step [120/625] Loss: 0.517891
2026-05-16 21:36:05,717 [INFO] DIMTrainer -   Epoch [1/30] Step [130/625] Loss: 0.517389
2026-05-16 21:36:06,745 [INFO] DIMTrainer -   Epoch [1/30] Step [140/625] Loss: 0.518298
2026-05-16 21:36:07,789 [INFO] DIMTrainer -   Epoch [1/30] Step [150/625] Loss: 0.514892
2026-05-16 21:36:08,802 [INFO] DIMTrainer -   Epoch [1/30] Step [160/625] Loss: 0.515383
2026-05-16 21:36:09,860 [INFO] DIMTrainer -   Epoch [1/30] Step [170/625] Loss: 0.515116
2026-05-16 21:36:10,876 [INFO] DIMTrainer -   Epoch [1/30] Step [180/625] Loss: 0.515174
2026-05-16 21:36:11,951 [INFO] DIMTrainer -   Epoch [1/30] Step [190/625] Loss: 0.514065
2026-05-16 21:36:13,012 [INFO] DIMTrainer -   Epoch [1/30] Step [200/625] Loss: 0.515552
2026-05-16 21:36:14,087 [INFO] DIMTrainer -   Epoch [1/30] Step [210/625] Loss: 0.514050
2026-05-16 21:36:15,126 [INFO] DIMTrainer -   Epoch [1/30] Step [220/625] Loss: 0.512716
2026-05-16 21:36:16,181 [INFO] DIMTrainer -   Epoch [1/30] Step [230/625] Loss: 0.511304
2026-05-16 21:36:17,223 [INFO] DIMTrainer -   Epoch [1/30] Step [240/625] Loss: 0.510621
2026-05-16 21:36:18,385 [INFO] DIMTrainer -   Epoch [1/30] Step [250/625] Loss: 0.510193
2026-05-16 21:36:19,458 [INFO] DIMTrainer -   Epoch [1/30] Step [260/625] Loss: 0.509552
2026-05-16 21:36:20,547 [INFO] DIMTrainer -   Epoch [1/30] Step [270/625] Loss: 0.509592
2026-05-16 21:36:21,676 [INFO] DIMTrainer -   Epoch [1/30] Step [280/625] Loss: 0.510009
2026-05-16 21:36:22,774 [INFO] DIMTrainer -   Epoch [1/30] Step [290/625] Loss: 0.508983
2026-05-16 21:36:23,813 [INFO] DIMTrainer -   Epoch [1/30] Step [300/625] Loss: 0.508736
2026-05-16 21:36:24,842 [INFO] DIMTrainer -   Epoch [1/30] Step [310/625] Loss: 0.509779
2026-05-16 21:36:25,807 [INFO] DIMTrainer -   Epoch [1/30] Step [320/625] Loss: 0.509841
2026-05-16 21:36:26,807 [INFO] DIMTrainer -   Epoch [1/30] Step [330/625] Loss: 0.509972
2026-05-16 21:36:27,808 [INFO] DIMTrainer -   Epoch [1/30] Step [340/625] Loss: 0.510449
2026-05-16 21:36:28,855 [INFO] DIMTrainer -   Epoch [1/30] Step [350/625] Loss: 0.509306
2026-05-16 21:36:29,904 [INFO] DIMTrainer -   Epoch [1/30] Step [360/625] Loss: 0.508877
2026-05-16 21:36:30,958 [INFO] DIMTrainer -   Epoch [1/30] Step [370/625] Loss: 0.508464
2026-05-16 21:36:32,134 [INFO] DIMTrainer -   Epoch [1/30] Step [380/625] Loss: 0.508687
2026-05-16 21:36:33,186 [INFO] DIMTrainer -   Epoch [1/30] Step [390/625] Loss: 0.508372
2026-05-16 21:36:34,242 [INFO] DIMTrainer -   Epoch [1/30] Step [400/625] Loss: 0.508756
2026-05-16 21:36:35,280 [INFO] DIMTrainer -   Epoch [1/30] Step [410/625] Loss: 0.508282
2026-05-16 21:36:36,364 [INFO] DIMTrainer -   Epoch [1/30] Step [420/625] Loss: 0.507554
2026-05-16 21:36:37,397 [INFO] DIMTrainer -   Epoch [1/30] Step [430/625] Loss: 0.506742
2026-05-16 21:36:38,381 [INFO] DIMTrainer -   Epoch [1/30] Step [440/625] Loss: 0.506461
2026-05-16 21:36:39,356 [INFO] DIMTrainer -   Epoch [1/30] Step [450/625] Loss: 0.506638
2026-05-16 21:36:40,364 [INFO] DIMTrainer -   Epoch [1/30] Step [460/625] Loss: 0.507201
2026-05-16 21:36:41,452 [INFO] DIMTrainer -   Epoch [1/30] Step [470/625] Loss: 0.507401
2026-05-16 21:36:42,451 [INFO] DIMTrainer -   Epoch [1/30] Step [480/625] Loss: 0.506695
2026-05-16 21:36:43,430 [INFO] DIMTrainer -   Epoch [1/30] Step [490/625] Loss: 0.506959
2026-05-16 21:36:44,460 [INFO] DIMTrainer -   Epoch [1/30] Step [500/625] Loss: 0.506563
2026-05-16 21:36:45,552 [INFO] DIMTrainer -   Epoch [1/30] Step [510/625] Loss: 0.506094
2026-05-16 21:36:46,583 [INFO] DIMTrainer -   Epoch [1/30] Step [520/625] Loss: 0.506705
2026-05-16 21:36:47,584 [INFO] DIMTrainer -   Epoch [1/30] Step [530/625] Loss: 0.506947
2026-05-16 21:36:48,615 [INFO] DIMTrainer -   Epoch [1/30] Step [540/625] Loss: 0.506784
2026-05-16 21:36:49,611 [INFO] DIMTrainer -   Epoch [1/30] Step [550/625] Loss: 0.506199
2026-05-16 21:36:50,611 [INFO] DIMTrainer -   Epoch [1/30] Step [560/625] Loss: 0.505620
2026-05-16 21:36:51,577 [INFO] DIMTrainer -   Epoch [1/30] Step [570/625] Loss: 0.504815
2026-05-16 21:36:52,667 [INFO] DIMTrainer -   Epoch [1/30] Step [580/625] Loss: 0.504769
2026-05-16 21:36:53,650 [INFO] DIMTrainer -   Epoch [1/30] Step [590/625] Loss: 0.504886
2026-05-16 21:36:54,613 [INFO] DIMTrainer -   Epoch [1/30] Step [600/625] Loss: 0.505229
2026-05-16 21:36:55,601 [INFO] DIMTrainer -   Epoch [1/30] Step [610/625] Loss: 0.504991
2026-05-16 21:36:56,634 [INFO] DIMTrainer -   Epoch [1/30] Step [620/625] Loss: 0.504965
2026-05-16 21:37:07,383 [INFO] DIMTrainer - Epoch   1/30 | Loss=0.505023 | HR@5=0.2435 | MAP@5=0.1115 | NDCG@5=0.1438 | Time=75.0s
2026-05-16 21:37:08,732 [INFO] DIMTrainer -   Epoch [2/30] Step [10/625] Loss: 0.488385
2026-05-16 21:37:09,773 [INFO] DIMTrainer -   Epoch [2/30] Step [20/625] Loss: 0.511466
2026-05-16 21:37:10,909 [INFO] DIMTrainer -   Epoch [2/30] Step [30/625] Loss: 0.503496
2026-05-16 21:37:11,964 [INFO] DIMTrainer -   Epoch [2/30] Step [40/625] Loss: 0.507504
2026-05-16 21:37:13,019 [INFO] DIMTrainer -   Epoch [2/30] Step [50/625] Loss: 0.512912
2026-05-16 21:37:14,322 [INFO] DIMTrainer -   Epoch [2/30] Step [60/625] Loss: 0.512599
2026-05-16 21:37:15,572 [INFO] DIMTrainer -   Epoch [2/30] Step [70/625] Loss: 0.510864
2026-05-16 21:37:16,817 [INFO] DIMTrainer -   Epoch [2/30] Step [80/625] Loss: 0.510643
2026-05-16 21:37:18,264 [INFO] DIMTrainer -   Epoch [2/30] Step [90/625] Loss: 0.509976
2026-05-16 21:37:19,618 [INFO] DIMTrainer -   Epoch [2/30] Step [100/625] Loss: 0.508115
2026-05-16 21:37:20,871 [INFO] DIMTrainer -   Epoch [2/30] Step [110/625] Loss: 0.504194
2026-05-16 21:37:21,936 [INFO] DIMTrainer -   Epoch [2/30] Step [120/625] Loss: 0.501354
2026-05-16 21:37:23,012 [INFO] DIMTrainer -   Epoch [2/30] Step [130/625] Loss: 0.503824
2026-05-16 21:37:24,018 [INFO] DIMTrainer -   Epoch [2/30] Step [140/625] Loss: 0.503398
2026-05-16 21:37:25,060 [INFO] DIMTrainer -   Epoch [2/30] Step [150/625] Loss: 0.501813
2026-05-16 21:37:26,128 [INFO] DIMTrainer -   Epoch [2/30] Step [160/625] Loss: 0.502549
2026-05-16 21:37:27,122 [INFO] DIMTrainer -   Epoch [2/30] Step [170/625] Loss: 0.504296
2026-05-16 21:37:28,109 [INFO] DIMTrainer -   Epoch [2/30] Step [180/625] Loss: 0.502734
2026-05-16 21:37:29,090 [INFO] DIMTrainer -   Epoch [2/30] Step [190/625] Loss: 0.502811
2026-05-16 21:37:30,074 [INFO] DIMTrainer -   Epoch [2/30] Step [200/625] Loss: 0.504042
2026-05-16 21:37:31,018 [INFO] DIMTrainer -   Epoch [2/30] Step [210/625] Loss: 0.503455
2026-05-16 21:37:32,149 [INFO] DIMTrainer -   Epoch [2/30] Step [220/625] Loss: 0.503519
2026-05-16 21:37:33,114 [INFO] DIMTrainer -   Epoch [2/30] Step [230/625] Loss: 0.501209
2026-05-16 21:37:34,104 [INFO] DIMTrainer -   Epoch [2/30] Step [240/625] Loss: 0.500897
2026-05-16 21:37:35,097 [INFO] DIMTrainer -   Epoch [2/30] Step [250/625] Loss: 0.501510
2026-05-16 21:37:36,085 [INFO] DIMTrainer -   Epoch [2/30] Step [260/625] Loss: 0.502444
2026-05-16 21:37:37,132 [INFO] DIMTrainer -   Epoch [2/30] Step [270/625] Loss: 0.502504
2026-05-16 21:37:38,224 [INFO] DIMTrainer -   Epoch [2/30] Step [280/625] Loss: 0.503055
2026-05-16 21:37:39,275 [INFO] DIMTrainer -   Epoch [2/30] Step [290/625] Loss: 0.501608
2026-05-16 21:37:40,368 [INFO] DIMTrainer -   Epoch [2/30] Step [300/625] Loss: 0.501292
2026-05-16 21:37:41,428 [INFO] DIMTrainer -   Epoch [2/30] Step [310/625] Loss: 0.500534
2026-05-16 21:37:42,466 [INFO] DIMTrainer -   Epoch [2/30] Step [320/625] Loss: 0.499298
2026-05-16 21:37:43,544 [INFO] DIMTrainer -   Epoch [2/30] Step [330/625] Loss: 0.498974
2026-05-16 21:37:44,632 [INFO] DIMTrainer -   Epoch [2/30] Step [340/625] Loss: 0.498509
2026-05-16 21:37:45,686 [INFO] DIMTrainer -   Epoch [2/30] Step [350/625] Loss: 0.498195
2026-05-16 21:37:46,734 [INFO] DIMTrainer -   Epoch [2/30] Step [360/625] Loss: 0.498410
2026-05-16 21:37:47,767 [INFO] DIMTrainer -   Epoch [2/30] Step [370/625] Loss: 0.497952
2026-05-16 21:37:48,753 [INFO] DIMTrainer -   Epoch [2/30] Step [380/625] Loss: 0.496969
2026-05-16 21:37:49,774 [INFO] DIMTrainer -   Epoch [2/30] Step [390/625] Loss: 0.497358
2026-05-16 21:37:50,758 [INFO] DIMTrainer -   Epoch [2/30] Step [400/625] Loss: 0.497271
2026-05-16 21:37:51,719 [INFO] DIMTrainer -   Epoch [2/30] Step [410/625] Loss: 0.497682
2026-05-16 21:37:52,704 [INFO] DIMTrainer -   Epoch [2/30] Step [420/625] Loss: 0.497513
2026-05-16 21:37:53,808 [INFO] DIMTrainer -   Epoch [2/30] Step [430/625] Loss: 0.498206
2026-05-16 21:37:54,807 [INFO] DIMTrainer -   Epoch [2/30] Step [440/625] Loss: 0.497514
2026-05-16 21:37:55,815 [INFO] DIMTrainer -   Epoch [2/30] Step [450/625] Loss: 0.497690
2026-05-16 21:37:56,836 [INFO] DIMTrainer -   Epoch [2/30] Step [460/625] Loss: 0.497375
2026-05-16 21:37:57,904 [INFO] DIMTrainer -   Epoch [2/30] Step [470/625] Loss: 0.497972
2026-05-16 21:37:59,065 [INFO] DIMTrainer -   Epoch [2/30] Step [480/625] Loss: 0.497490
2026-05-16 21:38:00,285 [INFO] DIMTrainer -   Epoch [2/30] Step [490/625] Loss: 0.497511
2026-05-16 21:38:01,594 [INFO] DIMTrainer -   Epoch [2/30] Step [500/625] Loss: 0.497910
2026-05-16 21:38:02,638 [INFO] DIMTrainer -   Epoch [2/30] Step [510/625] Loss: 0.498075
2026-05-16 21:38:03,659 [INFO] DIMTrainer -   Epoch [2/30] Step [520/625] Loss: 0.497681
2026-05-16 21:38:04,868 [INFO] DIMTrainer -   Epoch [2/30] Step [530/625] Loss: 0.497286
2026-05-16 21:38:05,936 [INFO] DIMTrainer -   Epoch [2/30] Step [540/625] Loss: 0.497621
2026-05-16 21:38:07,208 [INFO] DIMTrainer -   Epoch [2/30] Step [550/625] Loss: 0.497486
2026-05-16 21:38:08,523 [INFO] DIMTrainer -   Epoch [2/30] Step [560/625] Loss: 0.497300
2026-05-16 21:38:10,035 [INFO] DIMTrainer -   Epoch [2/30] Step [570/625] Loss: 0.497320
2026-05-16 21:38:11,580 [INFO] DIMTrainer -   Epoch [2/30] Step [580/625] Loss: 0.496336
2026-05-16 21:38:13,028 [INFO] DIMTrainer -   Epoch [2/30] Step [590/625] Loss: 0.495146
2026-05-16 21:38:14,108 [INFO] DIMTrainer -   Epoch [2/30] Step [600/625] Loss: 0.494609
2026-05-16 21:38:15,131 [INFO] DIMTrainer -   Epoch [2/30] Step [610/625] Loss: 0.494513
2026-05-16 21:38:16,155 [INFO] DIMTrainer -   Epoch [2/30] Step [620/625] Loss: 0.493706
2026-05-16 21:38:26,529 [INFO] DIMTrainer - Epoch   2/30 | Loss=0.493486 | HR@5=0.3585 | MAP@5=0.1599 | NDCG@5=0.2085 | Time=79.1s
2026-05-16 21:38:27,828 [INFO] DIMTrainer -   Epoch [3/30] Step [10/625] Loss: 0.445506
2026-05-16 21:38:29,071 [INFO] DIMTrainer -   Epoch [3/30] Step [20/625] Loss: 0.447172
2026-05-16 21:38:30,078 [INFO] DIMTrainer -   Epoch [3/30] Step [30/625] Loss: 0.429025
2026-05-16 21:38:31,063 [INFO] DIMTrainer -   Epoch [3/30] Step [40/625] Loss: 0.422220
2026-05-16 21:38:32,062 [INFO] DIMTrainer -   Epoch [3/30] Step [50/625] Loss: 0.422107
2026-05-16 21:38:33,035 [INFO] DIMTrainer -   Epoch [3/30] Step [60/625] Loss: 0.414743
2026-05-16 21:38:34,049 [INFO] DIMTrainer -   Epoch [3/30] Step [70/625] Loss: 0.406665
2026-05-16 21:38:35,009 [INFO] DIMTrainer -   Epoch [3/30] Step [80/625] Loss: 0.398808
2026-05-16 21:38:36,308 [INFO] DIMTrainer -   Epoch [3/30] Step [90/625] Loss: 0.392835
2026-05-16 21:38:37,309 [INFO] DIMTrainer -   Epoch [3/30] Step [100/625] Loss: 0.388051
2026-05-16 21:38:38,356 [INFO] DIMTrainer -   Epoch [3/30] Step [110/625] Loss: 0.384783
2026-05-16 21:38:39,352 [INFO] DIMTrainer -   Epoch [3/30] Step [120/625] Loss: 0.380668
2026-05-16 21:38:40,427 [INFO] DIMTrainer -   Epoch [3/30] Step [130/625] Loss: 0.377266
2026-05-16 21:38:41,462 [INFO] DIMTrainer -   Epoch [3/30] Step [140/625] Loss: 0.373550
2026-05-16 21:38:42,522 [INFO] DIMTrainer -   Epoch [3/30] Step [150/625] Loss: 0.371783
2026-05-16 21:38:43,614 [INFO] DIMTrainer -   Epoch [3/30] Step [160/625] Loss: 0.371483
2026-05-16 21:38:44,718 [INFO] DIMTrainer -   Epoch [3/30] Step [170/625] Loss: 0.369011
2026-05-16 21:38:45,851 [INFO] DIMTrainer -   Epoch [3/30] Step [180/625] Loss: 0.363865
2026-05-16 21:38:47,000 [INFO] DIMTrainer -   Epoch [3/30] Step [190/625] Loss: 0.360101
2026-05-16 21:38:48,139 [INFO] DIMTrainer -   Epoch [3/30] Step [200/625] Loss: 0.357785
2026-05-16 21:38:49,172 [INFO] DIMTrainer -   Epoch [3/30] Step [210/625] Loss: 0.354958
2026-05-16 21:38:50,198 [INFO] DIMTrainer -   Epoch [3/30] Step [220/625] Loss: 0.352717
2026-05-16 21:38:51,246 [INFO] DIMTrainer -   Epoch [3/30] Step [230/625] Loss: 0.349664
2026-05-16 21:38:52,255 [INFO] DIMTrainer -   Epoch [3/30] Step [240/625] Loss: 0.345878
2026-05-16 21:38:53,300 [INFO] DIMTrainer -   Epoch [3/30] Step [250/625] Loss: 0.343556
2026-05-16 21:38:54,328 [INFO] DIMTrainer -   Epoch [3/30] Step [260/625] Loss: 0.340848
2026-05-16 21:38:55,382 [INFO] DIMTrainer -   Epoch [3/30] Step [270/625] Loss: 0.339350
2026-05-16 21:38:56,363 [INFO] DIMTrainer -   Epoch [3/30] Step [280/625] Loss: 0.337728
2026-05-16 21:38:57,410 [INFO] DIMTrainer -   Epoch [3/30] Step [290/625] Loss: 0.337047
2026-05-16 21:38:58,385 [INFO] DIMTrainer -   Epoch [3/30] Step [300/625] Loss: 0.334247
2026-05-16 21:38:59,357 [INFO] DIMTrainer -   Epoch [3/30] Step [310/625] Loss: 0.332278
2026-05-16 21:39:00,369 [INFO] DIMTrainer -   Epoch [3/30] Step [320/625] Loss: 0.330821
2026-05-16 21:39:01,405 [INFO] DIMTrainer -   Epoch [3/30] Step [330/625] Loss: 0.328631
2026-05-16 21:39:02,397 [INFO] DIMTrainer -   Epoch [3/30] Step [340/625] Loss: 0.327018
2026-05-16 21:39:03,453 [INFO] DIMTrainer -   Epoch [3/30] Step [350/625] Loss: 0.325093
2026-05-16 21:39:04,506 [INFO] DIMTrainer -   Epoch [3/30] Step [360/625] Loss: 0.322326
2026-05-16 21:39:05,651 [INFO] DIMTrainer -   Epoch [3/30] Step [370/625] Loss: 0.319729
2026-05-16 21:39:06,761 [INFO] DIMTrainer -   Epoch [3/30] Step [380/625] Loss: 0.318446
2026-05-16 21:39:07,866 [INFO] DIMTrainer -   Epoch [3/30] Step [390/625] Loss: 0.316922
2026-05-16 21:39:08,916 [INFO] DIMTrainer -   Epoch [3/30] Step [400/625] Loss: 0.315119
2026-05-16 21:39:10,015 [INFO] DIMTrainer -   Epoch [3/30] Step [410/625] Loss: 0.313878
2026-05-16 21:39:11,153 [INFO] DIMTrainer -   Epoch [3/30] Step [420/625] Loss: 0.312320
2026-05-16 21:39:12,252 [INFO] DIMTrainer -   Epoch [3/30] Step [430/625] Loss: 0.310821
2026-05-16 21:39:13,442 [INFO] DIMTrainer -   Epoch [3/30] Step [440/625] Loss: 0.309120
2026-05-16 21:39:14,501 [INFO] DIMTrainer -   Epoch [3/30] Step [450/625] Loss: 0.307770
2026-05-16 21:39:15,503 [INFO] DIMTrainer -   Epoch [3/30] Step [460/625] Loss: 0.306155
2026-05-16 21:39:16,570 [INFO] DIMTrainer -   Epoch [3/30] Step [470/625] Loss: 0.304438
2026-05-16 21:39:17,619 [INFO] DIMTrainer -   Epoch [3/30] Step [480/625] Loss: 0.302824
2026-05-16 21:39:18,756 [INFO] DIMTrainer -   Epoch [3/30] Step [490/625] Loss: 0.301095
2026-05-16 21:39:19,852 [INFO] DIMTrainer -   Epoch [3/30] Step [500/625] Loss: 0.300285
2026-05-16 21:39:20,932 [INFO] DIMTrainer -   Epoch [3/30] Step [510/625] Loss: 0.298636
2026-05-16 21:39:22,193 [INFO] DIMTrainer -   Epoch [3/30] Step [520/625] Loss: 0.297082
2026-05-16 21:39:23,377 [INFO] DIMTrainer -   Epoch [3/30] Step [530/625] Loss: 0.295111
2026-05-16 21:39:24,512 [INFO] DIMTrainer -   Epoch [3/30] Step [540/625] Loss: 0.293892
2026-05-16 21:39:25,590 [INFO] DIMTrainer -   Epoch [3/30] Step [550/625] Loss: 0.292383
2026-05-16 21:39:27,018 [INFO] DIMTrainer -   Epoch [3/30] Step [560/625] Loss: 0.290984
2026-05-16 21:39:28,379 [INFO] DIMTrainer -   Epoch [3/30] Step [570/625] Loss: 0.289797
2026-05-16 21:39:29,843 [INFO] DIMTrainer -   Epoch [3/30] Step [580/625] Loss: 0.288744
2026-05-16 21:39:31,433 [INFO] DIMTrainer -   Epoch [3/30] Step [590/625] Loss: 0.287578
2026-05-16 21:39:32,873 [INFO] DIMTrainer -   Epoch [3/30] Step [600/625] Loss: 0.286590
2026-05-16 21:39:34,338 [INFO] DIMTrainer -   Epoch [3/30] Step [610/625] Loss: 0.285241
2026-05-16 21:39:35,849 [INFO] DIMTrainer -   Epoch [3/30] Step [620/625] Loss: 0.283408
2026-05-16 21:39:49,696 [INFO] DIMTrainer - Epoch   3/30 | Loss=0.282534 | HR@5=0.8010 | MAP@5=0.5276 | NDCG@5=0.5960 | Time=83.1s
2026-05-16 21:39:50,987 [INFO] DIMTrainer -   Epoch [4/30] Step [10/625] Loss: 0.187533
2026-05-16 21:39:52,155 [INFO] DIMTrainer -   Epoch [4/30] Step [20/625] Loss: 0.180819
2026-05-16 21:39:53,195 [INFO] DIMTrainer -   Epoch [4/30] Step [30/625] Loss: 0.188063
2026-05-16 21:39:54,239 [INFO] DIMTrainer -   Epoch [4/30] Step [40/625] Loss: 0.184454
2026-05-16 21:39:55,315 [INFO] DIMTrainer -   Epoch [4/30] Step [50/625] Loss: 0.187330
2026-05-16 21:39:56,370 [INFO] DIMTrainer -   Epoch [4/30] Step [60/625] Loss: 0.191023
2026-05-16 21:39:57,453 [INFO] DIMTrainer -   Epoch [4/30] Step [70/625] Loss: 0.187271
2026-05-16 21:39:58,520 [INFO] DIMTrainer -   Epoch [4/30] Step [80/625] Loss: 0.190849
2026-05-16 21:39:59,551 [INFO] DIMTrainer -   Epoch [4/30] Step [90/625] Loss: 0.191748
2026-05-16 21:40:00,631 [INFO] DIMTrainer -   Epoch [4/30] Step [100/625] Loss: 0.191220
2026-05-16 21:40:01,758 [INFO] DIMTrainer -   Epoch [4/30] Step [110/625] Loss: 0.191560
2026-05-16 21:40:02,780 [INFO] DIMTrainer -   Epoch [4/30] Step [120/625] Loss: 0.189783
2026-05-16 21:40:03,816 [INFO] DIMTrainer -   Epoch [4/30] Step [130/625] Loss: 0.190315
2026-05-16 21:40:04,879 [INFO] DIMTrainer -   Epoch [4/30] Step [140/625] Loss: 0.188611
2026-05-16 21:40:05,884 [INFO] DIMTrainer -   Epoch [4/30] Step [150/625] Loss: 0.187870
2026-05-16 21:40:06,873 [INFO] DIMTrainer -   Epoch [4/30] Step [160/625] Loss: 0.190914
2026-05-16 21:40:07,856 [INFO] DIMTrainer -   Epoch [4/30] Step [170/625] Loss: 0.191884
2026-05-16 21:40:08,831 [INFO] DIMTrainer -   Epoch [4/30] Step [180/625] Loss: 0.190660
2026-05-16 21:40:09,799 [INFO] DIMTrainer -   Epoch [4/30] Step [190/625] Loss: 0.189475
2026-05-16 21:40:10,781 [INFO] DIMTrainer -   Epoch [4/30] Step [200/625] Loss: 0.189550
2026-05-16 21:40:12,178 [INFO] DIMTrainer -   Epoch [4/30] Step [210/625] Loss: 0.189895
2026-05-16 21:40:13,462 [INFO] DIMTrainer -   Epoch [4/30] Step [220/625] Loss: 0.189178
2026-05-16 21:40:14,664 [INFO] DIMTrainer -   Epoch [4/30] Step [230/625] Loss: 0.187913
2026-05-16 21:40:16,397 [INFO] DIMTrainer -   Epoch [4/30] Step [240/625] Loss: 0.186773
2026-05-16 21:40:18,228 [INFO] DIMTrainer -   Epoch [4/30] Step [250/625] Loss: 0.186039
2026-05-16 21:40:19,421 [INFO] DIMTrainer -   Epoch [4/30] Step [260/625] Loss: 0.185106
2026-05-16 21:40:20,678 [INFO] DIMTrainer -   Epoch [4/30] Step [270/625] Loss: 0.185026
2026-05-16 21:40:21,977 [INFO] DIMTrainer -   Epoch [4/30] Step [280/625] Loss: 0.184059
2026-05-16 21:40:23,482 [INFO] DIMTrainer -   Epoch [4/30] Step [290/625] Loss: 0.181974
2026-05-16 21:40:25,145 [INFO] DIMTrainer -   Epoch [4/30] Step [300/625] Loss: 0.181881
2026-05-16 21:40:27,002 [INFO] DIMTrainer -   Epoch [4/30] Step [310/625] Loss: 0.180746
2026-05-16 21:40:28,705 [INFO] DIMTrainer -   Epoch [4/30] Step [320/625] Loss: 0.180462
2026-05-16 21:40:30,296 [INFO] DIMTrainer -   Epoch [4/30] Step [330/625] Loss: 0.180112
2026-05-16 21:40:32,218 [INFO] DIMTrainer -   Epoch [4/30] Step [340/625] Loss: 0.179589
2026-05-16 21:40:34,065 [INFO] DIMTrainer -   Epoch [4/30] Step [350/625] Loss: 0.178520
2026-05-16 21:40:35,942 [INFO] DIMTrainer -   Epoch [4/30] Step [360/625] Loss: 0.177981
2026-05-16 21:40:37,309 [INFO] DIMTrainer -   Epoch [4/30] Step [370/625] Loss: 0.177524
2026-05-16 21:40:38,457 [INFO] DIMTrainer -   Epoch [4/30] Step [380/625] Loss: 0.176497
2026-05-16 21:40:39,825 [INFO] DIMTrainer -   Epoch [4/30] Step [390/625] Loss: 0.177370
2026-05-16 21:40:41,871 [INFO] DIMTrainer -   Epoch [4/30] Step [400/625] Loss: 0.177676
2026-05-16 21:40:43,632 [INFO] DIMTrainer -   Epoch [4/30] Step [410/625] Loss: 0.177892
2026-05-16 21:40:45,267 [INFO] DIMTrainer -   Epoch [4/30] Step [420/625] Loss: 0.177706
2026-05-16 21:40:47,054 [INFO] DIMTrainer -   Epoch [4/30] Step [430/625] Loss: 0.176908
2026-05-16 21:40:48,917 [INFO] DIMTrainer -   Epoch [4/30] Step [440/625] Loss: 0.176645
2026-05-16 21:40:50,931 [INFO] DIMTrainer -   Epoch [4/30] Step [450/625] Loss: 0.176380
2026-05-16 21:40:52,948 [INFO] DIMTrainer -   Epoch [4/30] Step [460/625] Loss: 0.175759
2026-05-16 21:40:55,214 [INFO] DIMTrainer -   Epoch [4/30] Step [470/625] Loss: 0.175671
2026-05-16 21:40:57,417 [INFO] DIMTrainer -   Epoch [4/30] Step [480/625] Loss: 0.175889
2026-05-16 21:40:59,215 [INFO] DIMTrainer -   Epoch [4/30] Step [490/625] Loss: 0.175144
2026-05-16 21:41:01,600 [INFO] DIMTrainer -   Epoch [4/30] Step [500/625] Loss: 0.174524
2026-05-16 21:41:03,366 [INFO] DIMTrainer -   Epoch [4/30] Step [510/625] Loss: 0.173633
2026-05-16 21:41:04,937 [INFO] DIMTrainer -   Epoch [4/30] Step [520/625] Loss: 0.172694
2026-05-16 21:41:06,349 [INFO] DIMTrainer -   Epoch [4/30] Step [530/625] Loss: 0.172508
2026-05-16 21:41:07,935 [INFO] DIMTrainer -   Epoch [4/30] Step [540/625] Loss: 0.172422
2026-05-16 21:41:11,157 [INFO] DIMTrainer -   Epoch [4/30] Step [550/625] Loss: 0.171921
2026-05-16 21:41:14,814 [INFO] DIMTrainer -   Epoch [4/30] Step [560/625] Loss: 0.171244
2026-05-16 21:41:16,786 [INFO] DIMTrainer -   Epoch [4/30] Step [570/625] Loss: 0.170309
2026-05-16 21:41:18,401 [INFO] DIMTrainer -   Epoch [4/30] Step [580/625] Loss: 0.169980
2026-05-16 21:41:19,953 [INFO] DIMTrainer -   Epoch [4/30] Step [590/625] Loss: 0.169909
2026-05-16 21:41:21,422 [INFO] DIMTrainer -   Epoch [4/30] Step [600/625] Loss: 0.169513
2026-05-16 21:41:22,795 [INFO] DIMTrainer -   Epoch [4/30] Step [610/625] Loss: 0.169297
2026-05-16 21:41:24,813 [INFO] DIMTrainer -   Epoch [4/30] Step [620/625] Loss: 0.168507
2026-05-16 21:41:38,892 [INFO] DIMTrainer - Epoch   4/30 | Loss=0.168290 | HR@5=0.8580 | MAP@5=0.6464 | NDCG@5=0.7007 | Time=109.1s
2026-05-16 21:41:40,181 [INFO] DIMTrainer -   Epoch [5/30] Step [10/625] Loss: 0.149991
2026-05-16 21:41:41,551 [INFO] DIMTrainer -   Epoch [5/30] Step [20/625] Loss: 0.160440
2026-05-16 21:41:42,643 [INFO] DIMTrainer -   Epoch [5/30] Step [30/625] Loss: 0.148922
2026-05-16 21:41:43,791 [INFO] DIMTrainer -   Epoch [5/30] Step [40/625] Loss: 0.146973
2026-05-16 21:41:45,040 [INFO] DIMTrainer -   Epoch [5/30] Step [50/625] Loss: 0.139632
2026-05-16 21:41:46,093 [INFO] DIMTrainer -   Epoch [5/30] Step [60/625] Loss: 0.134942
2026-05-16 21:41:47,088 [INFO] DIMTrainer -   Epoch [5/30] Step [70/625] Loss: 0.131762
2026-05-16 21:41:48,097 [INFO] DIMTrainer -   Epoch [5/30] Step [80/625] Loss: 0.132681
2026-05-16 21:41:49,114 [INFO] DIMTrainer -   Epoch [5/30] Step [90/625] Loss: 0.128751
2026-05-16 21:41:50,178 [INFO] DIMTrainer -   Epoch [5/30] Step [100/625] Loss: 0.128287
2026-05-16 21:41:51,365 [INFO] DIMTrainer -   Epoch [5/30] Step [110/625] Loss: 0.127645
2026-05-16 21:41:53,344 [INFO] DIMTrainer -   Epoch [5/30] Step [120/625] Loss: 0.124741
2026-05-16 21:41:54,417 [INFO] DIMTrainer -   Epoch [5/30] Step [130/625] Loss: 0.123969
2026-05-16 21:41:55,456 [INFO] DIMTrainer -   Epoch [5/30] Step [140/625] Loss: 0.120292
2026-05-16 21:41:56,738 [INFO] DIMTrainer -   Epoch [5/30] Step [150/625] Loss: 0.121123
2026-05-16 21:41:58,244 [INFO] DIMTrainer -   Epoch [5/30] Step [160/625] Loss: 0.120779
2026-05-16 21:41:59,802 [INFO] DIMTrainer -   Epoch [5/30] Step [170/625] Loss: 0.121630
2026-05-16 21:42:01,196 [INFO] DIMTrainer -   Epoch [5/30] Step [180/625] Loss: 0.122025
2026-05-16 21:42:02,324 [INFO] DIMTrainer -   Epoch [5/30] Step [190/625] Loss: 0.121229
2026-05-16 21:42:03,408 [INFO] DIMTrainer -   Epoch [5/30] Step [200/625] Loss: 0.120824
2026-05-16 21:42:04,359 [INFO] DIMTrainer -   Epoch [5/30] Step [210/625] Loss: 0.119713
2026-05-16 21:42:05,428 [INFO] DIMTrainer -   Epoch [5/30] Step [220/625] Loss: 0.119351
2026-05-16 21:42:06,420 [INFO] DIMTrainer -   Epoch [5/30] Step [230/625] Loss: 0.117864
2026-05-16 21:42:07,707 [INFO] DIMTrainer -   Epoch [5/30] Step [240/625] Loss: 0.116905
2026-05-16 21:42:09,130 [INFO] DIMTrainer -   Epoch [5/30] Step [250/625] Loss: 0.116262
2026-05-16 21:42:10,288 [INFO] DIMTrainer -   Epoch [5/30] Step [260/625] Loss: 0.115132
2026-05-16 21:42:11,577 [INFO] DIMTrainer -   Epoch [5/30] Step [270/625] Loss: 0.116083
2026-05-16 21:42:12,539 [INFO] DIMTrainer -   Epoch [5/30] Step [280/625] Loss: 0.115809
2026-05-16 21:42:13,660 [INFO] DIMTrainer -   Epoch [5/30] Step [290/625] Loss: 0.115938
2026-05-16 21:42:14,663 [INFO] DIMTrainer -   Epoch [5/30] Step [300/625] Loss: 0.115840
2026-05-16 21:42:15,715 [INFO] DIMTrainer -   Epoch [5/30] Step [310/625] Loss: 0.116002
2026-05-16 21:42:16,761 [INFO] DIMTrainer -   Epoch [5/30] Step [320/625] Loss: 0.115309
2026-05-16 21:42:17,788 [INFO] DIMTrainer -   Epoch [5/30] Step [330/625] Loss: 0.114751
2026-05-16 21:42:18,858 [INFO] DIMTrainer -   Epoch [5/30] Step [340/625] Loss: 0.114698
2026-05-16 21:42:19,978 [INFO] DIMTrainer -   Epoch [5/30] Step [350/625] Loss: 0.115345
2026-05-16 21:42:21,074 [INFO] DIMTrainer -   Epoch [5/30] Step [360/625] Loss: 0.115743
2026-05-16 21:42:22,192 [INFO] DIMTrainer -   Epoch [5/30] Step [370/625] Loss: 0.115441
2026-05-16 21:42:23,331 [INFO] DIMTrainer -   Epoch [5/30] Step [380/625] Loss: 0.114722
2026-05-16 21:42:24,463 [INFO] DIMTrainer -   Epoch [5/30] Step [390/625] Loss: 0.114224
2026-05-16 21:42:25,720 [INFO] DIMTrainer -   Epoch [5/30] Step [400/625] Loss: 0.113917
2026-05-16 21:42:26,840 [INFO] DIMTrainer -   Epoch [5/30] Step [410/625] Loss: 0.113590
2026-05-16 21:42:27,964 [INFO] DIMTrainer -   Epoch [5/30] Step [420/625] Loss: 0.113851
2026-05-16 21:42:29,049 [INFO] DIMTrainer -   Epoch [5/30] Step [430/625] Loss: 0.113830
2026-05-16 21:42:30,188 [INFO] DIMTrainer -   Epoch [5/30] Step [440/625] Loss: 0.113067
2026-05-16 21:42:31,470 [INFO] DIMTrainer -   Epoch [5/30] Step [450/625] Loss: 0.112309
2026-05-16 21:42:32,671 [INFO] DIMTrainer -   Epoch [5/30] Step [460/625] Loss: 0.111914
2026-05-16 21:42:34,005 [INFO] DIMTrainer -   Epoch [5/30] Step [470/625] Loss: 0.111255
2026-05-16 21:42:35,025 [INFO] DIMTrainer -   Epoch [5/30] Step [480/625] Loss: 0.111212
2026-05-16 21:42:36,060 [INFO] DIMTrainer -   Epoch [5/30] Step [490/625] Loss: 0.110859
2026-05-16 21:42:37,120 [INFO] DIMTrainer -   Epoch [5/30] Step [500/625] Loss: 0.110721
2026-05-16 21:42:38,177 [INFO] DIMTrainer -   Epoch [5/30] Step [510/625] Loss: 0.111002
2026-05-16 21:42:39,283 [INFO] DIMTrainer -   Epoch [5/30] Step [520/625] Loss: 0.110457
2026-05-16 21:42:40,472 [INFO] DIMTrainer -   Epoch [5/30] Step [530/625] Loss: 0.110604
2026-05-16 21:42:41,564 [INFO] DIMTrainer -   Epoch [5/30] Step [540/625] Loss: 0.110379
2026-05-16 21:42:42,696 [INFO] DIMTrainer -   Epoch [5/30] Step [550/625] Loss: 0.110959
2026-05-16 21:42:43,787 [INFO] DIMTrainer -   Epoch [5/30] Step [560/625] Loss: 0.110723
2026-05-16 21:42:44,890 [INFO] DIMTrainer -   Epoch [5/30] Step [570/625] Loss: 0.110843
2026-05-16 21:42:46,004 [INFO] DIMTrainer -   Epoch [5/30] Step [580/625] Loss: 0.110405
2026-05-16 21:42:47,122 [INFO] DIMTrainer -   Epoch [5/30] Step [590/625] Loss: 0.110210
2026-05-16 21:42:48,233 [INFO] DIMTrainer -   Epoch [5/30] Step [600/625] Loss: 0.109967
2026-05-16 21:42:49,334 [INFO] DIMTrainer -   Epoch [5/30] Step [610/625] Loss: 0.109551
2026-05-16 21:42:50,430 [INFO] DIMTrainer -   Epoch [5/30] Step [620/625] Loss: 0.109384
2026-05-16 21:43:00,738 [INFO] DIMTrainer - Epoch   5/30 | Loss=0.109434 | HR@5=0.8205 | MAP@5=0.7137 | NDCG@5=0.7407 | Time=81.8s
2026-05-16 21:43:01,993 [INFO] DIMTrainer -   Epoch [6/30] Step [10/625] Loss: 0.057611
2026-05-16 21:43:03,054 [INFO] DIMTrainer -   Epoch [6/30] Step [20/625] Loss: 0.062939
2026-05-16 21:43:04,164 [INFO] DIMTrainer -   Epoch [6/30] Step [30/625] Loss: 0.068692
2026-05-16 21:43:05,238 [INFO] DIMTrainer -   Epoch [6/30] Step [40/625] Loss: 0.078688
2026-05-16 21:43:06,295 [INFO] DIMTrainer -   Epoch [6/30] Step [50/625] Loss: 0.072885
2026-05-16 21:43:07,311 [INFO] DIMTrainer -   Epoch [6/30] Step [60/625] Loss: 0.073460
2026-05-16 21:43:08,380 [INFO] DIMTrainer -   Epoch [6/30] Step [70/625] Loss: 0.076900
2026-05-16 21:43:09,417 [INFO] DIMTrainer -   Epoch [6/30] Step [80/625] Loss: 0.079016
2026-05-16 21:43:10,483 [INFO] DIMTrainer -   Epoch [6/30] Step [90/625] Loss: 0.079426
2026-05-16 21:43:11,536 [INFO] DIMTrainer -   Epoch [6/30] Step [100/625] Loss: 0.082731
2026-05-16 21:43:12,829 [INFO] DIMTrainer -   Epoch [6/30] Step [110/625] Loss: 0.082271
2026-05-16 21:43:13,850 [INFO] DIMTrainer -   Epoch [6/30] Step [120/625] Loss: 0.081173
2026-05-16 21:43:14,838 [INFO] DIMTrainer -   Epoch [6/30] Step [130/625] Loss: 0.082631
2026-05-16 21:43:15,865 [INFO] DIMTrainer -   Epoch [6/30] Step [140/625] Loss: 0.081892
2026-05-16 21:43:16,888 [INFO] DIMTrainer -   Epoch [6/30] Step [150/625] Loss: 0.081929
2026-05-16 21:43:17,830 [INFO] DIMTrainer -   Epoch [6/30] Step [160/625] Loss: 0.083555
2026-05-16 21:43:18,814 [INFO] DIMTrainer -   Epoch [6/30] Step [170/625] Loss: 0.084512
2026-05-16 21:43:19,770 [INFO] DIMTrainer -   Epoch [6/30] Step [180/625] Loss: 0.083952
2026-05-16 21:43:20,742 [INFO] DIMTrainer -   Epoch [6/30] Step [190/625] Loss: 0.082979
2026-05-16 21:43:21,755 [INFO] DIMTrainer -   Epoch [6/30] Step [200/625] Loss: 0.082017
2026-05-16 21:43:22,912 [INFO] DIMTrainer -   Epoch [6/30] Step [210/625] Loss: 0.081170
2026-05-16 21:43:24,146 [INFO] DIMTrainer -   Epoch [6/30] Step [220/625] Loss: 0.080540
2026-05-16 21:43:25,262 [INFO] DIMTrainer -   Epoch [6/30] Step [230/625] Loss: 0.081510
2026-05-16 21:43:26,306 [INFO] DIMTrainer -   Epoch [6/30] Step [240/625] Loss: 0.080283
2026-05-16 21:43:27,385 [INFO] DIMTrainer -   Epoch [6/30] Step [250/625] Loss: 0.080173
2026-05-16 21:43:28,569 [INFO] DIMTrainer -   Epoch [6/30] Step [260/625] Loss: 0.081167
2026-05-16 21:43:29,615 [INFO] DIMTrainer -   Epoch [6/30] Step [270/625] Loss: 0.081871
2026-05-16 21:43:30,671 [INFO] DIMTrainer -   Epoch [6/30] Step [280/625] Loss: 0.082335
2026-05-16 21:43:31,778 [INFO] DIMTrainer -   Epoch [6/30] Step [290/625] Loss: 0.081850
2026-05-16 21:43:32,827 [INFO] DIMTrainer -   Epoch [6/30] Step [300/625] Loss: 0.081178
2026-05-16 21:43:33,868 [INFO] DIMTrainer -   Epoch [6/30] Step [310/625] Loss: 0.081281
2026-05-16 21:43:34,935 [INFO] DIMTrainer -   Epoch [6/30] Step [320/625] Loss: 0.081589
2026-05-16 21:43:36,001 [INFO] DIMTrainer -   Epoch [6/30] Step [330/625] Loss: 0.082317
2026-05-16 21:43:36,993 [INFO] DIMTrainer -   Epoch [6/30] Step [340/625] Loss: 0.082405
2026-05-16 21:43:37,958 [INFO] DIMTrainer -   Epoch [6/30] Step [350/625] Loss: 0.081991
2026-05-16 21:43:38,968 [INFO] DIMTrainer -   Epoch [6/30] Step [360/625] Loss: 0.081882
2026-05-16 21:43:39,972 [INFO] DIMTrainer -   Epoch [6/30] Step [370/625] Loss: 0.081019
2026-05-16 21:43:40,999 [INFO] DIMTrainer -   Epoch [6/30] Step [380/625] Loss: 0.080519
2026-05-16 21:43:42,033 [INFO] DIMTrainer -   Epoch [6/30] Step [390/625] Loss: 0.080233
2026-05-16 21:43:43,080 [INFO] DIMTrainer -   Epoch [6/30] Step [400/625] Loss: 0.080157
2026-05-16 21:43:44,298 [INFO] DIMTrainer -   Epoch [6/30] Step [410/625] Loss: 0.080048
2026-05-16 21:43:45,348 [INFO] DIMTrainer -   Epoch [6/30] Step [420/625] Loss: 0.079820
2026-05-16 21:43:46,442 [INFO] DIMTrainer -   Epoch [6/30] Step [430/625] Loss: 0.079529
2026-05-16 21:43:47,652 [INFO] DIMTrainer -   Epoch [6/30] Step [440/625] Loss: 0.079276
2026-05-16 21:43:48,682 [INFO] DIMTrainer -   Epoch [6/30] Step [450/625] Loss: 0.078553
2026-05-16 21:43:49,723 [INFO] DIMTrainer -   Epoch [6/30] Step [460/625] Loss: 0.078690
2026-05-16 21:43:50,947 [INFO] DIMTrainer -   Epoch [6/30] Step [470/625] Loss: 0.081273
2026-05-16 21:43:52,057 [INFO] DIMTrainer -   Epoch [6/30] Step [480/625] Loss: 0.081793
2026-05-16 21:43:53,254 [INFO] DIMTrainer -   Epoch [6/30] Step [490/625] Loss: 0.082152
2026-05-16 21:43:54,636 [INFO] DIMTrainer -   Epoch [6/30] Step [500/625] Loss: 0.082001
2026-05-16 21:43:55,770 [INFO] DIMTrainer -   Epoch [6/30] Step [510/625] Loss: 0.081904
2026-05-16 21:43:56,938 [INFO] DIMTrainer -   Epoch [6/30] Step [520/625] Loss: 0.081792
2026-05-16 21:43:58,016 [INFO] DIMTrainer -   Epoch [6/30] Step [530/625] Loss: 0.081971
2026-05-16 21:43:59,048 [INFO] DIMTrainer -   Epoch [6/30] Step [540/625] Loss: 0.081343
2026-05-16 21:44:00,115 [INFO] DIMTrainer -   Epoch [6/30] Step [550/625] Loss: 0.080870
2026-05-16 21:44:01,277 [INFO] DIMTrainer -   Epoch [6/30] Step [560/625] Loss: 0.080207
2026-05-16 21:44:02,407 [INFO] DIMTrainer -   Epoch [6/30] Step [570/625] Loss: 0.079662
2026-05-16 21:44:03,422 [INFO] DIMTrainer -   Epoch [6/30] Step [580/625] Loss: 0.080514
2026-05-16 21:44:04,411 [INFO] DIMTrainer -   Epoch [6/30] Step [590/625] Loss: 0.080878
2026-05-16 21:44:05,378 [INFO] DIMTrainer -   Epoch [6/30] Step [600/625] Loss: 0.080625
2026-05-16 21:44:06,465 [INFO] DIMTrainer -   Epoch [6/30] Step [610/625] Loss: 0.080860
2026-05-16 21:44:07,511 [INFO] DIMTrainer -   Epoch [6/30] Step [620/625] Loss: 0.080617
2026-05-16 21:44:19,653 [INFO] DIMTrainer - Epoch   6/30 | Loss=0.080377 | HR@5=0.8445 | MAP@5=0.7587 | NDCG@5=0.7806 | Time=78.9s
2026-05-16 21:44:20,849 [INFO] DIMTrainer -   Epoch [7/30] Step [10/625] Loss: 0.073398
2026-05-16 21:44:22,213 [INFO] DIMTrainer -   Epoch [7/30] Step [20/625] Loss: 0.064022
2026-05-16 21:44:23,344 [INFO] DIMTrainer -   Epoch [7/30] Step [30/625] Loss: 0.058397
2026-05-16 21:44:24,334 [INFO] DIMTrainer -   Epoch [7/30] Step [40/625] Loss: 0.060157
2026-05-16 21:44:25,290 [INFO] DIMTrainer -   Epoch [7/30] Step [50/625] Loss: 0.062019
2026-05-16 21:44:26,296 [INFO] DIMTrainer -   Epoch [7/30] Step [60/625] Loss: 0.062895
2026-05-16 21:44:27,286 [INFO] DIMTrainer -   Epoch [7/30] Step [70/625] Loss: 0.069223
2026-05-16 21:44:28,270 [INFO] DIMTrainer -   Epoch [7/30] Step [80/625] Loss: 0.066743
2026-05-16 21:44:29,322 [INFO] DIMTrainer -   Epoch [7/30] Step [90/625] Loss: 0.068774
2026-05-16 21:44:30,310 [INFO] DIMTrainer -   Epoch [7/30] Step [100/625] Loss: 0.068894
2026-05-16 21:44:31,460 [INFO] DIMTrainer -   Epoch [7/30] Step [110/625] Loss: 0.069257
2026-05-16 21:44:32,478 [INFO] DIMTrainer -   Epoch [7/30] Step [120/625] Loss: 0.068055
2026-05-16 21:44:33,606 [INFO] DIMTrainer -   Epoch [7/30] Step [130/625] Loss: 0.066435
2026-05-16 21:44:34,845 [INFO] DIMTrainer -   Epoch [7/30] Step [140/625] Loss: 0.065081
2026-05-16 21:44:35,900 [INFO] DIMTrainer -   Epoch [7/30] Step [150/625] Loss: 0.065526
2026-05-16 21:44:36,906 [INFO] DIMTrainer -   Epoch [7/30] Step [160/625] Loss: 0.065773
2026-05-16 21:44:37,897 [INFO] DIMTrainer -   Epoch [7/30] Step [170/625] Loss: 0.064350
2026-05-16 21:44:38,928 [INFO] DIMTrainer -   Epoch [7/30] Step [180/625] Loss: 0.062898
2026-05-16 21:44:39,948 [INFO] DIMTrainer -   Epoch [7/30] Step [190/625] Loss: 0.063196
2026-05-16 21:44:40,958 [INFO] DIMTrainer -   Epoch [7/30] Step [200/625] Loss: 0.064972
2026-05-16 21:44:41,949 [INFO] DIMTrainer -   Epoch [7/30] Step [210/625] Loss: 0.065003
2026-05-16 21:44:42,838 [INFO] DIMTrainer -   Epoch [7/30] Step [220/625] Loss: 0.064659
2026-05-16 21:44:43,762 [INFO] DIMTrainer -   Epoch [7/30] Step [230/625] Loss: 0.066192
2026-05-16 21:44:44,684 [INFO] DIMTrainer -   Epoch [7/30] Step [240/625] Loss: 0.068164
2026-05-16 21:44:45,601 [INFO] DIMTrainer -   Epoch [7/30] Step [250/625] Loss: 0.069413
2026-05-16 21:44:46,512 [INFO] DIMTrainer -   Epoch [7/30] Step [260/625] Loss: 0.070238
2026-05-16 21:44:47,366 [INFO] DIMTrainer -   Epoch [7/30] Step [270/625] Loss: 0.069753
2026-05-16 21:44:48,331 [INFO] DIMTrainer -   Epoch [7/30] Step [280/625] Loss: 0.069746
2026-05-16 21:44:49,285 [INFO] DIMTrainer -   Epoch [7/30] Step [290/625] Loss: 0.068364
2026-05-16 21:44:50,259 [INFO] DIMTrainer -   Epoch [7/30] Step [300/625] Loss: 0.068448
2026-05-16 21:44:51,181 [INFO] DIMTrainer -   Epoch [7/30] Step [310/625] Loss: 0.068182
2026-05-16 21:44:52,115 [INFO] DIMTrainer -   Epoch [7/30] Step [320/625] Loss: 0.068280
2026-05-16 21:44:53,071 [INFO] DIMTrainer -   Epoch [7/30] Step [330/625] Loss: 0.069045
2026-05-16 21:44:53,991 [INFO] DIMTrainer -   Epoch [7/30] Step [340/625] Loss: 0.068954
2026-05-16 21:44:54,982 [INFO] DIMTrainer -   Epoch [7/30] Step [350/625] Loss: 0.069399
2026-05-16 21:44:55,974 [INFO] DIMTrainer -   Epoch [7/30] Step [360/625] Loss: 0.069460
2026-05-16 21:44:56,930 [INFO] DIMTrainer -   Epoch [7/30] Step [370/625] Loss: 0.068895
2026-05-16 21:44:57,881 [INFO] DIMTrainer -   Epoch [7/30] Step [380/625] Loss: 0.068897
2026-05-16 21:44:58,862 [INFO] DIMTrainer -   Epoch [7/30] Step [390/625] Loss: 0.069373
2026-05-16 21:44:59,863 [INFO] DIMTrainer -   Epoch [7/30] Step [400/625] Loss: 0.069468
2026-05-16 21:45:00,825 [INFO] DIMTrainer -   Epoch [7/30] Step [410/625] Loss: 0.070174
2026-05-16 21:45:01,747 [INFO] DIMTrainer -   Epoch [7/30] Step [420/625] Loss: 0.069891
2026-05-16 21:45:02,802 [INFO] DIMTrainer -   Epoch [7/30] Step [430/625] Loss: 0.069820
2026-05-16 21:45:03,718 [INFO] DIMTrainer -   Epoch [7/30] Step [440/625] Loss: 0.070436
2026-05-16 21:45:04,641 [INFO] DIMTrainer -   Epoch [7/30] Step [450/625] Loss: 0.070168
2026-05-16 21:45:05,557 [INFO] DIMTrainer -   Epoch [7/30] Step [460/625] Loss: 0.070100
2026-05-16 21:45:06,473 [INFO] DIMTrainer -   Epoch [7/30] Step [470/625] Loss: 0.070236
2026-05-16 21:45:07,375 [INFO] DIMTrainer -   Epoch [7/30] Step [480/625] Loss: 0.071256
2026-05-16 21:45:08,344 [INFO] DIMTrainer -   Epoch [7/30] Step [490/625] Loss: 0.072013
2026-05-16 21:45:09,293 [INFO] DIMTrainer -   Epoch [7/30] Step [500/625] Loss: 0.072259
2026-05-16 21:45:10,246 [INFO] DIMTrainer -   Epoch [7/30] Step [510/625] Loss: 0.072324
2026-05-16 21:45:11,216 [INFO] DIMTrainer -   Epoch [7/30] Step [520/625] Loss: 0.072406
2026-05-16 21:45:12,216 [INFO] DIMTrainer -   Epoch [7/30] Step [530/625] Loss: 0.072028
2026-05-16 21:45:13,232 [INFO] DIMTrainer -   Epoch [7/30] Step [540/625] Loss: 0.072188
2026-05-16 21:45:14,224 [INFO] DIMTrainer -   Epoch [7/30] Step [550/625] Loss: 0.071964
2026-05-16 21:45:15,255 [INFO] DIMTrainer -   Epoch [7/30] Step [560/625] Loss: 0.071962
2026-05-16 21:45:16,293 [INFO] DIMTrainer -   Epoch [7/30] Step [570/625] Loss: 0.071741
2026-05-16 21:45:17,337 [INFO] DIMTrainer -   Epoch [7/30] Step [580/625] Loss: 0.071065
2026-05-16 21:45:18,311 [INFO] DIMTrainer -   Epoch [7/30] Step [590/625] Loss: 0.070624
2026-05-16 21:45:19,458 [INFO] DIMTrainer -   Epoch [7/30] Step [600/625] Loss: 0.070651
2026-05-16 21:45:20,424 [INFO] DIMTrainer -   Epoch [7/30] Step [610/625] Loss: 0.070302
2026-05-16 21:45:21,457 [INFO] DIMTrainer -   Epoch [7/30] Step [620/625] Loss: 0.070430
2026-05-16 21:45:30,704 [INFO] DIMTrainer - Epoch   7/30 | Loss=0.070457 | HR@5=0.8560 | MAP@5=0.8045 | NDCG@5=0.8175 | Time=71.0s
2026-05-16 21:45:31,886 [INFO] DIMTrainer -   Epoch [8/30] Step [10/625] Loss: 0.052531
2026-05-16 21:45:32,846 [INFO] DIMTrainer -   Epoch [8/30] Step [20/625] Loss: 0.062535
2026-05-16 21:45:33,832 [INFO] DIMTrainer -   Epoch [8/30] Step [30/625] Loss: 0.061379
2026-05-16 21:45:34,782 [INFO] DIMTrainer -   Epoch [8/30] Step [40/625] Loss: 0.057329
2026-05-16 21:45:35,829 [INFO] DIMTrainer -   Epoch [8/30] Step [50/625] Loss: 0.062549
2026-05-16 21:45:36,844 [INFO] DIMTrainer -   Epoch [8/30] Step [60/625] Loss: 0.063131
2026-05-16 21:45:37,809 [INFO] DIMTrainer -   Epoch [8/30] Step [70/625] Loss: 0.068334
2026-05-16 21:45:38,720 [INFO] DIMTrainer -   Epoch [8/30] Step [80/625] Loss: 0.069704
2026-05-16 21:45:39,623 [INFO] DIMTrainer -   Epoch [8/30] Step [90/625] Loss: 0.069375
2026-05-16 21:45:40,525 [INFO] DIMTrainer -   Epoch [8/30] Step [100/625] Loss: 0.068946
2026-05-16 21:45:41,462 [INFO] DIMTrainer -   Epoch [8/30] Step [110/625] Loss: 0.072036
2026-05-16 21:45:42,468 [INFO] DIMTrainer -   Epoch [8/30] Step [120/625] Loss: 0.070432
2026-05-16 21:45:43,418 [INFO] DIMTrainer -   Epoch [8/30] Step [130/625] Loss: 0.069209
2026-05-16 21:45:44,396 [INFO] DIMTrainer -   Epoch [8/30] Step [140/625] Loss: 0.068646
2026-05-16 21:45:45,360 [INFO] DIMTrainer -   Epoch [8/30] Step [150/625] Loss: 0.066966
2026-05-16 21:45:46,340 [INFO] DIMTrainer -   Epoch [8/30] Step [160/625] Loss: 0.066922
2026-05-16 21:45:47,306 [INFO] DIMTrainer -   Epoch [8/30] Step [170/625] Loss: 0.065888
2026-05-16 21:45:48,266 [INFO] DIMTrainer -   Epoch [8/30] Step [180/625] Loss: 0.065360
2026-05-16 21:45:49,220 [INFO] DIMTrainer -   Epoch [8/30] Step [190/625] Loss: 0.064932
2026-05-16 21:45:50,280 [INFO] DIMTrainer -   Epoch [8/30] Step [200/625] Loss: 0.064939
2026-05-16 21:45:51,252 [INFO] DIMTrainer -   Epoch [8/30] Step [210/625] Loss: 0.063795
2026-05-16 21:45:52,207 [INFO] DIMTrainer -   Epoch [8/30] Step [220/625] Loss: 0.063815
2026-05-16 21:45:53,226 [INFO] DIMTrainer -   Epoch [8/30] Step [230/625] Loss: 0.063102
2026-05-16 21:45:54,187 [INFO] DIMTrainer -   Epoch [8/30] Step [240/625] Loss: 0.062490
2026-05-16 21:45:55,438 [INFO] DIMTrainer -   Epoch [8/30] Step [250/625] Loss: 0.061766
2026-05-16 21:45:56,515 [INFO] DIMTrainer -   Epoch [8/30] Step [260/625] Loss: 0.061988
2026-05-16 21:45:57,493 [INFO] DIMTrainer -   Epoch [8/30] Step [270/625] Loss: 0.061217
2026-05-16 21:45:58,458 [INFO] DIMTrainer -   Epoch [8/30] Step [280/625] Loss: 0.061106
2026-05-16 21:45:59,415 [INFO] DIMTrainer -   Epoch [8/30] Step [290/625] Loss: 0.062463
2026-05-16 21:46:00,336 [INFO] DIMTrainer -   Epoch [8/30] Step [300/625] Loss: 0.061814
2026-05-16 21:46:01,241 [INFO] DIMTrainer -   Epoch [8/30] Step [310/625] Loss: 0.061100
2026-05-16 21:46:02,281 [INFO] DIMTrainer -   Epoch [8/30] Step [320/625] Loss: 0.060909
2026-05-16 21:46:03,208 [INFO] DIMTrainer -   Epoch [8/30] Step [330/625] Loss: 0.061340
2026-05-16 21:46:04,131 [INFO] DIMTrainer -   Epoch [8/30] Step [340/625] Loss: 0.061396
2026-05-16 21:46:05,056 [INFO] DIMTrainer -   Epoch [8/30] Step [350/625] Loss: 0.060969
2026-05-16 21:46:06,047 [INFO] DIMTrainer -   Epoch [8/30] Step [360/625] Loss: 0.060464
2026-05-16 21:46:07,060 [INFO] DIMTrainer -   Epoch [8/30] Step [370/625] Loss: 0.060307
2026-05-16 21:46:08,024 [INFO] DIMTrainer -   Epoch [8/30] Step [380/625] Loss: 0.060395
2026-05-16 21:46:08,969 [INFO] DIMTrainer -   Epoch [8/30] Step [390/625] Loss: 0.060977
2026-05-16 21:46:09,951 [INFO] DIMTrainer -   Epoch [8/30] Step [400/625] Loss: 0.060829
2026-05-16 21:46:10,906 [INFO] DIMTrainer -   Epoch [8/30] Step [410/625] Loss: 0.060605
2026-05-16 21:46:11,791 [INFO] DIMTrainer -   Epoch [8/30] Step [420/625] Loss: 0.060747
2026-05-16 21:46:12,769 [INFO] DIMTrainer -   Epoch [8/30] Step [430/625] Loss: 0.060512
2026-05-16 21:46:13,727 [INFO] DIMTrainer -   Epoch [8/30] Step [440/625] Loss: 0.060648
2026-05-16 21:46:14,676 [INFO] DIMTrainer -   Epoch [8/30] Step [450/625] Loss: 0.060312
2026-05-16 21:46:15,710 [INFO] DIMTrainer -   Epoch [8/30] Step [460/625] Loss: 0.060009
2026-05-16 21:46:16,674 [INFO] DIMTrainer -   Epoch [8/30] Step [470/625] Loss: 0.059794
2026-05-16 21:46:17,559 [INFO] DIMTrainer -   Epoch [8/30] Step [480/625] Loss: 0.059667
2026-05-16 21:46:18,484 [INFO] DIMTrainer -   Epoch [8/30] Step [490/625] Loss: 0.059102
2026-05-16 21:46:19,463 [INFO] DIMTrainer -   Epoch [8/30] Step [500/625] Loss: 0.059112
2026-05-16 21:46:20,414 [INFO] DIMTrainer -   Epoch [8/30] Step [510/625] Loss: 0.059334
2026-05-16 21:46:21,389 [INFO] DIMTrainer -   Epoch [8/30] Step [520/625] Loss: 0.059220
2026-05-16 21:46:22,354 [INFO] DIMTrainer -   Epoch [8/30] Step [530/625] Loss: 0.059136
2026-05-16 21:46:23,397 [INFO] DIMTrainer -   Epoch [8/30] Step [540/625] Loss: 0.059751
2026-05-16 21:46:24,343 [INFO] DIMTrainer -   Epoch [8/30] Step [550/625] Loss: 0.059257
2026-05-16 21:46:25,239 [INFO] DIMTrainer -   Epoch [8/30] Step [560/625] Loss: 0.058714
2026-05-16 21:46:26,149 [INFO] DIMTrainer -   Epoch [8/30] Step [570/625] Loss: 0.058399
2026-05-16 21:46:27,162 [INFO] DIMTrainer -   Epoch [8/30] Step [580/625] Loss: 0.058268
2026-05-16 21:48:03,960 [INFO] DIMTrainer -   Epoch [8/30] Step [590/625] Loss: 0.057916
2026-05-16 21:48:06,218 [INFO] DIMTrainer -   Epoch [8/30] Step [600/625] Loss: 0.058116
2026-05-16 21:48:08,110 [INFO] DIMTrainer -   Epoch [8/30] Step [610/625] Loss: 0.058144
2026-05-16 21:48:09,960 [INFO] DIMTrainer -   Epoch [8/30] Step [620/625] Loss: 0.057704
2026-05-16 21:48:23,195 [INFO] DIMTrainer - Epoch   8/30 | Loss=0.057433 | HR@5=0.8690 | MAP@5=0.8264 | NDCG@5=0.8372 | Time=172.4s
2026-05-16 21:48:24,417 [INFO] DIMTrainer -   Epoch [9/30] Step [10/625] Loss: 0.051552
2026-05-16 21:48:25,444 [INFO] DIMTrainer -   Epoch [9/30] Step [20/625] Loss: 0.053701
2026-05-16 21:48:26,450 [INFO] DIMTrainer -   Epoch [9/30] Step [30/625] Loss: 0.050736
2026-05-16 21:48:27,632 [INFO] DIMTrainer -   Epoch [9/30] Step [40/625] Loss: 0.058474
2026-05-16 21:48:28,902 [INFO] DIMTrainer -   Epoch [9/30] Step [50/625] Loss: 0.063427
2026-05-16 21:48:30,109 [INFO] DIMTrainer -   Epoch [9/30] Step [60/625] Loss: 0.059179
2026-05-16 21:48:31,523 [INFO] DIMTrainer -   Epoch [9/30] Step [70/625] Loss: 0.058372
2026-05-16 21:48:33,169 [INFO] DIMTrainer -   Epoch [9/30] Step [80/625] Loss: 0.060614
2026-05-16 21:48:34,698 [INFO] DIMTrainer -   Epoch [9/30] Step [90/625] Loss: 0.058411
2026-05-16 21:48:36,080 [INFO] DIMTrainer -   Epoch [9/30] Step [100/625] Loss: 0.056372
2026-05-16 21:48:37,172 [INFO] DIMTrainer -   Epoch [9/30] Step [110/625] Loss: 0.055569
2026-05-16 21:48:38,312 [INFO] DIMTrainer -   Epoch [9/30] Step [120/625] Loss: 0.057469
2026-05-16 21:48:39,448 [INFO] DIMTrainer -   Epoch [9/30] Step [130/625] Loss: 0.055841
2026-05-16 21:48:40,583 [INFO] DIMTrainer -   Epoch [9/30] Step [140/625] Loss: 0.055252
2026-05-16 21:48:41,801 [INFO] DIMTrainer -   Epoch [9/30] Step [150/625] Loss: 0.055439
2026-05-16 21:48:42,967 [INFO] DIMTrainer -   Epoch [9/30] Step [160/625] Loss: 0.055169
2026-05-16 21:48:44,114 [INFO] DIMTrainer -   Epoch [9/30] Step [170/625] Loss: 0.054176
2026-05-16 21:48:45,248 [INFO] DIMTrainer -   Epoch [9/30] Step [180/625] Loss: 0.053691
2026-05-16 21:48:46,869 [INFO] DIMTrainer -   Epoch [9/30] Step [190/625] Loss: 0.052950
2026-05-16 21:48:48,261 [INFO] DIMTrainer -   Epoch [9/30] Step [200/625] Loss: 0.054093
2026-05-16 21:48:49,531 [INFO] DIMTrainer -   Epoch [9/30] Step [210/625] Loss: 0.054305
2026-05-16 21:48:51,015 [INFO] DIMTrainer -   Epoch [9/30] Step [220/625] Loss: 0.053760
2026-05-16 21:48:52,317 [INFO] DIMTrainer -   Epoch [9/30] Step [230/625] Loss: 0.052776
2026-05-16 21:48:53,457 [INFO] DIMTrainer -   Epoch [9/30] Step [240/625] Loss: 0.053396
2026-05-16 21:48:54,677 [INFO] DIMTrainer -   Epoch [9/30] Step [250/625] Loss: 0.053072
2026-05-16 21:48:56,214 [INFO] DIMTrainer -   Epoch [9/30] Step [260/625] Loss: 0.052547
2026-05-16 21:48:57,436 [INFO] DIMTrainer -   Epoch [9/30] Step [270/625] Loss: 0.052751
2026-05-16 21:48:58,502 [INFO] DIMTrainer -   Epoch [9/30] Step [280/625] Loss: 0.053111
2026-05-16 21:49:00,018 [INFO] DIMTrainer -   Epoch [9/30] Step [290/625] Loss: 0.053491
2026-05-16 21:49:01,583 [INFO] DIMTrainer -   Epoch [9/30] Step [300/625] Loss: 0.052894
2026-05-16 21:49:02,954 [INFO] DIMTrainer -   Epoch [9/30] Step [310/625] Loss: 0.052773
2026-05-16 21:49:04,354 [INFO] DIMTrainer -   Epoch [9/30] Step [320/625] Loss: 0.053474
2026-05-16 21:49:06,546 [INFO] DIMTrainer -   Epoch [9/30] Step [330/625] Loss: 0.052914
2026-05-16 21:49:08,583 [INFO] DIMTrainer -   Epoch [9/30] Step [340/625] Loss: 0.052816
2026-05-16 21:49:10,061 [INFO] DIMTrainer -   Epoch [9/30] Step [350/625] Loss: 0.052902
2026-05-16 21:49:11,091 [INFO] DIMTrainer -   Epoch [9/30] Step [360/625] Loss: 0.053085
2026-05-16 21:49:12,129 [INFO] DIMTrainer -   Epoch [9/30] Step [370/625] Loss: 0.053360
2026-05-16 21:49:13,316 [INFO] DIMTrainer -   Epoch [9/30] Step [380/625] Loss: 0.053296
2026-05-16 21:49:14,733 [INFO] DIMTrainer -   Epoch [9/30] Step [390/625] Loss: 0.053680
2026-05-16 21:49:16,094 [INFO] DIMTrainer -   Epoch [9/30] Step [400/625] Loss: 0.054103
2026-05-16 21:49:17,144 [INFO] DIMTrainer -   Epoch [9/30] Step [410/625] Loss: 0.053505
2026-05-16 21:49:18,205 [INFO] DIMTrainer -   Epoch [9/30] Step [420/625] Loss: 0.053826
2026-05-16 21:49:19,211 [INFO] DIMTrainer -   Epoch [9/30] Step [430/625] Loss: 0.053610
2026-05-16 21:49:20,238 [INFO] DIMTrainer -   Epoch [9/30] Step [440/625] Loss: 0.054070
2026-05-16 21:49:21,180 [INFO] DIMTrainer -   Epoch [9/30] Step [450/625] Loss: 0.053493
2026-05-16 21:49:22,265 [INFO] DIMTrainer -   Epoch [9/30] Step [460/625] Loss: 0.053523
2026-05-16 21:49:23,346 [INFO] DIMTrainer -   Epoch [9/30] Step [470/625] Loss: 0.053327
2026-05-16 21:49:24,452 [INFO] DIMTrainer -   Epoch [9/30] Step [480/625] Loss: 0.053114
2026-05-16 21:49:25,615 [INFO] DIMTrainer -   Epoch [9/30] Step [490/625] Loss: 0.053270
2026-05-16 21:49:26,579 [INFO] DIMTrainer -   Epoch [9/30] Step [500/625] Loss: 0.053426
2026-05-16 21:49:27,537 [INFO] DIMTrainer -   Epoch [9/30] Step [510/625] Loss: 0.053263
2026-05-16 21:49:28,446 [INFO] DIMTrainer -   Epoch [9/30] Step [520/625] Loss: 0.053344
2026-05-16 21:49:29,446 [INFO] DIMTrainer -   Epoch [9/30] Step [530/625] Loss: 0.053308
2026-05-16 21:49:30,380 [INFO] DIMTrainer -   Epoch [9/30] Step [540/625] Loss: 0.053167
2026-05-16 21:49:31,347 [INFO] DIMTrainer -   Epoch [9/30] Step [550/625] Loss: 0.053535
2026-05-16 21:49:32,282 [INFO] DIMTrainer -   Epoch [9/30] Step [560/625] Loss: 0.053565
2026-05-16 21:49:33,247 [INFO] DIMTrainer -   Epoch [9/30] Step [570/625] Loss: 0.053351
2026-05-16 21:49:34,310 [INFO] DIMTrainer -   Epoch [9/30] Step [580/625] Loss: 0.053093
2026-05-16 21:49:35,247 [INFO] DIMTrainer -   Epoch [9/30] Step [590/625] Loss: 0.053386
2026-05-16 21:49:36,180 [INFO] DIMTrainer -   Epoch [9/30] Step [600/625] Loss: 0.052996
2026-05-16 21:49:37,078 [INFO] DIMTrainer -   Epoch [9/30] Step [610/625] Loss: 0.052616
2026-05-16 21:49:38,002 [INFO] DIMTrainer -   Epoch [9/30] Step [620/625] Loss: 0.052159
2026-05-16 21:49:46,918 [INFO] DIMTrainer - Epoch   9/30 | Loss=0.052174 | HR@5=0.8595 | MAP@5=0.8045 | NDCG@5=0.8183 | Time=83.7s
2026-05-16 21:49:47,951 [INFO] DIMTrainer -   Epoch [10/30] Step [10/625] Loss: 0.032839
2026-05-16 21:49:48,931 [INFO] DIMTrainer -   Epoch [10/30] Step [20/625] Loss: 0.045104
2026-05-16 21:49:49,840 [INFO] DIMTrainer -   Epoch [10/30] Step [30/625] Loss: 0.055227
2026-05-16 21:49:50,850 [INFO] DIMTrainer -   Epoch [10/30] Step [40/625] Loss: 0.051178
2026-05-16 21:49:51,805 [INFO] DIMTrainer -   Epoch [10/30] Step [50/625] Loss: 0.049690
2026-05-16 21:49:52,727 [INFO] DIMTrainer -   Epoch [10/30] Step [60/625] Loss: 0.044033
2026-05-16 21:49:53,617 [INFO] DIMTrainer -   Epoch [10/30] Step [70/625] Loss: 0.045813
2026-05-16 21:49:54,553 [INFO] DIMTrainer -   Epoch [10/30] Step [80/625] Loss: 0.048462
2026-05-16 21:49:55,440 [INFO] DIMTrainer -   Epoch [10/30] Step [90/625] Loss: 0.048977
2026-05-16 21:49:56,363 [INFO] DIMTrainer -   Epoch [10/30] Step [100/625] Loss: 0.048385
2026-05-16 21:49:57,295 [INFO] DIMTrainer -   Epoch [10/30] Step [110/625] Loss: 0.048074
2026-05-16 21:49:58,348 [INFO] DIMTrainer -   Epoch [10/30] Step [120/625] Loss: 0.049568
2026-05-16 21:49:59,370 [INFO] DIMTrainer -   Epoch [10/30] Step [130/625] Loss: 0.049499
2026-05-16 21:50:00,356 [INFO] DIMTrainer -   Epoch [10/30] Step [140/625] Loss: 0.048729
2026-05-16 21:50:01,320 [INFO] DIMTrainer -   Epoch [10/30] Step [150/625] Loss: 0.047266
2026-05-16 21:50:02,286 [INFO] DIMTrainer -   Epoch [10/30] Step [160/625] Loss: 0.048252
2026-05-16 21:50:03,287 [INFO] DIMTrainer -   Epoch [10/30] Step [170/625] Loss: 0.049880
2026-05-16 21:50:04,322 [INFO] DIMTrainer -   Epoch [10/30] Step [180/625] Loss: 0.050584
2026-05-16 21:50:05,278 [INFO] DIMTrainer -   Epoch [10/30] Step [190/625] Loss: 0.051339
2026-05-16 21:50:06,192 [INFO] DIMTrainer -   Epoch [10/30] Step [200/625] Loss: 0.052070
2026-05-16 21:50:07,162 [INFO] DIMTrainer -   Epoch [10/30] Step [210/625] Loss: 0.051284
2026-05-16 21:50:08,127 [INFO] DIMTrainer -   Epoch [10/30] Step [220/625] Loss: 0.050770
2026-05-16 21:50:09,108 [INFO] DIMTrainer -   Epoch [10/30] Step [230/625] Loss: 0.050347
2026-05-16 21:50:10,112 [INFO] DIMTrainer -   Epoch [10/30] Step [240/625] Loss: 0.049555
2026-05-16 21:50:11,063 [INFO] DIMTrainer -   Epoch [10/30] Step [250/625] Loss: 0.049888
2026-05-16 21:50:12,117 [INFO] DIMTrainer -   Epoch [10/30] Step [260/625] Loss: 0.049564
2026-05-16 21:50:13,130 [INFO] DIMTrainer -   Epoch [10/30] Step [270/625] Loss: 0.049012
2026-05-16 21:50:14,345 [INFO] DIMTrainer -   Epoch [10/30] Step [280/625] Loss: 0.048037
2026-05-16 21:50:15,482 [INFO] DIMTrainer -   Epoch [10/30] Step [290/625] Loss: 0.047705
2026-05-16 21:50:16,513 [INFO] DIMTrainer -   Epoch [10/30] Step [300/625] Loss: 0.048678
2026-05-16 21:50:17,509 [INFO] DIMTrainer -   Epoch [10/30] Step [310/625] Loss: 0.048898
2026-05-16 21:50:18,504 [INFO] DIMTrainer -   Epoch [10/30] Step [320/625] Loss: 0.049450
2026-05-16 21:50:19,568 [INFO] DIMTrainer -   Epoch [10/30] Step [330/625] Loss: 0.051391
2026-05-16 21:50:20,588 [INFO] DIMTrainer -   Epoch [10/30] Step [340/625] Loss: 0.051833
2026-05-16 21:50:21,636 [INFO] DIMTrainer -   Epoch [10/30] Step [350/625] Loss: 0.051490
2026-05-16 21:50:22,592 [INFO] DIMTrainer -   Epoch [10/30] Step [360/625] Loss: 0.050874
2026-05-16 21:50:23,512 [INFO] DIMTrainer -   Epoch [10/30] Step [370/625] Loss: 0.050556
2026-05-16 21:50:24,415 [INFO] DIMTrainer -   Epoch [10/30] Step [380/625] Loss: 0.050450
2026-05-16 21:50:25,331 [INFO] DIMTrainer -   Epoch [10/30] Step [390/625] Loss: 0.050880
2026-05-16 21:50:26,259 [INFO] DIMTrainer -   Epoch [10/30] Step [400/625] Loss: 0.050761
2026-05-16 21:50:27,255 [INFO] DIMTrainer -   Epoch [10/30] Step [410/625] Loss: 0.050895
2026-05-16 21:50:28,281 [INFO] DIMTrainer -   Epoch [10/30] Step [420/625] Loss: 0.050605
2026-05-16 21:50:29,210 [INFO] DIMTrainer -   Epoch [10/30] Step [430/625] Loss: 0.050609
2026-05-16 21:50:30,199 [INFO] DIMTrainer -   Epoch [10/30] Step [440/625] Loss: 0.050473
2026-05-16 21:50:31,132 [INFO] DIMTrainer -   Epoch [10/30] Step [450/625] Loss: 0.051329
2026-05-16 21:50:32,029 [INFO] DIMTrainer -   Epoch [10/30] Step [460/625] Loss: 0.051181
2026-05-16 21:50:32,917 [INFO] DIMTrainer -   Epoch [10/30] Step [470/625] Loss: 0.051282
2026-05-16 21:50:33,827 [INFO] DIMTrainer -   Epoch [10/30] Step [480/625] Loss: 0.051414
2026-05-16 21:50:34,737 [INFO] DIMTrainer -   Epoch [10/30] Step [490/625] Loss: 0.051357
2026-05-16 21:50:35,647 [INFO] DIMTrainer -   Epoch [10/30] Step [500/625] Loss: 0.050959
2026-05-16 21:50:36,544 [INFO] DIMTrainer -   Epoch [10/30] Step [510/625] Loss: 0.050713
2026-05-16 21:50:37,477 [INFO] DIMTrainer -   Epoch [10/30] Step [520/625] Loss: 0.050534
2026-05-16 21:50:38,415 [INFO] DIMTrainer -   Epoch [10/30] Step [530/625] Loss: 0.050299
2026-05-16 21:50:39,359 [INFO] DIMTrainer -   Epoch [10/30] Step [540/625] Loss: 0.050014
2026-05-16 21:50:40,457 [INFO] DIMTrainer -   Epoch [10/30] Step [550/625] Loss: 0.049991
2026-05-16 21:50:41,417 [INFO] DIMTrainer -   Epoch [10/30] Step [560/625] Loss: 0.049946
2026-05-16 21:50:42,378 [INFO] DIMTrainer -   Epoch [10/30] Step [570/625] Loss: 0.049416
2026-05-16 21:50:43,347 [INFO] DIMTrainer -   Epoch [10/30] Step [580/625] Loss: 0.049314
2026-05-16 21:50:44,365 [INFO] DIMTrainer -   Epoch [10/30] Step [590/625] Loss: 0.049101
2026-05-16 21:50:45,331 [INFO] DIMTrainer -   Epoch [10/30] Step [600/625] Loss: 0.049454
2026-05-16 21:50:46,245 [INFO] DIMTrainer -   Epoch [10/30] Step [610/625] Loss: 0.049162
2026-05-16 21:50:47,194 [INFO] DIMTrainer -   Epoch [10/30] Step [620/625] Loss: 0.048956
2026-05-16 21:50:56,257 [INFO] DIMTrainer - Epoch  10/30 | Loss=0.048946 | HR@5=0.8755 | MAP@5=0.8207 | NDCG@5=0.8346 | Time=69.3s
2026-05-16 21:50:57,265 [INFO] DIMTrainer -   Epoch [11/30] Step [10/625] Loss: 0.033333
2026-05-16 21:50:58,205 [INFO] DIMTrainer -   Epoch [11/30] Step [20/625] Loss: 0.032759
2026-05-16 21:50:59,136 [INFO] DIMTrainer -   Epoch [11/30] Step [30/625] Loss: 0.034443
2026-05-16 21:51:00,088 [INFO] DIMTrainer -   Epoch [11/30] Step [40/625] Loss: 0.028323
2026-05-16 21:51:01,124 [INFO] DIMTrainer -   Epoch [11/30] Step [50/625] Loss: 0.030745
2026-05-16 21:51:02,096 [INFO] DIMTrainer -   Epoch [11/30] Step [60/625] Loss: 0.030460
2026-05-16 21:51:03,035 [INFO] DIMTrainer -   Epoch [11/30] Step [70/625] Loss: 0.032099
2026-05-16 21:51:04,323 [INFO] DIMTrainer -   Epoch [11/30] Step [80/625] Loss: 0.033455
2026-05-16 21:51:05,609 [INFO] DIMTrainer -   Epoch [11/30] Step [90/625] Loss: 0.035528
2026-05-16 21:51:06,747 [INFO] DIMTrainer -   Epoch [11/30] Step [100/625] Loss: 0.036577
2026-05-16 21:51:08,307 [INFO] DIMTrainer -   Epoch [11/30] Step [110/625] Loss: 0.038488
2026-05-16 21:51:09,543 [INFO] DIMTrainer -   Epoch [11/30] Step [120/625] Loss: 0.038346
2026-05-16 21:51:10,793 [INFO] DIMTrainer -   Epoch [11/30] Step [130/625] Loss: 0.038604
2026-05-16 21:51:11,792 [INFO] DIMTrainer -   Epoch [11/30] Step [140/625] Loss: 0.037171
2026-05-16 21:51:12,846 [INFO] DIMTrainer -   Epoch [11/30] Step [150/625] Loss: 0.037731
2026-05-16 21:51:13,816 [INFO] DIMTrainer -   Epoch [11/30] Step [160/625] Loss: 0.038113
2026-05-16 21:51:14,796 [INFO] DIMTrainer -   Epoch [11/30] Step [170/625] Loss: 0.039068
2026-05-16 21:51:15,969 [INFO] DIMTrainer -   Epoch [11/30] Step [180/625] Loss: 0.038361
2026-05-16 21:51:16,989 [INFO] DIMTrainer -   Epoch [11/30] Step [190/625] Loss: 0.038812
2026-05-16 21:51:17,984 [INFO] DIMTrainer -   Epoch [11/30] Step [200/625] Loss: 0.038958
2026-05-16 21:51:18,990 [INFO] DIMTrainer -   Epoch [11/30] Step [210/625] Loss: 0.040094
2026-05-16 21:51:19,998 [INFO] DIMTrainer -   Epoch [11/30] Step [220/625] Loss: 0.040602
2026-05-16 21:51:21,005 [INFO] DIMTrainer -   Epoch [11/30] Step [230/625] Loss: 0.040556
2026-05-16 21:51:22,112 [INFO] DIMTrainer -   Epoch [11/30] Step [240/625] Loss: 0.042272
2026-05-16 21:51:23,181 [INFO] DIMTrainer -   Epoch [11/30] Step [250/625] Loss: 0.041858
2026-05-16 21:51:24,238 [INFO] DIMTrainer -   Epoch [11/30] Step [260/625] Loss: 0.041612
2026-05-16 21:51:25,315 [INFO] DIMTrainer -   Epoch [11/30] Step [270/625] Loss: 0.042141
2026-05-16 21:51:26,299 [INFO] DIMTrainer -   Epoch [11/30] Step [280/625] Loss: 0.042835
2026-05-16 21:51:27,291 [INFO] DIMTrainer -   Epoch [11/30] Step [290/625] Loss: 0.042964
2026-05-16 21:51:28,267 [INFO] DIMTrainer -   Epoch [11/30] Step [300/625] Loss: 0.042568
2026-05-16 21:51:29,254 [INFO] DIMTrainer -   Epoch [11/30] Step [310/625] Loss: 0.042287
2026-05-16 21:51:30,188 [INFO] DIMTrainer -   Epoch [11/30] Step [320/625] Loss: 0.042738
2026-05-16 21:51:31,161 [INFO] DIMTrainer -   Epoch [11/30] Step [330/625] Loss: 0.042808
2026-05-16 21:51:32,122 [INFO] DIMTrainer -   Epoch [11/30] Step [340/625] Loss: 0.042583
2026-05-16 21:51:33,138 [INFO] DIMTrainer -   Epoch [11/30] Step [350/625] Loss: 0.042619
2026-05-16 21:51:34,200 [INFO] DIMTrainer -   Epoch [11/30] Step [360/625] Loss: 0.042482
2026-05-16 21:51:35,173 [INFO] DIMTrainer -   Epoch [11/30] Step [370/625] Loss: 0.042600
2026-05-16 21:51:36,187 [INFO] DIMTrainer -   Epoch [11/30] Step [380/625] Loss: 0.042675
2026-05-16 21:51:37,158 [INFO] DIMTrainer -   Epoch [11/30] Step [390/625] Loss: 0.043136
2026-05-16 21:51:38,108 [INFO] DIMTrainer -   Epoch [11/30] Step [400/625] Loss: 0.043796
2026-05-16 21:51:39,033 [INFO] DIMTrainer -   Epoch [11/30] Step [410/625] Loss: 0.043527
2026-05-16 21:51:39,972 [INFO] DIMTrainer -   Epoch [11/30] Step [420/625] Loss: 0.043303
2026-05-16 21:51:40,964 [INFO] DIMTrainer -   Epoch [11/30] Step [430/625] Loss: 0.043619
2026-05-16 21:51:41,962 [INFO] DIMTrainer -   Epoch [11/30] Step [440/625] Loss: 0.044203
2026-05-16 21:51:42,896 [INFO] DIMTrainer -   Epoch [11/30] Step [450/625] Loss: 0.043787
2026-05-16 21:51:43,845 [INFO] DIMTrainer -   Epoch [11/30] Step [460/625] Loss: 0.043525
2026-05-16 21:51:44,830 [INFO] DIMTrainer -   Epoch [11/30] Step [470/625] Loss: 0.043519
2026-05-16 21:51:45,829 [INFO] DIMTrainer -   Epoch [11/30] Step [480/625] Loss: 0.042980
2026-05-16 21:51:46,801 [INFO] DIMTrainer -   Epoch [11/30] Step [490/625] Loss: 0.042782
2026-05-16 21:51:47,773 [INFO] DIMTrainer -   Epoch [11/30] Step [500/625] Loss: 0.042386
2026-05-16 21:51:48,749 [INFO] DIMTrainer -   Epoch [11/30] Step [510/625] Loss: 0.042192
2026-05-16 21:51:49,745 [INFO] DIMTrainer -   Epoch [11/30] Step [520/625] Loss: 0.041835
2026-05-16 21:51:50,720 [INFO] DIMTrainer -   Epoch [11/30] Step [530/625] Loss: 0.041734
2026-05-16 21:51:51,725 [INFO] DIMTrainer -   Epoch [11/30] Step [540/625] Loss: 0.041813
2026-05-16 21:51:52,803 [INFO] DIMTrainer -   Epoch [11/30] Step [550/625] Loss: 0.042204
2026-05-16 21:51:53,767 [INFO] DIMTrainer -   Epoch [11/30] Step [560/625] Loss: 0.042747
2026-05-16 21:51:54,700 [INFO] DIMTrainer -   Epoch [11/30] Step [570/625] Loss: 0.043091
2026-05-16 21:51:55,605 [INFO] DIMTrainer -   Epoch [11/30] Step [580/625] Loss: 0.042892
2026-05-16 21:51:56,511 [INFO] DIMTrainer -   Epoch [11/30] Step [590/625] Loss: 0.042891
2026-05-16 21:51:57,433 [INFO] DIMTrainer -   Epoch [11/30] Step [600/625] Loss: 0.042889
2026-05-16 21:51:58,350 [INFO] DIMTrainer -   Epoch [11/30] Step [610/625] Loss: 0.043674
2026-05-16 21:51:59,242 [INFO] DIMTrainer -   Epoch [11/30] Step [620/625] Loss: 0.043642
2026-05-16 21:52:08,098 [INFO] DIMTrainer - Epoch  11/30 | Loss=0.043533 | HR@5=0.9035 | MAP@5=0.8650 | NDCG@5=0.8749 | Time=71.8s
2026-05-16 21:52:09,228 [INFO] DIMTrainer -   Epoch [12/30] Step [10/625] Loss: 0.027741
2026-05-16 21:52:10,154 [INFO] DIMTrainer -   Epoch [12/30] Step [20/625] Loss: 0.029977
2026-05-16 21:52:11,055 [INFO] DIMTrainer -   Epoch [12/30] Step [30/625] Loss: 0.027808
2026-05-16 21:52:11,994 [INFO] DIMTrainer -   Epoch [12/30] Step [40/625] Loss: 0.026613
2026-05-16 21:52:12,907 [INFO] DIMTrainer -   Epoch [12/30] Step [50/625] Loss: 0.028441
2026-05-16 21:52:13,841 [INFO] DIMTrainer -   Epoch [12/30] Step [60/625] Loss: 0.031688
2026-05-16 21:52:14,749 [INFO] DIMTrainer -   Epoch [12/30] Step [70/625] Loss: 0.032523
2026-05-16 21:52:15,698 [INFO] DIMTrainer -   Epoch [12/30] Step [80/625] Loss: 0.035320
2026-05-16 21:52:16,675 [INFO] DIMTrainer -   Epoch [12/30] Step [90/625] Loss: 0.035143
2026-05-16 21:52:17,618 [INFO] DIMTrainer -   Epoch [12/30] Step [100/625] Loss: 0.034336
2026-05-16 21:52:18,571 [INFO] DIMTrainer -   Epoch [12/30] Step [110/625] Loss: 0.036620
2026-05-16 21:52:19,565 [INFO] DIMTrainer -   Epoch [12/30] Step [120/625] Loss: 0.037539
2026-05-16 21:52:20,517 [INFO] DIMTrainer -   Epoch [12/30] Step [130/625] Loss: 0.038741
2026-05-16 21:52:21,474 [INFO] DIMTrainer -   Epoch [12/30] Step [140/625] Loss: 0.039035
2026-05-16 21:52:22,536 [INFO] DIMTrainer -   Epoch [12/30] Step [150/625] Loss: 0.039584
2026-05-16 21:52:23,481 [INFO] DIMTrainer -   Epoch [12/30] Step [160/625] Loss: 0.040126
2026-05-16 21:52:24,611 [INFO] DIMTrainer -   Epoch [12/30] Step [170/625] Loss: 0.043405
2026-05-16 21:52:25,689 [INFO] DIMTrainer -   Epoch [12/30] Step [180/625] Loss: 0.043763
2026-05-16 21:52:26,629 [INFO] DIMTrainer -   Epoch [12/30] Step [190/625] Loss: 0.043659
2026-05-16 21:52:27,583 [INFO] DIMTrainer -   Epoch [12/30] Step [200/625] Loss: 0.043901
2026-05-16 21:52:28,540 [INFO] DIMTrainer -   Epoch [12/30] Step [210/625] Loss: 0.044090
2026-05-16 21:52:29,494 [INFO] DIMTrainer -   Epoch [12/30] Step [220/625] Loss: 0.044058
2026-05-16 21:52:30,462 [INFO] DIMTrainer -   Epoch [12/30] Step [230/625] Loss: 0.043655
2026-05-16 21:52:31,476 [INFO] DIMTrainer -   Epoch [12/30] Step [240/625] Loss: 0.044399
2026-05-16 21:52:32,602 [INFO] DIMTrainer -   Epoch [12/30] Step [250/625] Loss: 0.044760
2026-05-16 21:52:33,617 [INFO] DIMTrainer -   Epoch [12/30] Step [260/625] Loss: 0.044436
2026-05-16 21:52:34,544 [INFO] DIMTrainer -   Epoch [12/30] Step [270/625] Loss: 0.044577
2026-05-16 21:52:35,507 [INFO] DIMTrainer -   Epoch [12/30] Step [280/625] Loss: 0.044809
2026-05-16 21:52:36,373 [INFO] DIMTrainer -   Epoch [12/30] Step [290/625] Loss: 0.044944
2026-05-16 21:52:37,438 [INFO] DIMTrainer -   Epoch [12/30] Step [300/625] Loss: 0.044675
2026-05-16 21:52:38,384 [INFO] DIMTrainer -   Epoch [12/30] Step [310/625] Loss: 0.044697
2026-05-16 21:52:39,349 [INFO] DIMTrainer -   Epoch [12/30] Step [320/625] Loss: 0.044544
2026-05-16 21:52:40,338 [INFO] DIMTrainer -   Epoch [12/30] Step [330/625] Loss: 0.044182
2026-05-16 21:52:41,340 [INFO] DIMTrainer -   Epoch [12/30] Step [340/625] Loss: 0.043525
2026-05-16 21:52:42,253 [INFO] DIMTrainer -   Epoch [12/30] Step [350/625] Loss: 0.043530
2026-05-16 21:52:43,242 [INFO] DIMTrainer -   Epoch [12/30] Step [360/625] Loss: 0.043373
2026-05-16 21:52:44,240 [INFO] DIMTrainer -   Epoch [12/30] Step [370/625] Loss: 0.043713
2026-05-16 21:52:45,209 [INFO] DIMTrainer -   Epoch [12/30] Step [380/625] Loss: 0.043160
2026-05-16 21:52:46,174 [INFO] DIMTrainer -   Epoch [12/30] Step [390/625] Loss: 0.042580
2026-05-16 21:52:47,128 [INFO] DIMTrainer -   Epoch [12/30] Step [400/625] Loss: 0.042272
2026-05-16 21:52:48,186 [INFO] DIMTrainer -   Epoch [12/30] Step [410/625] Loss: 0.041800
2026-05-16 21:52:49,222 [INFO] DIMTrainer -   Epoch [12/30] Step [420/625] Loss: 0.041793
2026-05-16 21:52:50,140 [INFO] DIMTrainer -   Epoch [12/30] Step [430/625] Loss: 0.041624
2026-05-16 21:52:51,121 [INFO] DIMTrainer -   Epoch [12/30] Step [440/625] Loss: 0.041587
2026-05-16 21:52:52,135 [INFO] DIMTrainer -   Epoch [12/30] Step [450/625] Loss: 0.041497
2026-05-16 21:52:53,049 [INFO] DIMTrainer -   Epoch [12/30] Step [460/625] Loss: 0.041281
2026-05-16 21:52:53,975 [INFO] DIMTrainer -   Epoch [12/30] Step [470/625] Loss: 0.040756
2026-05-16 21:52:54,894 [INFO] DIMTrainer -   Epoch [12/30] Step [480/625] Loss: 0.040708
2026-05-16 21:52:55,831 [INFO] DIMTrainer -   Epoch [12/30] Step [490/625] Loss: 0.040104
2026-05-16 21:52:56,740 [INFO] DIMTrainer -   Epoch [12/30] Step [500/625] Loss: 0.039591
2026-05-16 21:52:57,664 [INFO] DIMTrainer -   Epoch [12/30] Step [510/625] Loss: 0.039292
2026-05-16 21:52:58,629 [INFO] DIMTrainer -   Epoch [12/30] Step [520/625] Loss: 0.039215
2026-05-16 21:52:59,592 [INFO] DIMTrainer -   Epoch [12/30] Step [530/625] Loss: 0.038932
2026-05-16 21:53:00,540 [INFO] DIMTrainer -   Epoch [12/30] Step [540/625] Loss: 0.039389
2026-05-16 21:53:01,527 [INFO] DIMTrainer -   Epoch [12/30] Step [550/625] Loss: 0.039283
2026-05-16 21:53:02,497 [INFO] DIMTrainer -   Epoch [12/30] Step [560/625] Loss: 0.039021
2026-05-16 21:53:03,452 [INFO] DIMTrainer -   Epoch [12/30] Step [570/625] Loss: 0.038624
2026-05-16 21:53:04,535 [INFO] DIMTrainer -   Epoch [12/30] Step [580/625] Loss: 0.039088
2026-05-16 21:53:05,621 [INFO] DIMTrainer -   Epoch [12/30] Step [590/625] Loss: 0.038892
2026-05-16 21:53:06,582 [INFO] DIMTrainer -   Epoch [12/30] Step [600/625] Loss: 0.038687
2026-05-16 21:53:07,567 [INFO] DIMTrainer -   Epoch [12/30] Step [610/625] Loss: 0.038442
2026-05-16 21:53:08,557 [INFO] DIMTrainer -   Epoch [12/30] Step [620/625] Loss: 0.038471
2026-05-16 21:53:17,601 [INFO] DIMTrainer - Epoch  12/30 | Loss=0.038321 | HR@5=0.8855 | MAP@5=0.8270 | NDCG@5=0.8418 | Time=69.4s
2026-05-16 21:53:18,649 [INFO] DIMTrainer -   Epoch [13/30] Step [10/625] Loss: 0.018992
2026-05-16 21:53:19,601 [INFO] DIMTrainer -   Epoch [13/30] Step [20/625] Loss: 0.023567
2026-05-16 21:53:20,583 [INFO] DIMTrainer -   Epoch [13/30] Step [30/625] Loss: 0.028658
2026-05-16 21:53:21,549 [INFO] DIMTrainer -   Epoch [13/30] Step [40/625] Loss: 0.027607
2026-05-16 21:53:22,489 [INFO] DIMTrainer -   Epoch [13/30] Step [50/625] Loss: 0.033183
2026-05-16 21:53:23,478 [INFO] DIMTrainer -   Epoch [13/30] Step [60/625] Loss: 0.033233
2026-05-16 21:53:24,461 [INFO] DIMTrainer -   Epoch [13/30] Step [70/625] Loss: 0.035557
2026-05-16 21:53:25,425 [INFO] DIMTrainer -   Epoch [13/30] Step [80/625] Loss: 0.036710
2026-05-16 21:53:26,412 [INFO] DIMTrainer -   Epoch [13/30] Step [90/625] Loss: 0.036638
2026-05-16 21:53:27,453 [INFO] DIMTrainer -   Epoch [13/30] Step [100/625] Loss: 0.037043
2026-05-16 21:53:28,498 [INFO] DIMTrainer -   Epoch [13/30] Step [110/625] Loss: 0.037530
2026-05-16 21:53:29,551 [INFO] DIMTrainer -   Epoch [13/30] Step [120/625] Loss: 0.035981
2026-05-16 21:53:30,454 [INFO] DIMTrainer -   Epoch [13/30] Step [130/625] Loss: 0.035473
2026-05-16 21:53:31,393 [INFO] DIMTrainer -   Epoch [13/30] Step [140/625] Loss: 0.034058
2026-05-16 21:53:32,327 [INFO] DIMTrainer -   Epoch [13/30] Step [150/625] Loss: 0.033624
2026-05-16 21:53:33,229 [INFO] DIMTrainer -   Epoch [13/30] Step [160/625] Loss: 0.033590
2026-05-16 21:53:34,163 [INFO] DIMTrainer -   Epoch [13/30] Step [170/625] Loss: 0.035080
2026-05-16 21:53:35,181 [INFO] DIMTrainer -   Epoch [13/30] Step [180/625] Loss: 0.036390
2026-05-16 21:53:36,133 [INFO] DIMTrainer -   Epoch [13/30] Step [190/625] Loss: 0.035961
2026-05-16 21:53:37,134 [INFO] DIMTrainer -   Epoch [13/30] Step [200/625] Loss: 0.035558
2026-05-16 21:53:38,077 [INFO] DIMTrainer -   Epoch [13/30] Step [210/625] Loss: 0.035890
2026-05-16 21:53:39,053 [INFO] DIMTrainer -   Epoch [13/30] Step [220/625] Loss: 0.036067
2026-05-16 21:53:40,026 [INFO] DIMTrainer -   Epoch [13/30] Step [230/625] Loss: 0.036063
2026-05-16 21:53:40,954 [INFO] DIMTrainer -   Epoch [13/30] Step [240/625] Loss: 0.037006
2026-05-16 21:53:41,953 [INFO] DIMTrainer -   Epoch [13/30] Step [250/625] Loss: 0.036699
2026-05-16 21:53:42,957 [INFO] DIMTrainer -   Epoch [13/30] Step [260/625] Loss: 0.036625
2026-05-16 21:53:43,905 [INFO] DIMTrainer -   Epoch [13/30] Step [270/625] Loss: 0.035586
2026-05-16 21:53:44,925 [INFO] DIMTrainer -   Epoch [13/30] Step [280/625] Loss: 0.034989
2026-05-16 21:53:45,938 [INFO] DIMTrainer -   Epoch [13/30] Step [290/625] Loss: 0.034723
2026-05-16 21:53:46,895 [INFO] DIMTrainer -   Epoch [13/30] Step [300/625] Loss: 0.034474
2026-05-16 21:53:47,831 [INFO] DIMTrainer -   Epoch [13/30] Step [310/625] Loss: 0.034919
2026-05-16 21:53:48,765 [INFO] DIMTrainer -   Epoch [13/30] Step [320/625] Loss: 0.034604
2026-05-16 21:53:49,784 [INFO] DIMTrainer -   Epoch [13/30] Step [330/625] Loss: 0.034264
2026-05-16 21:53:50,699 [INFO] DIMTrainer -   Epoch [13/30] Step [340/625] Loss: 0.033588
2026-05-16 21:53:51,629 [INFO] DIMTrainer -   Epoch [13/30] Step [350/625] Loss: 0.033955
2026-05-16 21:53:52,565 [INFO] DIMTrainer -   Epoch [13/30] Step [360/625] Loss: 0.033872
2026-05-16 21:53:53,470 [INFO] DIMTrainer -   Epoch [13/30] Step [370/625] Loss: 0.033934
2026-05-16 21:53:54,397 [INFO] DIMTrainer -   Epoch [13/30] Step [380/625] Loss: 0.034044
2026-05-16 21:53:55,321 [INFO] DIMTrainer -   Epoch [13/30] Step [390/625] Loss: 0.034177
2026-05-16 21:53:56,254 [INFO] DIMTrainer -   Epoch [13/30] Step [400/625] Loss: 0.034119
2026-05-16 21:53:57,248 [INFO] DIMTrainer -   Epoch [13/30] Step [410/625] Loss: 0.033908
2026-05-16 21:53:58,230 [INFO] DIMTrainer -   Epoch [13/30] Step [420/625] Loss: 0.033364
2026-05-16 21:53:59,194 [INFO] DIMTrainer -   Epoch [13/30] Step [430/625] Loss: 0.032890
2026-05-16 21:54:00,196 [INFO] DIMTrainer -   Epoch [13/30] Step [440/625] Loss: 0.032775
2026-05-16 21:54:01,172 [INFO] DIMTrainer -   Epoch [13/30] Step [450/625] Loss: 0.033059
2026-05-16 21:54:02,164 [INFO] DIMTrainer -   Epoch [13/30] Step [460/625] Loss: 0.032802
2026-05-16 21:54:03,118 [INFO] DIMTrainer -   Epoch [13/30] Step [470/625] Loss: 0.033409
2026-05-16 21:54:04,170 [INFO] DIMTrainer -   Epoch [13/30] Step [480/625] Loss: 0.033652
2026-05-16 21:54:05,131 [INFO] DIMTrainer -   Epoch [13/30] Step [490/625] Loss: 0.033275
2026-05-16 21:54:06,272 [INFO] DIMTrainer -   Epoch [13/30] Step [500/625] Loss: 0.033008
2026-05-16 21:54:07,555 [INFO] DIMTrainer -   Epoch [13/30] Step [510/625] Loss: 0.033077
2026-05-16 21:54:09,186 [INFO] DIMTrainer -   Epoch [13/30] Step [520/625] Loss: 0.033215
2026-05-16 21:54:10,477 [INFO] DIMTrainer -   Epoch [13/30] Step [530/625] Loss: 0.033557
2026-05-16 21:54:11,689 [INFO] DIMTrainer -   Epoch [13/30] Step [540/625] Loss: 0.033564
2026-05-16 21:54:12,727 [INFO] DIMTrainer -   Epoch [13/30] Step [550/625] Loss: 0.033690
2026-05-16 21:54:13,707 [INFO] DIMTrainer -   Epoch [13/30] Step [560/625] Loss: 0.034065
2026-05-16 21:54:14,713 [INFO] DIMTrainer -   Epoch [13/30] Step [570/625] Loss: 0.034215
2026-05-16 21:54:15,709 [INFO] DIMTrainer -   Epoch [13/30] Step [580/625] Loss: 0.034397
2026-05-16 21:54:16,787 [INFO] DIMTrainer -   Epoch [13/30] Step [590/625] Loss: 0.034405
2026-05-16 21:54:17,771 [INFO] DIMTrainer -   Epoch [13/30] Step [600/625] Loss: 0.034503
2026-05-16 21:54:18,743 [INFO] DIMTrainer -   Epoch [13/30] Step [610/625] Loss: 0.034448
2026-05-16 21:54:19,708 [INFO] DIMTrainer -   Epoch [13/30] Step [620/625] Loss: 0.034711
2026-05-16 21:54:29,923 [INFO] DIMTrainer - Epoch  13/30 | Loss=0.034605 | HR@5=0.8985 | MAP@5=0.8499 | NDCG@5=0.8622 | Time=72.3s
2026-05-16 21:54:31,035 [INFO] DIMTrainer -   Epoch [14/30] Step [10/625] Loss: 0.045053
2026-05-16 21:54:32,038 [INFO] DIMTrainer -   Epoch [14/30] Step [20/625] Loss: 0.041544
2026-05-16 21:54:33,000 [INFO] DIMTrainer -   Epoch [14/30] Step [30/625] Loss: 0.033992
2026-05-16 21:54:34,098 [INFO] DIMTrainer -   Epoch [14/30] Step [40/625] Loss: 0.032550
2026-05-16 21:54:35,144 [INFO] DIMTrainer -   Epoch [14/30] Step [50/625] Loss: 0.032037
2026-05-16 21:54:36,198 [INFO] DIMTrainer -   Epoch [14/30] Step [60/625] Loss: 0.032548
2026-05-16 21:54:37,291 [INFO] DIMTrainer -   Epoch [14/30] Step [70/625] Loss: 0.030974
2026-05-16 21:54:38,358 [INFO] DIMTrainer -   Epoch [14/30] Step [80/625] Loss: 0.033459
2026-05-16 21:54:39,386 [INFO] DIMTrainer -   Epoch [14/30] Step [90/625] Loss: 0.033626
2026-05-16 21:54:40,433 [INFO] DIMTrainer -   Epoch [14/30] Step [100/625] Loss: 0.032952
2026-05-16 21:54:41,485 [INFO] DIMTrainer -   Epoch [14/30] Step [110/625] Loss: 0.032427
2026-05-16 21:54:42,532 [INFO] DIMTrainer -   Epoch [14/30] Step [120/625] Loss: 0.031640
2026-05-16 21:54:43,550 [INFO] DIMTrainer -   Epoch [14/30] Step [130/625] Loss: 0.031664
2026-05-16 21:54:44,684 [INFO] DIMTrainer -   Epoch [14/30] Step [140/625] Loss: 0.031588
2026-05-16 21:54:45,710 [INFO] DIMTrainer -   Epoch [14/30] Step [150/625] Loss: 0.031923
2026-05-16 21:54:46,779 [INFO] DIMTrainer -   Epoch [14/30] Step [160/625] Loss: 0.033194
2026-05-16 21:54:47,803 [INFO] DIMTrainer -   Epoch [14/30] Step [170/625] Loss: 0.033338
2026-05-16 21:54:48,892 [INFO] DIMTrainer -   Epoch [14/30] Step [180/625] Loss: 0.033915
2026-05-16 21:54:49,882 [INFO] DIMTrainer -   Epoch [14/30] Step [190/625] Loss: 0.033673
2026-05-16 21:54:50,955 [INFO] DIMTrainer -   Epoch [14/30] Step [200/625] Loss: 0.033005
2026-05-16 21:54:51,965 [INFO] DIMTrainer -   Epoch [14/30] Step [210/625] Loss: 0.033811
2026-05-16 21:54:52,985 [INFO] DIMTrainer -   Epoch [14/30] Step [220/625] Loss: 0.033579
2026-05-16 21:54:54,002 [INFO] DIMTrainer -   Epoch [14/30] Step [230/625] Loss: 0.033093
2026-05-16 21:54:55,087 [INFO] DIMTrainer -   Epoch [14/30] Step [240/625] Loss: 0.032703
2026-05-16 21:54:56,017 [INFO] DIMTrainer -   Epoch [14/30] Step [250/625] Loss: 0.032228
2026-05-16 21:54:57,007 [INFO] DIMTrainer -   Epoch [14/30] Step [260/625] Loss: 0.031535
2026-05-16 21:54:58,065 [INFO] DIMTrainer -   Epoch [14/30] Step [270/625] Loss: 0.032385
2026-05-16 21:54:59,104 [INFO] DIMTrainer -   Epoch [14/30] Step [280/625] Loss: 0.032263
2026-05-16 21:55:00,115 [INFO] DIMTrainer -   Epoch [14/30] Step [290/625] Loss: 0.032615
2026-05-16 21:55:01,164 [INFO] DIMTrainer -   Epoch [14/30] Step [300/625] Loss: 0.032650
2026-05-16 21:55:02,254 [INFO] DIMTrainer -   Epoch [14/30] Step [310/625] Loss: 0.032357
2026-05-16 21:55:03,320 [INFO] DIMTrainer -   Epoch [14/30] Step [320/625] Loss: 0.032519
2026-05-16 21:55:04,303 [INFO] DIMTrainer -   Epoch [14/30] Step [330/625] Loss: 0.032451
2026-05-16 21:55:05,332 [INFO] DIMTrainer -   Epoch [14/30] Step [340/625] Loss: 0.032239
2026-05-16 21:55:06,413 [INFO] DIMTrainer -   Epoch [14/30] Step [350/625] Loss: 0.031920
2026-05-16 21:55:07,473 [INFO] DIMTrainer -   Epoch [14/30] Step [360/625] Loss: 0.032417
2026-05-16 21:55:08,551 [INFO] DIMTrainer -   Epoch [14/30] Step [370/625] Loss: 0.032080
2026-05-16 21:55:09,609 [INFO] DIMTrainer -   Epoch [14/30] Step [380/625] Loss: 0.032036
2026-05-16 21:55:10,655 [INFO] DIMTrainer -   Epoch [14/30] Step [390/625] Loss: 0.032044
2026-05-16 21:55:11,652 [INFO] DIMTrainer -   Epoch [14/30] Step [400/625] Loss: 0.031803
2026-05-16 21:55:12,598 [INFO] DIMTrainer -   Epoch [14/30] Step [410/625] Loss: 0.032193
2026-05-16 21:55:13,600 [INFO] DIMTrainer -   Epoch [14/30] Step [420/625] Loss: 0.032491
2026-05-16 21:55:14,578 [INFO] DIMTrainer -   Epoch [14/30] Step [430/625] Loss: 0.032691
2026-05-16 21:55:15,573 [INFO] DIMTrainer -   Epoch [14/30] Step [440/625] Loss: 0.032502
2026-05-16 21:55:16,541 [INFO] DIMTrainer -   Epoch [14/30] Step [450/625] Loss: 0.032186
2026-05-16 21:55:17,488 [INFO] DIMTrainer -   Epoch [14/30] Step [460/625] Loss: 0.032192
2026-05-16 21:55:18,546 [INFO] DIMTrainer -   Epoch [14/30] Step [470/625] Loss: 0.032509
2026-05-16 21:55:19,531 [INFO] DIMTrainer -   Epoch [14/30] Step [480/625] Loss: 0.032180
2026-05-16 21:55:20,518 [INFO] DIMTrainer -   Epoch [14/30] Step [490/625] Loss: 0.032464
2026-05-16 21:55:21,550 [INFO] DIMTrainer -   Epoch [14/30] Step [500/625] Loss: 0.032355
2026-05-16 21:55:22,507 [INFO] DIMTrainer -   Epoch [14/30] Step [510/625] Loss: 0.032343
2026-05-16 21:55:23,535 [INFO] DIMTrainer -   Epoch [14/30] Step [520/625] Loss: 0.032244
2026-05-16 21:55:24,572 [INFO] DIMTrainer -   Epoch [14/30] Step [530/625] Loss: 0.032419
2026-05-16 21:55:25,577 [INFO] DIMTrainer -   Epoch [14/30] Step [540/625] Loss: 0.032435
2026-05-16 21:55:26,591 [INFO] DIMTrainer -   Epoch [14/30] Step [550/625] Loss: 0.032107
2026-05-16 21:55:27,657 [INFO] DIMTrainer -   Epoch [14/30] Step [560/625] Loss: 0.031910
2026-05-16 21:55:28,693 [INFO] DIMTrainer -   Epoch [14/30] Step [570/625] Loss: 0.031985
2026-05-16 21:55:29,831 [INFO] DIMTrainer -   Epoch [14/30] Step [580/625] Loss: 0.031970
2026-05-16 21:55:30,874 [INFO] DIMTrainer -   Epoch [14/30] Step [590/625] Loss: 0.032244
2026-05-16 21:55:31,883 [INFO] DIMTrainer -   Epoch [14/30] Step [600/625] Loss: 0.032233
2026-05-16 21:55:32,918 [INFO] DIMTrainer -   Epoch [14/30] Step [610/625] Loss: 0.032103
2026-05-16 21:55:33,950 [INFO] DIMTrainer -   Epoch [14/30] Step [620/625] Loss: 0.031901
2026-05-16 21:55:43,490 [INFO] DIMTrainer - Epoch  14/30 | Loss=0.031963 | HR@5=0.8720 | MAP@5=0.8431 | NDCG@5=0.8504 | Time=73.5s
2026-05-16 21:55:44,564 [INFO] DIMTrainer -   Epoch [15/30] Step [10/625] Loss: 0.009901
2026-05-16 21:55:45,739 [INFO] DIMTrainer -   Epoch [15/30] Step [20/625] Loss: 0.024406
2026-05-16 21:55:46,809 [INFO] DIMTrainer -   Epoch [15/30] Step [30/625] Loss: 0.026045
2026-05-16 21:55:47,873 [INFO] DIMTrainer -   Epoch [15/30] Step [40/625] Loss: 0.030375
2026-05-16 21:55:49,050 [INFO] DIMTrainer -   Epoch [15/30] Step [50/625] Loss: 0.036921
2026-05-16 21:55:50,104 [INFO] DIMTrainer -   Epoch [15/30] Step [60/625] Loss: 0.033866
2026-05-16 21:55:51,149 [INFO] DIMTrainer -   Epoch [15/30] Step [70/625] Loss: 0.031605
2026-05-16 21:55:52,169 [INFO] DIMTrainer -   Epoch [15/30] Step [80/625] Loss: 0.030427
2026-05-16 21:55:53,157 [INFO] DIMTrainer -   Epoch [15/30] Step [90/625] Loss: 0.028890
2026-05-16 21:55:54,167 [INFO] DIMTrainer -   Epoch [15/30] Step [100/625] Loss: 0.027614
2026-05-16 21:55:55,147 [INFO] DIMTrainer -   Epoch [15/30] Step [110/625] Loss: 0.026746
2026-05-16 21:55:56,138 [INFO] DIMTrainer -   Epoch [15/30] Step [120/625] Loss: 0.028165
2026-05-16 21:55:57,087 [INFO] DIMTrainer -   Epoch [15/30] Step [130/625] Loss: 0.026647
2026-05-16 21:55:58,186 [INFO] DIMTrainer -   Epoch [15/30] Step [140/625] Loss: 0.026946
2026-05-16 21:55:59,158 [INFO] DIMTrainer -   Epoch [15/30] Step [150/625] Loss: 0.027484
2026-05-16 21:56:00,233 [INFO] DIMTrainer -   Epoch [15/30] Step [160/625] Loss: 0.028311
2026-05-16 21:56:01,242 [INFO] DIMTrainer -   Epoch [15/30] Step [170/625] Loss: 0.029346
2026-05-16 21:56:02,294 [INFO] DIMTrainer -   Epoch [15/30] Step [180/625] Loss: 0.030804
2026-05-16 21:56:03,305 [INFO] DIMTrainer -   Epoch [15/30] Step [190/625] Loss: 0.029908
2026-05-16 21:56:04,316 [INFO] DIMTrainer -   Epoch [15/30] Step [200/625] Loss: 0.030342
2026-05-16 21:56:05,322 [INFO] DIMTrainer -   Epoch [15/30] Step [210/625] Loss: 0.029720
2026-05-16 21:56:06,377 [INFO] DIMTrainer -   Epoch [15/30] Step [220/625] Loss: 0.029954
2026-05-16 21:56:07,459 [INFO] DIMTrainer -   Epoch [15/30] Step [230/625] Loss: 0.029743
2026-05-16 21:56:08,510 [INFO] DIMTrainer -   Epoch [15/30] Step [240/625] Loss: 0.029565
2026-05-16 21:56:09,515 [INFO] DIMTrainer -   Epoch [15/30] Step [250/625] Loss: 0.029577
2026-05-16 21:56:10,703 [INFO] DIMTrainer -   Epoch [15/30] Step [260/625] Loss: 0.030021
2026-05-16 21:56:11,699 [INFO] DIMTrainer -   Epoch [15/30] Step [270/625] Loss: 0.030085
2026-05-16 21:56:12,755 [INFO] DIMTrainer -   Epoch [15/30] Step [280/625] Loss: 0.030387
2026-05-16 21:56:13,737 [INFO] DIMTrainer -   Epoch [15/30] Step [290/625] Loss: 0.030154
2026-05-16 21:56:14,813 [INFO] DIMTrainer -   Epoch [15/30] Step [300/625] Loss: 0.030165
2026-05-16 21:56:15,838 [INFO] DIMTrainer -   Epoch [15/30] Step [310/625] Loss: 0.029850
2026-05-16 21:56:16,831 [INFO] DIMTrainer -   Epoch [15/30] Step [320/625] Loss: 0.029291
2026-05-16 21:56:17,816 [INFO] DIMTrainer -   Epoch [15/30] Step [330/625] Loss: 0.029920
2026-05-16 21:56:18,780 [INFO] DIMTrainer -   Epoch [15/30] Step [340/625] Loss: 0.029586
2026-05-16 21:56:19,805 [INFO] DIMTrainer -   Epoch [15/30] Step [350/625] Loss: 0.029415
2026-05-16 21:56:20,765 [INFO] DIMTrainer -   Epoch [15/30] Step [360/625] Loss: 0.029625
2026-05-16 21:56:21,782 [INFO] DIMTrainer -   Epoch [15/30] Step [370/625] Loss: 0.029764
2026-05-16 21:56:22,834 [INFO] DIMTrainer -   Epoch [15/30] Step [380/625] Loss: 0.029712
2026-05-16 21:56:23,925 [INFO] DIMTrainer -   Epoch [15/30] Step [390/625] Loss: 0.029729
2026-05-16 21:56:24,961 [INFO] DIMTrainer -   Epoch [15/30] Step [400/625] Loss: 0.029945
2026-05-16 21:56:26,018 [INFO] DIMTrainer -   Epoch [15/30] Step [410/625] Loss: 0.029751
2026-05-16 21:56:27,046 [INFO] DIMTrainer -   Epoch [15/30] Step [420/625] Loss: 0.029301
2026-05-16 21:56:28,109 [INFO] DIMTrainer -   Epoch [15/30] Step [430/625] Loss: 0.029506
2026-05-16 21:56:29,127 [INFO] DIMTrainer -   Epoch [15/30] Step [440/625] Loss: 0.029843
2026-05-16 21:56:30,199 [INFO] DIMTrainer -   Epoch [15/30] Step [450/625] Loss: 0.029718
2026-05-16 21:56:31,231 [INFO] DIMTrainer -   Epoch [15/30] Step [460/625] Loss: 0.029415
2026-05-16 21:56:32,297 [INFO] DIMTrainer -   Epoch [15/30] Step [470/625] Loss: 0.029358
2026-05-16 21:56:33,337 [INFO] DIMTrainer -   Epoch [15/30] Step [480/625] Loss: 0.029471
2026-05-16 21:56:34,487 [INFO] DIMTrainer -   Epoch [15/30] Step [490/625] Loss: 0.029269
2026-05-16 21:56:35,588 [INFO] DIMTrainer -   Epoch [15/30] Step [500/625] Loss: 0.029045
2026-05-16 21:56:36,833 [INFO] DIMTrainer -   Epoch [15/30] Step [510/625] Loss: 0.028998
2026-05-16 21:56:37,887 [INFO] DIMTrainer -   Epoch [15/30] Step [520/625] Loss: 0.029163
2026-05-16 21:56:38,919 [INFO] DIMTrainer -   Epoch [15/30] Step [530/625] Loss: 0.029214
2026-05-16 21:56:39,928 [INFO] DIMTrainer -   Epoch [15/30] Step [540/625] Loss: 0.029225
2026-05-16 21:56:40,920 [INFO] DIMTrainer -   Epoch [15/30] Step [550/625] Loss: 0.028894
2026-05-16 21:56:41,862 [INFO] DIMTrainer -   Epoch [15/30] Step [560/625] Loss: 0.028701
2026-05-16 21:56:43,075 [INFO] DIMTrainer -   Epoch [15/30] Step [570/625] Loss: 0.028544
2026-05-16 21:56:44,479 [INFO] DIMTrainer -   Epoch [15/30] Step [580/625] Loss: 0.028631
2026-05-16 21:56:45,831 [INFO] DIMTrainer -   Epoch [15/30] Step [590/625] Loss: 0.028449
2026-05-16 21:56:47,246 [INFO] DIMTrainer -   Epoch [15/30] Step [600/625] Loss: 0.028480
2026-05-16 21:56:48,600 [INFO] DIMTrainer -   Epoch [15/30] Step [610/625] Loss: 0.028223
2026-05-16 21:56:49,923 [INFO] DIMTrainer -   Epoch [15/30] Step [620/625] Loss: 0.028411
2026-05-16 21:57:00,226 [INFO] DIMTrainer - Epoch  15/30 | Loss=0.028411 | HR@5=0.8895 | MAP@5=0.8584 | NDCG@5=0.8663 | Time=76.7s
2026-05-16 21:57:01,397 [INFO] DIMTrainer -   Epoch [16/30] Step [10/625] Loss: 0.034154
2026-05-16 21:57:02,643 [INFO] DIMTrainer -   Epoch [16/30] Step [20/625] Loss: 0.032186
2026-05-16 21:57:03,890 [INFO] DIMTrainer -   Epoch [16/30] Step [30/625] Loss: 0.031688
2026-05-16 21:57:04,913 [INFO] DIMTrainer -   Epoch [16/30] Step [40/625] Loss: 0.031204
2026-05-16 21:57:06,048 [INFO] DIMTrainer -   Epoch [16/30] Step [50/625] Loss: 0.028187
2026-05-16 21:57:07,326 [INFO] DIMTrainer -   Epoch [16/30] Step [60/625] Loss: 0.028572
2026-05-16 21:57:08,777 [INFO] DIMTrainer -   Epoch [16/30] Step [70/625] Loss: 0.029415
2026-05-16 21:57:10,388 [INFO] DIMTrainer -   Epoch [16/30] Step [80/625] Loss: 0.029014
2026-05-16 21:57:11,705 [INFO] DIMTrainer -   Epoch [16/30] Step [90/625] Loss: 0.027600
2026-05-16 21:57:12,825 [INFO] DIMTrainer -   Epoch [16/30] Step [100/625] Loss: 0.026381
2026-05-16 21:57:13,917 [INFO] DIMTrainer -   Epoch [16/30] Step [110/625] Loss: 0.025974
2026-05-16 21:57:14,906 [INFO] DIMTrainer -   Epoch [16/30] Step [120/625] Loss: 0.024982
2026-05-16 21:57:16,051 [INFO] DIMTrainer -   Epoch [16/30] Step [130/625] Loss: 0.024450
2026-05-16 21:57:17,117 [INFO] DIMTrainer -   Epoch [16/30] Step [140/625] Loss: 0.024397
2026-05-16 21:57:18,333 [INFO] DIMTrainer -   Epoch [16/30] Step [150/625] Loss: 0.023905
2026-05-16 21:57:19,317 [INFO] DIMTrainer -   Epoch [16/30] Step [160/625] Loss: 0.023909
2026-05-16 21:57:20,385 [INFO] DIMTrainer -   Epoch [16/30] Step [170/625] Loss: 0.023906
2026-05-16 21:57:21,440 [INFO] DIMTrainer -   Epoch [16/30] Step [180/625] Loss: 0.024139
2026-05-16 21:57:22,509 [INFO] DIMTrainer -   Epoch [16/30] Step [190/625] Loss: 0.023926
2026-05-16 21:57:23,508 [INFO] DIMTrainer -   Epoch [16/30] Step [200/625] Loss: 0.024349
2026-05-16 21:57:24,508 [INFO] DIMTrainer -   Epoch [16/30] Step [210/625] Loss: 0.024102
2026-05-16 21:57:25,741 [INFO] DIMTrainer -   Epoch [16/30] Step [220/625] Loss: 0.024157
2026-05-16 21:57:26,968 [INFO] DIMTrainer -   Epoch [16/30] Step [230/625] Loss: 0.023384
2026-05-16 21:57:27,991 [INFO] DIMTrainer -   Epoch [16/30] Step [240/625] Loss: 0.023674
2026-05-16 21:57:28,962 [INFO] DIMTrainer -   Epoch [16/30] Step [250/625] Loss: 0.023607
2026-05-16 21:57:29,941 [INFO] DIMTrainer -   Epoch [16/30] Step [260/625] Loss: 0.023983
2026-05-16 21:57:30,896 [INFO] DIMTrainer -   Epoch [16/30] Step [270/625] Loss: 0.023888
2026-05-16 21:57:31,987 [INFO] DIMTrainer -   Epoch [16/30] Step [280/625] Loss: 0.023939
2026-05-16 21:57:32,945 [INFO] DIMTrainer -   Epoch [16/30] Step [290/625] Loss: 0.024726
2026-05-16 21:57:33,951 [INFO] DIMTrainer -   Epoch [16/30] Step [300/625] Loss: 0.024545
2026-05-16 21:57:34,911 [INFO] DIMTrainer -   Epoch [16/30] Step [310/625] Loss: 0.025647
2026-05-16 21:57:35,882 [INFO] DIMTrainer -   Epoch [16/30] Step [320/625] Loss: 0.025435
2026-05-16 21:57:36,860 [INFO] DIMTrainer -   Epoch [16/30] Step [330/625] Loss: 0.026164
2026-05-16 21:57:37,849 [INFO] DIMTrainer -   Epoch [16/30] Step [340/625] Loss: 0.026367
2026-05-16 21:57:38,836 [INFO] DIMTrainer -   Epoch [16/30] Step [350/625] Loss: 0.026364
2026-05-16 21:57:39,774 [INFO] DIMTrainer -   Epoch [16/30] Step [360/625] Loss: 0.026293
2026-05-16 21:57:40,688 [INFO] DIMTrainer -   Epoch [16/30] Step [370/625] Loss: 0.026104
2026-05-16 21:57:41,752 [INFO] DIMTrainer -   Epoch [16/30] Step [380/625] Loss: 0.026476
2026-05-16 21:57:42,672 [INFO] DIMTrainer -   Epoch [16/30] Step [390/625] Loss: 0.026079
2026-05-16 21:57:43,594 [INFO] DIMTrainer -   Epoch [16/30] Step [400/625] Loss: 0.025779
2026-05-16 21:57:44,531 [INFO] DIMTrainer -   Epoch [16/30] Step [410/625] Loss: 0.025987
2026-05-16 21:57:45,462 [INFO] DIMTrainer -   Epoch [16/30] Step [420/625] Loss: 0.025969
2026-05-16 21:57:46,376 [INFO] DIMTrainer -   Epoch [16/30] Step [430/625] Loss: 0.025861
2026-05-16 21:57:47,421 [INFO] DIMTrainer -   Epoch [16/30] Step [440/625] Loss: 0.026328
2026-05-16 21:57:48,382 [INFO] DIMTrainer -   Epoch [16/30] Step [450/625] Loss: 0.026094
2026-05-16 21:57:49,363 [INFO] DIMTrainer -   Epoch [16/30] Step [460/625] Loss: 0.026089
2026-05-16 21:57:50,339 [INFO] DIMTrainer -   Epoch [16/30] Step [470/625] Loss: 0.026110
2026-05-16 21:57:51,320 [INFO] DIMTrainer -   Epoch [16/30] Step [480/625] Loss: 0.026057
2026-05-16 21:57:52,370 [INFO] DIMTrainer -   Epoch [16/30] Step [490/625] Loss: 0.025995
2026-05-16 21:57:53,363 [INFO] DIMTrainer -   Epoch [16/30] Step [500/625] Loss: 0.026038
2026-05-16 21:57:54,385 [INFO] DIMTrainer -   Epoch [16/30] Step [510/625] Loss: 0.026188
2026-05-16 21:57:55,341 [INFO] DIMTrainer -   Epoch [16/30] Step [520/625] Loss: 0.026282
2026-05-16 21:57:56,351 [INFO] DIMTrainer -   Epoch [16/30] Step [530/625] Loss: 0.026144
2026-05-16 21:57:57,327 [INFO] DIMTrainer -   Epoch [16/30] Step [540/625] Loss: 0.026035
2026-05-16 21:57:58,347 [INFO] DIMTrainer -   Epoch [16/30] Step [550/625] Loss: 0.025839
2026-05-16 21:57:59,380 [INFO] DIMTrainer -   Epoch [16/30] Step [560/625] Loss: 0.025867
2026-05-16 21:58:00,425 [INFO] DIMTrainer -   Epoch [16/30] Step [570/625] Loss: 0.025911
2026-05-16 21:58:01,587 [INFO] DIMTrainer -   Epoch [16/30] Step [580/625] Loss: 0.026028
2026-05-16 21:58:02,769 [INFO] DIMTrainer -   Epoch [16/30] Step [590/625] Loss: 0.026085
2026-05-16 21:58:03,819 [INFO] DIMTrainer -   Epoch [16/30] Step [600/625] Loss: 0.026569
2026-05-16 21:58:04,851 [INFO] DIMTrainer -   Epoch [16/30] Step [610/625] Loss: 0.026613
2026-05-16 21:58:05,932 [INFO] DIMTrainer -   Epoch [16/30] Step [620/625] Loss: 0.026786
2026-05-16 21:58:15,132 [INFO] DIMTrainer - Epoch  16/30 | Loss=0.026716 | HR@5=0.8950 | MAP@5=0.8620 | NDCG@5=0.8703 | Time=74.9s
2026-05-16 21:58:16,186 [INFO] DIMTrainer -   Epoch [17/30] Step [10/625] Loss: 0.033329
2026-05-16 21:58:17,156 [INFO] DIMTrainer -   Epoch [17/30] Step [20/625] Loss: 0.026162
2026-05-16 21:58:18,172 [INFO] DIMTrainer -   Epoch [17/30] Step [30/625] Loss: 0.026021
2026-05-16 21:58:19,150 [INFO] DIMTrainer -   Epoch [17/30] Step [40/625] Loss: 0.024696
2026-05-16 21:58:20,283 [INFO] DIMTrainer -   Epoch [17/30] Step [50/625] Loss: 0.024960
2026-05-16 21:58:21,277 [INFO] DIMTrainer -   Epoch [17/30] Step [60/625] Loss: 0.025844
2026-05-16 21:58:22,338 [INFO] DIMTrainer -   Epoch [17/30] Step [70/625] Loss: 0.024129
2026-05-16 21:58:23,308 [INFO] DIMTrainer -   Epoch [17/30] Step [80/625] Loss: 0.023031
2026-05-16 21:58:24,249 [INFO] DIMTrainer -   Epoch [17/30] Step [90/625] Loss: 0.025696
2026-05-16 21:58:25,158 [INFO] DIMTrainer -   Epoch [17/30] Step [100/625] Loss: 0.027543
2026-05-16 21:58:26,101 [INFO] DIMTrainer -   Epoch [17/30] Step [110/625] Loss: 0.027361
2026-05-16 21:58:27,011 [INFO] DIMTrainer -   Epoch [17/30] Step [120/625] Loss: 0.026412
2026-05-16 21:58:28,031 [INFO] DIMTrainer -   Epoch [17/30] Step [130/625] Loss: 0.025646
2026-05-16 21:58:28,985 [INFO] DIMTrainer -   Epoch [17/30] Step [140/625] Loss: 0.025381
2026-05-16 21:58:29,938 [INFO] DIMTrainer -   Epoch [17/30] Step [150/625] Loss: 0.026910
2026-05-16 21:58:30,970 [INFO] DIMTrainer -   Epoch [17/30] Step [160/625] Loss: 0.026263
2026-05-16 21:58:32,010 [INFO] DIMTrainer -   Epoch [17/30] Step [170/625] Loss: 0.025454
2026-05-16 21:58:32,957 [INFO] DIMTrainer -   Epoch [17/30] Step [180/625] Loss: 0.026638
2026-05-16 21:58:33,924 [INFO] DIMTrainer -   Epoch [17/30] Step [190/625] Loss: 0.026953
2026-05-16 21:58:34,891 [INFO] DIMTrainer -   Epoch [17/30] Step [200/625] Loss: 0.026497
2026-05-16 21:58:35,860 [INFO] DIMTrainer -   Epoch [17/30] Step [210/625] Loss: 0.025930
2026-05-16 21:58:36,821 [INFO] DIMTrainer -   Epoch [17/30] Step [220/625] Loss: 0.025499
2026-05-16 21:58:37,770 [INFO] DIMTrainer -   Epoch [17/30] Step [230/625] Loss: 0.026054
2026-05-16 21:58:38,814 [INFO] DIMTrainer -   Epoch [17/30] Step [240/625] Loss: 0.025590
2026-05-16 21:58:39,703 [INFO] DIMTrainer -   Epoch [17/30] Step [250/625] Loss: 0.025946
2026-05-16 21:58:40,601 [INFO] DIMTrainer -   Epoch [17/30] Step [260/625] Loss: 0.025534
2026-05-16 21:58:41,494 [INFO] DIMTrainer -   Epoch [17/30] Step [270/625] Loss: 0.025193
2026-05-16 21:58:42,445 [INFO] DIMTrainer -   Epoch [17/30] Step [280/625] Loss: 0.025235
2026-05-16 21:58:43,444 [INFO] DIMTrainer -   Epoch [17/30] Step [290/625] Loss: 0.024708
2026-05-16 21:58:44,371 [INFO] DIMTrainer -   Epoch [17/30] Step [300/625] Loss: 0.025217
2026-05-16 21:58:45,357 [INFO] DIMTrainer -   Epoch [17/30] Step [310/625] Loss: 0.024935
2026-05-16 21:58:46,367 [INFO] DIMTrainer -   Epoch [17/30] Step [320/625] Loss: 0.025304
2026-05-16 21:58:47,320 [INFO] DIMTrainer -   Epoch [17/30] Step [330/625] Loss: 0.025640
2026-05-16 21:58:48,254 [INFO] DIMTrainer -   Epoch [17/30] Step [340/625] Loss: 0.025325
2026-05-16 21:58:49,297 [INFO] DIMTrainer -   Epoch [17/30] Step [350/625] Loss: 0.025645
2026-05-16 21:58:50,280 [INFO] DIMTrainer -   Epoch [17/30] Step [360/625] Loss: 0.025823
2026-05-16 21:58:51,221 [INFO] DIMTrainer -   Epoch [17/30] Step [370/625] Loss: 0.025605
2026-05-16 21:58:52,159 [INFO] DIMTrainer -   Epoch [17/30] Step [380/625] Loss: 0.025297
2026-05-16 21:58:53,161 [INFO] DIMTrainer -   Epoch [17/30] Step [390/625] Loss: 0.025011
2026-05-16 21:58:54,093 [INFO] DIMTrainer -   Epoch [17/30] Step [400/625] Loss: 0.025195
2026-05-16 21:58:55,031 [INFO] DIMTrainer -   Epoch [17/30] Step [410/625] Loss: 0.025458
2026-05-16 21:58:56,084 [INFO] DIMTrainer -   Epoch [17/30] Step [420/625] Loss: 0.025536
2026-05-16 21:58:57,027 [INFO] DIMTrainer -   Epoch [17/30] Step [430/625] Loss: 0.025347
2026-05-16 21:58:57,975 [INFO] DIMTrainer -   Epoch [17/30] Step [440/625] Loss: 0.025327
2026-05-16 21:58:58,946 [INFO] DIMTrainer -   Epoch [17/30] Step [450/625] Loss: 0.025662
2026-05-16 21:58:59,947 [INFO] DIMTrainer -   Epoch [17/30] Step [460/625] Loss: 0.025540
2026-05-16 21:59:00,888 [INFO] DIMTrainer -   Epoch [17/30] Step [470/625] Loss: 0.025704
2026-05-16 21:59:01,800 [INFO] DIMTrainer -   Epoch [17/30] Step [480/625] Loss: 0.025478
2026-05-16 21:59:02,731 [INFO] DIMTrainer -   Epoch [17/30] Step [490/625] Loss: 0.025304
2026-05-16 21:59:03,669 [INFO] DIMTrainer -   Epoch [17/30] Step [500/625] Loss: 0.025105
2026-05-16 21:59:04,581 [INFO] DIMTrainer -   Epoch [17/30] Step [510/625] Loss: 0.025178
2026-05-16 21:59:05,510 [INFO] DIMTrainer -   Epoch [17/30] Step [520/625] Loss: 0.025281
2026-05-16 21:59:06,445 [INFO] DIMTrainer -   Epoch [17/30] Step [530/625] Loss: 0.025134
2026-05-16 21:59:07,402 [INFO] DIMTrainer -   Epoch [17/30] Step [540/625] Loss: 0.025342
2026-05-16 21:59:08,399 [INFO] DIMTrainer -   Epoch [17/30] Step [550/625] Loss: 0.025215
2026-05-16 21:59:09,380 [INFO] DIMTrainer -   Epoch [17/30] Step [560/625] Loss: 0.025023
2026-05-16 21:59:10,287 [INFO] DIMTrainer -   Epoch [17/30] Step [570/625] Loss: 0.024853
2026-05-16 21:59:11,294 [INFO] DIMTrainer -   Epoch [17/30] Step [580/625] Loss: 0.024776
2026-05-16 21:59:12,458 [INFO] DIMTrainer -   Epoch [17/30] Step [590/625] Loss: 0.024726
2026-05-16 21:59:13,498 [INFO] DIMTrainer -   Epoch [17/30] Step [600/625] Loss: 0.024543
2026-05-16 21:59:14,497 [INFO] DIMTrainer -   Epoch [17/30] Step [610/625] Loss: 0.024486
2026-05-16 21:59:15,518 [INFO] DIMTrainer -   Epoch [17/30] Step [620/625] Loss: 0.024538
2026-05-16 21:59:24,510 [INFO] DIMTrainer - Epoch  17/30 | Loss=0.024565 | HR@5=0.8795 | MAP@5=0.8384 | NDCG@5=0.8488 | Time=69.3s
2026-05-16 21:59:25,593 [INFO] DIMTrainer -   Epoch [18/30] Step [10/625] Loss: 0.022135
2026-05-16 21:59:26,676 [INFO] DIMTrainer -   Epoch [18/30] Step [20/625] Loss: 0.018027
2026-05-16 21:59:27,651 [INFO] DIMTrainer -   Epoch [18/30] Step [30/625] Loss: 0.014910
2026-05-16 21:59:28,668 [INFO] DIMTrainer -   Epoch [18/30] Step [40/625] Loss: 0.015155
2026-05-16 21:59:29,614 [INFO] DIMTrainer -   Epoch [18/30] Step [50/625] Loss: 0.014648
2026-05-16 21:59:30,687 [INFO] DIMTrainer -   Epoch [18/30] Step [60/625] Loss: 0.013626
2026-05-16 21:59:31,654 [INFO] DIMTrainer -   Epoch [18/30] Step [70/625] Loss: 0.014930
2026-05-16 21:59:32,610 [INFO] DIMTrainer -   Epoch [18/30] Step [80/625] Loss: 0.014834
2026-05-16 21:59:33,566 [INFO] DIMTrainer -   Epoch [18/30] Step [90/625] Loss: 0.015101
2026-05-16 21:59:34,520 [INFO] DIMTrainer -   Epoch [18/30] Step [100/625] Loss: 0.015526
2026-05-16 21:59:35,507 [INFO] DIMTrainer -   Epoch [18/30] Step [110/625] Loss: 0.018344
2026-05-16 21:59:36,476 [INFO] DIMTrainer -   Epoch [18/30] Step [120/625] Loss: 0.018903
2026-05-16 21:59:37,448 [INFO] DIMTrainer -   Epoch [18/30] Step [130/625] Loss: 0.018581
2026-05-16 21:59:38,430 [INFO] DIMTrainer -   Epoch [18/30] Step [140/625] Loss: 0.019546
2026-05-16 21:59:39,385 [INFO] DIMTrainer -   Epoch [18/30] Step [150/625] Loss: 0.018810
2026-05-16 21:59:40,376 [INFO] DIMTrainer -   Epoch [18/30] Step [160/625] Loss: 0.018097
2026-05-16 21:59:41,345 [INFO] DIMTrainer -   Epoch [18/30] Step [170/625] Loss: 0.017354
2026-05-16 21:59:42,262 [INFO] DIMTrainer -   Epoch [18/30] Step [180/625] Loss: 0.016582
2026-05-16 21:59:43,296 [INFO] DIMTrainer -   Epoch [18/30] Step [190/625] Loss: 0.016944
2026-05-16 21:59:44,220 [INFO] DIMTrainer -   Epoch [18/30] Step [200/625] Loss: 0.018936
2026-05-16 21:59:45,185 [INFO] DIMTrainer -   Epoch [18/30] Step [210/625] Loss: 0.020163
2026-05-16 21:59:46,147 [INFO] DIMTrainer -   Epoch [18/30] Step [220/625] Loss: 0.020173
2026-05-16 21:59:47,117 [INFO] DIMTrainer -   Epoch [18/30] Step [230/625] Loss: 0.020186
2026-05-16 21:59:48,092 [INFO] DIMTrainer -   Epoch [18/30] Step [240/625] Loss: 0.020153
2026-05-16 21:59:49,098 [INFO] DIMTrainer -   Epoch [18/30] Step [250/625] Loss: 0.020138
2026-05-16 21:59:50,030 [INFO] DIMTrainer -   Epoch [18/30] Step [260/625] Loss: 0.020507
2026-05-16 21:59:51,013 [INFO] DIMTrainer -   Epoch [18/30] Step [270/625] Loss: 0.020441
2026-05-16 21:59:52,043 [INFO] DIMTrainer -   Epoch [18/30] Step [280/625] Loss: 0.020482
2026-05-16 21:59:52,971 [INFO] DIMTrainer -   Epoch [18/30] Step [290/625] Loss: 0.020340
2026-05-16 21:59:53,914 [INFO] DIMTrainer -   Epoch [18/30] Step [300/625] Loss: 0.020203
2026-05-16 21:59:54,904 [INFO] DIMTrainer -   Epoch [18/30] Step [310/625] Loss: 0.020272
2026-05-16 21:59:55,886 [INFO] DIMTrainer -   Epoch [18/30] Step [320/625] Loss: 0.020005
2026-05-16 21:59:56,830 [INFO] DIMTrainer -   Epoch [18/30] Step [330/625] Loss: 0.020365
2026-05-16 21:59:57,759 [INFO] DIMTrainer -   Epoch [18/30] Step [340/625] Loss: 0.020710
2026-05-16 21:59:58,669 [INFO] DIMTrainer -   Epoch [18/30] Step [350/625] Loss: 0.020373
2026-05-16 21:59:59,649 [INFO] DIMTrainer -   Epoch [18/30] Step [360/625] Loss: 0.020413
2026-05-16 22:00:00,799 [INFO] DIMTrainer -   Epoch [18/30] Step [370/625] Loss: 0.020109
2026-05-16 22:00:01,755 [INFO] DIMTrainer -   Epoch [18/30] Step [380/625] Loss: 0.019713
2026-05-16 22:00:02,704 [INFO] DIMTrainer -   Epoch [18/30] Step [390/625] Loss: 0.020113
2026-05-16 22:00:03,651 [INFO] DIMTrainer -   Epoch [18/30] Step [400/625] Loss: 0.019725
2026-05-16 22:00:04,558 [INFO] DIMTrainer -   Epoch [18/30] Step [410/625] Loss: 0.019805
2026-05-16 22:00:05,581 [INFO] DIMTrainer -   Epoch [18/30] Step [420/625] Loss: 0.020060
2026-05-16 22:00:06,739 [INFO] DIMTrainer -   Epoch [18/30] Step [430/625] Loss: 0.019883
2026-05-16 22:00:07,842 [INFO] DIMTrainer -   Epoch [18/30] Step [440/625] Loss: 0.020198
2026-05-16 22:00:09,002 [INFO] DIMTrainer -   Epoch [18/30] Step [450/625] Loss: 0.020106
2026-05-16 22:00:10,108 [INFO] DIMTrainer -   Epoch [18/30] Step [460/625] Loss: 0.019909
2026-05-16 22:00:11,362 [INFO] DIMTrainer -   Epoch [18/30] Step [470/625] Loss: 0.020118
2026-05-16 22:00:12,666 [INFO] DIMTrainer -   Epoch [18/30] Step [480/625] Loss: 0.020969
2026-05-16 22:00:13,737 [INFO] DIMTrainer -   Epoch [18/30] Step [490/625] Loss: 0.021018
2026-05-16 22:00:14,767 [INFO] DIMTrainer -   Epoch [18/30] Step [500/625] Loss: 0.020952
2026-05-16 22:00:15,780 [INFO] DIMTrainer -   Epoch [18/30] Step [510/625] Loss: 0.020987
2026-05-16 22:00:16,731 [INFO] DIMTrainer -   Epoch [18/30] Step [520/625] Loss: 0.020890
2026-05-16 22:00:17,688 [INFO] DIMTrainer -   Epoch [18/30] Step [530/625] Loss: 0.020836
2026-05-16 22:00:18,757 [INFO] DIMTrainer -   Epoch [18/30] Step [540/625] Loss: 0.020650
2026-05-16 22:00:19,778 [INFO] DIMTrainer -   Epoch [18/30] Step [550/625] Loss: 0.020423
2026-05-16 22:00:20,823 [INFO] DIMTrainer -   Epoch [18/30] Step [560/625] Loss: 0.020326
2026-05-16 22:00:21,843 [INFO] DIMTrainer -   Epoch [18/30] Step [570/625] Loss: 0.020270
2026-05-16 22:00:22,851 [INFO] DIMTrainer -   Epoch [18/30] Step [580/625] Loss: 0.020110
2026-05-16 22:00:23,817 [INFO] DIMTrainer -   Epoch [18/30] Step [590/625] Loss: 0.020153
2026-05-16 22:00:24,786 [INFO] DIMTrainer -   Epoch [18/30] Step [600/625] Loss: 0.020324
2026-05-16 22:00:25,716 [INFO] DIMTrainer -   Epoch [18/30] Step [610/625] Loss: 0.020577
2026-05-16 22:00:26,706 [INFO] DIMTrainer -   Epoch [18/30] Step [620/625] Loss: 0.020687
2026-05-16 22:00:35,965 [INFO] DIMTrainer - Epoch  18/30 | Loss=0.020818 | HR@5=0.8895 | MAP@5=0.8504 | NDCG@5=0.8603 | Time=71.4s
2026-05-16 22:00:37,002 [INFO] DIMTrainer -   Epoch [19/30] Step [10/625] Loss: 0.016682
2026-05-16 22:00:37,944 [INFO] DIMTrainer -   Epoch [19/30] Step [20/625] Loss: 0.014786
2026-05-16 22:00:38,946 [INFO] DIMTrainer -   Epoch [19/30] Step [30/625] Loss: 0.017147
2026-05-16 22:00:39,942 [INFO] DIMTrainer -   Epoch [19/30] Step [40/625] Loss: 0.017363
2026-05-16 22:00:40,988 [INFO] DIMTrainer -   Epoch [19/30] Step [50/625] Loss: 0.017429
2026-05-16 22:00:41,971 [INFO] DIMTrainer -   Epoch [19/30] Step [60/625] Loss: 0.015688
2026-05-16 22:00:42,926 [INFO] DIMTrainer -   Epoch [19/30] Step [70/625] Loss: 0.014740
2026-05-16 22:00:43,943 [INFO] DIMTrainer -   Epoch [19/30] Step [80/625] Loss: 0.016029
2026-05-16 22:00:44,938 [INFO] DIMTrainer -   Epoch [19/30] Step [90/625] Loss: 0.017562
2026-05-16 22:00:45,998 [INFO] DIMTrainer -   Epoch [19/30] Step [100/625] Loss: 0.018177
2026-05-16 22:00:47,004 [INFO] DIMTrainer -   Epoch [19/30] Step [110/625] Loss: 0.019191
2026-05-16 22:00:48,058 [INFO] DIMTrainer -   Epoch [19/30] Step [120/625] Loss: 0.019003
2026-05-16 22:00:49,266 [INFO] DIMTrainer -   Epoch [19/30] Step [130/625] Loss: 0.019027
2026-05-16 22:00:50,459 [INFO] DIMTrainer -   Epoch [19/30] Step [140/625] Loss: 0.018443
2026-05-16 22:00:51,498 [INFO] DIMTrainer -   Epoch [19/30] Step [150/625] Loss: 0.017989
2026-05-16 22:00:52,577 [INFO] DIMTrainer -   Epoch [19/30] Step [160/625] Loss: 0.017673
2026-05-16 22:00:53,600 [INFO] DIMTrainer -   Epoch [19/30] Step [170/625] Loss: 0.017890
2026-05-16 22:00:54,653 [INFO] DIMTrainer -   Epoch [19/30] Step [180/625] Loss: 0.017706
2026-05-16 22:00:55,691 [INFO] DIMTrainer -   Epoch [19/30] Step [190/625] Loss: 0.017613
2026-05-16 22:00:56,772 [INFO] DIMTrainer -   Epoch [19/30] Step [200/625] Loss: 0.017496
2026-05-16 22:00:57,810 [INFO] DIMTrainer -   Epoch [19/30] Step [210/625] Loss: 0.017972
2026-05-16 22:00:58,922 [INFO] DIMTrainer -   Epoch [19/30] Step [220/625] Loss: 0.017857
2026-05-16 22:00:59,910 [INFO] DIMTrainer -   Epoch [19/30] Step [230/625] Loss: 0.017904
2026-05-16 22:01:00,898 [INFO] DIMTrainer -   Epoch [19/30] Step [240/625] Loss: 0.018112
2026-05-16 22:01:01,876 [INFO] DIMTrainer -   Epoch [19/30] Step [250/625] Loss: 0.018653
2026-05-16 22:01:02,921 [INFO] DIMTrainer -   Epoch [19/30] Step [260/625] Loss: 0.018574
2026-05-16 22:01:03,883 [INFO] DIMTrainer -   Epoch [19/30] Step [270/625] Loss: 0.018917
2026-05-16 22:01:04,881 [INFO] DIMTrainer -   Epoch [19/30] Step [280/625] Loss: 0.018751
2026-05-16 22:01:05,832 [INFO] DIMTrainer -   Epoch [19/30] Step [290/625] Loss: 0.018853
2026-05-16 22:01:06,817 [INFO] DIMTrainer -   Epoch [19/30] Step [300/625] Loss: 0.018521
2026-05-16 22:01:07,826 [INFO] DIMTrainer -   Epoch [19/30] Step [310/625] Loss: 0.018226
2026-05-16 22:01:08,854 [INFO] DIMTrainer -   Epoch [19/30] Step [320/625] Loss: 0.018044
2026-05-16 22:01:09,930 [INFO] DIMTrainer -   Epoch [19/30] Step [330/625] Loss: 0.018128
2026-05-16 22:01:11,042 [INFO] DIMTrainer -   Epoch [19/30] Step [340/625] Loss: 0.017881
2026-05-16 22:01:12,084 [INFO] DIMTrainer -   Epoch [19/30] Step [350/625] Loss: 0.017909
2026-05-16 22:01:13,158 [INFO] DIMTrainer -   Epoch [19/30] Step [360/625] Loss: 0.018094
2026-05-16 22:01:14,163 [INFO] DIMTrainer -   Epoch [19/30] Step [370/625] Loss: 0.018143
2026-05-16 22:01:15,218 [INFO] DIMTrainer -   Epoch [19/30] Step [380/625] Loss: 0.018464
2026-05-16 22:01:16,240 [INFO] DIMTrainer -   Epoch [19/30] Step [390/625] Loss: 0.018409
2026-05-16 22:01:17,264 [INFO] DIMTrainer -   Epoch [19/30] Step [400/625] Loss: 0.018775
2026-05-16 22:01:18,289 [INFO] DIMTrainer -   Epoch [19/30] Step [410/625] Loss: 0.018810
2026-05-16 22:01:19,328 [INFO] DIMTrainer -   Epoch [19/30] Step [420/625] Loss: 0.018991
2026-05-16 22:01:20,355 [INFO] DIMTrainer -   Epoch [19/30] Step [430/625] Loss: 0.018766
2026-05-16 22:01:21,313 [INFO] DIMTrainer -   Epoch [19/30] Step [440/625] Loss: 0.018483
2026-05-16 22:01:22,290 [INFO] DIMTrainer -   Epoch [19/30] Step [450/625] Loss: 0.018591
2026-05-16 22:01:23,392 [INFO] DIMTrainer -   Epoch [19/30] Step [460/625] Loss: 0.018561
2026-05-16 22:01:24,396 [INFO] DIMTrainer -   Epoch [19/30] Step [470/625] Loss: 0.018346
2026-05-16 22:01:25,362 [INFO] DIMTrainer -   Epoch [19/30] Step [480/625] Loss: 0.018173
2026-05-16 22:01:26,342 [INFO] DIMTrainer -   Epoch [19/30] Step [490/625] Loss: 0.018376
2026-05-16 22:01:27,354 [INFO] DIMTrainer -   Epoch [19/30] Step [500/625] Loss: 0.018277
2026-05-16 22:01:28,339 [INFO] DIMTrainer -   Epoch [19/30] Step [510/625] Loss: 0.018014
2026-05-16 22:01:29,296 [INFO] DIMTrainer -   Epoch [19/30] Step [520/625] Loss: 0.018039
2026-05-16 22:01:30,322 [INFO] DIMTrainer -   Epoch [19/30] Step [530/625] Loss: 0.018328
2026-05-16 22:01:31,453 [INFO] DIMTrainer -   Epoch [19/30] Step [540/625] Loss: 0.018283
2026-05-16 22:01:32,485 [INFO] DIMTrainer -   Epoch [19/30] Step [550/625] Loss: 0.018487
2026-05-16 22:01:33,500 [INFO] DIMTrainer -   Epoch [19/30] Step [560/625] Loss: 0.018325
2026-05-16 22:01:34,536 [INFO] DIMTrainer -   Epoch [19/30] Step [570/625] Loss: 0.018545
2026-05-16 22:01:35,562 [INFO] DIMTrainer -   Epoch [19/30] Step [580/625] Loss: 0.018454
2026-05-16 22:01:36,651 [INFO] DIMTrainer -   Epoch [19/30] Step [590/625] Loss: 0.018432
2026-05-16 22:01:37,683 [INFO] DIMTrainer -   Epoch [19/30] Step [600/625] Loss: 0.018382
2026-05-16 22:01:38,722 [INFO] DIMTrainer -   Epoch [19/30] Step [610/625] Loss: 0.018601
2026-05-16 22:01:39,758 [INFO] DIMTrainer -   Epoch [19/30] Step [620/625] Loss: 0.018489
2026-05-16 22:01:49,185 [INFO] DIMTrainer - Epoch  19/30 | Loss=0.018508 | HR@5=0.9070 | MAP@5=0.8756 | NDCG@5=0.8835 | Time=73.2s
2026-05-16 22:01:50,337 [INFO] DIMTrainer -   Epoch [20/30] Step [10/625] Loss: 0.010367
2026-05-16 22:01:51,307 [INFO] DIMTrainer -   Epoch [20/30] Step [20/625] Loss: 0.009755
2026-05-16 22:01:52,216 [INFO] DIMTrainer -   Epoch [20/30] Step [30/625] Loss: 0.010905
2026-05-16 22:01:53,150 [INFO] DIMTrainer -   Epoch [20/30] Step [40/625] Loss: 0.011420
2026-05-16 22:01:54,109 [INFO] DIMTrainer -   Epoch [20/30] Step [50/625] Loss: 0.013324
2026-05-16 22:01:55,051 [INFO] DIMTrainer -   Epoch [20/30] Step [60/625] Loss: 0.018606
2026-05-16 22:01:56,021 [INFO] DIMTrainer -   Epoch [20/30] Step [70/625] Loss: 0.017807
2026-05-16 22:01:57,023 [INFO] DIMTrainer -   Epoch [20/30] Step [80/625] Loss: 0.018054
2026-05-16 22:01:58,079 [INFO] DIMTrainer -   Epoch [20/30] Step [90/625] Loss: 0.017264
2026-05-16 22:01:59,132 [INFO] DIMTrainer -   Epoch [20/30] Step [100/625] Loss: 0.017496
2026-05-16 22:02:00,211 [INFO] DIMTrainer -   Epoch [20/30] Step [110/625] Loss: 0.017324
2026-05-16 22:02:01,251 [INFO] DIMTrainer -   Epoch [20/30] Step [120/625] Loss: 0.018005
2026-05-16 22:02:02,332 [INFO] DIMTrainer -   Epoch [20/30] Step [130/625] Loss: 0.017867
2026-05-16 22:02:03,339 [INFO] DIMTrainer -   Epoch [20/30] Step [140/625] Loss: 0.016963
2026-05-16 22:02:04,334 [INFO] DIMTrainer -   Epoch [20/30] Step [150/625] Loss: 0.016681
2026-05-16 22:02:05,295 [INFO] DIMTrainer -   Epoch [20/30] Step [160/625] Loss: 0.016679
2026-05-16 22:02:06,338 [INFO] DIMTrainer -   Epoch [20/30] Step [170/625] Loss: 0.016870
2026-05-16 22:02:07,326 [INFO] DIMTrainer -   Epoch [20/30] Step [180/625] Loss: 0.016530
2026-05-16 22:02:08,383 [INFO] DIMTrainer -   Epoch [20/30] Step [190/625] Loss: 0.016645
2026-05-16 22:02:09,312 [INFO] DIMTrainer -   Epoch [20/30] Step [200/625] Loss: 0.016498
2026-05-16 22:02:10,256 [INFO] DIMTrainer -   Epoch [20/30] Step [210/625] Loss: 0.015854
2026-05-16 22:02:11,335 [INFO] DIMTrainer -   Epoch [20/30] Step [220/625] Loss: 0.016421
2026-05-16 22:02:12,478 [INFO] DIMTrainer -   Epoch [20/30] Step [230/625] Loss: 0.016469
2026-05-16 22:02:13,982 [INFO] DIMTrainer -   Epoch [20/30] Step [240/625] Loss: 0.016755
2026-05-16 22:02:15,561 [INFO] DIMTrainer -   Epoch [20/30] Step [250/625] Loss: 0.016578
2026-05-16 22:02:17,281 [INFO] DIMTrainer -   Epoch [20/30] Step [260/625] Loss: 0.016206
2026-05-16 22:02:19,232 [INFO] DIMTrainer -   Epoch [20/30] Step [270/625] Loss: 0.015968
2026-05-16 22:02:21,022 [INFO] DIMTrainer -   Epoch [20/30] Step [280/625] Loss: 0.016083
2026-05-16 22:02:22,417 [INFO] DIMTrainer -   Epoch [20/30] Step [290/625] Loss: 0.016416
2026-05-16 22:02:23,741 [INFO] DIMTrainer -   Epoch [20/30] Step [300/625] Loss: 0.016282
2026-05-16 22:02:25,014 [INFO] DIMTrainer -   Epoch [20/30] Step [310/625] Loss: 0.016262
2026-05-16 22:02:26,207 [INFO] DIMTrainer -   Epoch [20/30] Step [320/625] Loss: 0.016410
2026-05-16 22:02:27,302 [INFO] DIMTrainer -   Epoch [20/30] Step [330/625] Loss: 0.016304
2026-05-16 22:02:28,229 [INFO] DIMTrainer -   Epoch [20/30] Step [340/625] Loss: 0.016119
2026-05-16 22:02:29,234 [INFO] DIMTrainer -   Epoch [20/30] Step [350/625] Loss: 0.015921
2026-05-16 22:02:30,367 [INFO] DIMTrainer -   Epoch [20/30] Step [360/625] Loss: 0.016220
2026-05-16 22:02:31,425 [INFO] DIMTrainer -   Epoch [20/30] Step [370/625] Loss: 0.016179
2026-05-16 22:02:32,438 [INFO] DIMTrainer -   Epoch [20/30] Step [380/625] Loss: 0.016064
2026-05-16 22:02:33,503 [INFO] DIMTrainer -   Epoch [20/30] Step [390/625] Loss: 0.015754
2026-05-16 22:02:34,458 [INFO] DIMTrainer -   Epoch [20/30] Step [400/625] Loss: 0.015806
2026-05-16 22:02:35,438 [INFO] DIMTrainer -   Epoch [20/30] Step [410/625] Loss: 0.016095
2026-05-16 22:02:36,449 [INFO] DIMTrainer -   Epoch [20/30] Step [420/625] Loss: 0.016276
2026-05-16 22:02:37,433 [INFO] DIMTrainer -   Epoch [20/30] Step [430/625] Loss: 0.016270
2026-05-16 22:02:38,429 [INFO] DIMTrainer -   Epoch [20/30] Step [440/625] Loss: 0.016069
2026-05-16 22:02:39,396 [INFO] DIMTrainer -   Epoch [20/30] Step [450/625] Loss: 0.016047
2026-05-16 22:02:40,386 [INFO] DIMTrainer -   Epoch [20/30] Step [460/625] Loss: 0.016111
2026-05-16 22:02:41,361 [INFO] DIMTrainer -   Epoch [20/30] Step [470/625] Loss: 0.016528
2026-05-16 22:02:42,360 [INFO] DIMTrainer -   Epoch [20/30] Step [480/625] Loss: 0.016451
2026-05-16 22:02:43,362 [INFO] DIMTrainer -   Epoch [20/30] Step [490/625] Loss: 0.016227
2026-05-16 22:02:44,347 [INFO] DIMTrainer -   Epoch [20/30] Step [500/625] Loss: 0.016494
2026-05-16 22:02:45,349 [INFO] DIMTrainer -   Epoch [20/30] Step [510/625] Loss: 0.016793
2026-05-16 22:02:46,302 [INFO] DIMTrainer -   Epoch [20/30] Step [520/625] Loss: 0.016800
2026-05-16 22:02:47,273 [INFO] DIMTrainer -   Epoch [20/30] Step [530/625] Loss: 0.016758
2026-05-16 22:02:48,231 [INFO] DIMTrainer -   Epoch [20/30] Step [540/625] Loss: 0.017080
2026-05-16 22:02:49,135 [INFO] DIMTrainer -   Epoch [20/30] Step [550/625] Loss: 0.016879
2026-05-16 22:02:50,067 [INFO] DIMTrainer -   Epoch [20/30] Step [560/625] Loss: 0.016867
2026-05-16 22:02:50,975 [INFO] DIMTrainer -   Epoch [20/30] Step [570/625] Loss: 0.017410
2026-05-16 22:02:51,915 [INFO] DIMTrainer -   Epoch [20/30] Step [580/625] Loss: 0.017565
2026-05-16 22:02:52,906 [INFO] DIMTrainer -   Epoch [20/30] Step [590/625] Loss: 0.017647
2026-05-16 22:02:53,864 [INFO] DIMTrainer -   Epoch [20/30] Step [600/625] Loss: 0.017520
2026-05-16 22:02:54,808 [INFO] DIMTrainer -   Epoch [20/30] Step [610/625] Loss: 0.017722
2026-05-16 22:02:55,806 [INFO] DIMTrainer -   Epoch [20/30] Step [620/625] Loss: 0.017766
2026-05-16 22:03:04,749 [INFO] DIMTrainer - Epoch  20/30 | Loss=0.017789 | HR@5=0.8950 | MAP@5=0.8697 | NDCG@5=0.8761 | Time=75.5s
2026-05-16 22:03:05,795 [INFO] DIMTrainer -   Epoch [21/30] Step [10/625] Loss: 0.017657
2026-05-16 22:03:06,833 [INFO] DIMTrainer -   Epoch [21/30] Step [20/625] Loss: 0.017906
2026-05-16 22:03:07,784 [INFO] DIMTrainer -   Epoch [21/30] Step [30/625] Loss: 0.017384
2026-05-16 22:03:08,737 [INFO] DIMTrainer -   Epoch [21/30] Step [40/625] Loss: 0.015021
2026-05-16 22:03:09,914 [INFO] DIMTrainer -   Epoch [21/30] Step [50/625] Loss: 0.013989
2026-05-16 22:03:11,088 [INFO] DIMTrainer -   Epoch [21/30] Step [60/625] Loss: 0.014264
2026-05-16 22:03:12,457 [INFO] DIMTrainer -   Epoch [21/30] Step [70/625] Loss: 0.013829
2026-05-16 22:03:13,724 [INFO] DIMTrainer -   Epoch [21/30] Step [80/625] Loss: 0.014643
2026-05-16 22:03:14,691 [INFO] DIMTrainer -   Epoch [21/30] Step [90/625] Loss: 0.014527
2026-05-16 22:03:15,698 [INFO] DIMTrainer -   Epoch [21/30] Step [100/625] Loss: 0.015668
2026-05-16 22:03:16,664 [INFO] DIMTrainer -   Epoch [21/30] Step [110/625] Loss: 0.016085
2026-05-16 22:03:17,606 [INFO] DIMTrainer -   Epoch [21/30] Step [120/625] Loss: 0.016380
2026-05-16 22:03:18,577 [INFO] DIMTrainer -   Epoch [21/30] Step [130/625] Loss: 0.016618
2026-05-16 22:03:19,600 [INFO] DIMTrainer -   Epoch [21/30] Step [140/625] Loss: 0.016428
2026-05-16 22:03:20,635 [INFO] DIMTrainer -   Epoch [21/30] Step [150/625] Loss: 0.016225
2026-05-16 22:03:21,681 [INFO] DIMTrainer -   Epoch [21/30] Step [160/625] Loss: 0.016215
2026-05-16 22:03:22,784 [INFO] DIMTrainer -   Epoch [21/30] Step [170/625] Loss: 0.015876
2026-05-16 22:03:23,820 [INFO] DIMTrainer -   Epoch [21/30] Step [180/625] Loss: 0.016339
2026-05-16 22:03:24,817 [INFO] DIMTrainer -   Epoch [21/30] Step [190/625] Loss: 0.016453
2026-05-16 22:03:25,796 [INFO] DIMTrainer -   Epoch [21/30] Step [200/625] Loss: 0.016713
2026-05-16 22:03:26,780 [INFO] DIMTrainer -   Epoch [21/30] Step [210/625] Loss: 0.016695
2026-05-16 22:03:27,743 [INFO] DIMTrainer -   Epoch [21/30] Step [220/625] Loss: 0.016889
2026-05-16 22:03:28,719 [INFO] DIMTrainer -   Epoch [21/30] Step [230/625] Loss: 0.016960
2026-05-16 22:03:29,643 [INFO] DIMTrainer -   Epoch [21/30] Step [240/625] Loss: 0.016995
2026-05-16 22:03:30,559 [INFO] DIMTrainer -   Epoch [21/30] Step [250/625] Loss: 0.017202
2026-05-16 22:03:31,466 [INFO] DIMTrainer -   Epoch [21/30] Step [260/625] Loss: 0.016761
2026-05-16 22:03:32,485 [INFO] DIMTrainer -   Epoch [21/30] Step [270/625] Loss: 0.016875
2026-05-16 22:03:33,505 [INFO] DIMTrainer -   Epoch [21/30] Step [280/625] Loss: 0.017184
2026-05-16 22:03:34,478 [INFO] DIMTrainer -   Epoch [21/30] Step [290/625] Loss: 0.016817
2026-05-16 22:03:35,429 [INFO] DIMTrainer -   Epoch [21/30] Step [300/625] Loss: 0.016855
2026-05-16 22:03:36,406 [INFO] DIMTrainer -   Epoch [21/30] Step [310/625] Loss: 0.016973
2026-05-16 22:03:37,411 [INFO] DIMTrainer -   Epoch [21/30] Step [320/625] Loss: 0.016793
2026-05-16 22:03:38,376 [INFO] DIMTrainer -   Epoch [21/30] Step [330/625] Loss: 0.016588
2026-05-16 22:03:39,375 [INFO] DIMTrainer -   Epoch [21/30] Step [340/625] Loss: 0.017039
2026-05-16 22:03:40,346 [INFO] DIMTrainer -   Epoch [21/30] Step [350/625] Loss: 0.017003
2026-05-16 22:03:41,324 [INFO] DIMTrainer -   Epoch [21/30] Step [360/625] Loss: 0.016993
2026-05-16 22:03:42,273 [INFO] DIMTrainer -   Epoch [21/30] Step [370/625] Loss: 0.016896
2026-05-16 22:03:43,322 [INFO] DIMTrainer -   Epoch [21/30] Step [380/625] Loss: 0.016926
2026-05-16 22:03:44,308 [INFO] DIMTrainer -   Epoch [21/30] Step [390/625] Loss: 0.016654
2026-05-16 22:03:45,389 [INFO] DIMTrainer -   Epoch [21/30] Step [400/625] Loss: 0.017117
2026-05-16 22:03:46,352 [INFO] DIMTrainer -   Epoch [21/30] Step [410/625] Loss: 0.016952
2026-05-16 22:03:47,339 [INFO] DIMTrainer -   Epoch [21/30] Step [420/625] Loss: 0.016927
2026-05-16 22:03:48,265 [INFO] DIMTrainer -   Epoch [21/30] Step [430/625] Loss: 0.016651
2026-05-16 22:03:49,187 [INFO] DIMTrainer -   Epoch [21/30] Step [440/625] Loss: 0.016766
2026-05-16 22:03:50,134 [INFO] DIMTrainer -   Epoch [21/30] Step [450/625] Loss: 0.016459
2026-05-16 22:03:51,065 [INFO] DIMTrainer -   Epoch [21/30] Step [460/625] Loss: 0.016146
2026-05-16 22:03:52,007 [INFO] DIMTrainer -   Epoch [21/30] Step [470/625] Loss: 0.015907
2026-05-16 22:03:52,913 [INFO] DIMTrainer -   Epoch [21/30] Step [480/625] Loss: 0.015701
2026-05-16 22:03:53,811 [INFO] DIMTrainer -   Epoch [21/30] Step [490/625] Loss: 0.015769
2026-05-16 22:03:54,745 [INFO] DIMTrainer -   Epoch [21/30] Step [500/625] Loss: 0.015886
2026-05-16 22:03:55,706 [INFO] DIMTrainer -   Epoch [21/30] Step [510/625] Loss: 0.015712
2026-05-16 22:03:56,731 [INFO] DIMTrainer -   Epoch [21/30] Step [520/625] Loss: 0.015870
2026-05-16 22:03:57,691 [INFO] DIMTrainer -   Epoch [21/30] Step [530/625] Loss: 0.016031
2026-05-16 22:03:58,647 [INFO] DIMTrainer -   Epoch [21/30] Step [540/625] Loss: 0.015894
2026-05-16 22:03:59,607 [INFO] DIMTrainer -   Epoch [21/30] Step [550/625] Loss: 0.015914
2026-05-16 22:04:00,597 [INFO] DIMTrainer -   Epoch [21/30] Step [560/625] Loss: 0.015922
2026-05-16 22:04:01,548 [INFO] DIMTrainer -   Epoch [21/30] Step [570/625] Loss: 0.015936
2026-05-16 22:04:02,522 [INFO] DIMTrainer -   Epoch [21/30] Step [580/625] Loss: 0.016305
2026-05-16 22:04:03,514 [INFO] DIMTrainer -   Epoch [21/30] Step [590/625] Loss: 0.016170
2026-05-16 22:04:04,435 [INFO] DIMTrainer -   Epoch [21/30] Step [600/625] Loss: 0.016115
2026-05-16 22:04:05,416 [INFO] DIMTrainer -   Epoch [21/30] Step [610/625] Loss: 0.016188
2026-05-16 22:04:06,372 [INFO] DIMTrainer -   Epoch [21/30] Step [620/625] Loss: 0.016186
2026-05-16 22:04:15,609 [INFO] DIMTrainer - Epoch  21/30 | Loss=0.016325 | HR@5=0.8910 | MAP@5=0.8493 | NDCG@5=0.8599 | Time=70.8s
2026-05-16 22:04:16,586 [INFO] DIMTrainer -   Epoch [22/30] Step [10/625] Loss: 0.007693
2026-05-16 22:04:17,586 [INFO] DIMTrainer -   Epoch [22/30] Step [20/625] Loss: 0.007735
2026-05-16 22:04:18,555 [INFO] DIMTrainer -   Epoch [22/30] Step [30/625] Loss: 0.012219
2026-05-16 22:04:19,540 [INFO] DIMTrainer -   Epoch [22/30] Step [40/625] Loss: 0.012538
2026-05-16 22:04:20,538 [INFO] DIMTrainer -   Epoch [22/30] Step [50/625] Loss: 0.012788
2026-05-16 22:04:21,490 [INFO] DIMTrainer -   Epoch [22/30] Step [60/625] Loss: 0.015518
2026-05-16 22:04:22,461 [INFO] DIMTrainer -   Epoch [22/30] Step [70/625] Loss: 0.015249
2026-05-16 22:04:23,505 [INFO] DIMTrainer -   Epoch [22/30] Step [80/625] Loss: 0.015181
2026-05-16 22:04:24,560 [INFO] DIMTrainer -   Epoch [22/30] Step [90/625] Loss: 0.015798
2026-05-16 22:04:25,604 [INFO] DIMTrainer -   Epoch [22/30] Step [100/625] Loss: 0.014886
2026-05-16 22:04:26,538 [INFO] DIMTrainer -   Epoch [22/30] Step [110/625] Loss: 0.014003
2026-05-16 22:04:27,643 [INFO] DIMTrainer -   Epoch [22/30] Step [120/625] Loss: 0.013437
2026-05-16 22:04:28,669 [INFO] DIMTrainer -   Epoch [22/30] Step [130/625] Loss: 0.013724
2026-05-16 22:04:29,757 [INFO] DIMTrainer -   Epoch [22/30] Step [140/625] Loss: 0.014601
2026-05-16 22:04:30,721 [INFO] DIMTrainer -   Epoch [22/30] Step [150/625] Loss: 0.014221
2026-05-16 22:04:31,650 [INFO] DIMTrainer -   Epoch [22/30] Step [160/625] Loss: 0.014936
2026-05-16 22:04:32,599 [INFO] DIMTrainer -   Epoch [22/30] Step [170/625] Loss: 0.015124
2026-05-16 22:04:33,548 [INFO] DIMTrainer -   Epoch [22/30] Step [180/625] Loss: 0.015346
2026-05-16 22:04:34,500 [INFO] DIMTrainer -   Epoch [22/30] Step [190/625] Loss: 0.015020
2026-05-16 22:04:35,480 [INFO] DIMTrainer -   Epoch [22/30] Step [200/625] Loss: 0.015331
2026-05-16 22:04:36,455 [INFO] DIMTrainer -   Epoch [22/30] Step [210/625] Loss: 0.015088
2026-05-16 22:04:37,493 [INFO] DIMTrainer -   Epoch [22/30] Step [220/625] Loss: 0.014874
2026-05-16 22:04:38,550 [INFO] DIMTrainer -   Epoch [22/30] Step [230/625] Loss: 0.014655
2026-05-16 22:04:39,484 [INFO] DIMTrainer -   Epoch [22/30] Step [240/625] Loss: 0.014354
2026-05-16 22:04:40,451 [INFO] DIMTrainer -   Epoch [22/30] Step [250/625] Loss: 0.014530
2026-05-16 22:04:41,389 [INFO] DIMTrainer -   Epoch [22/30] Step [260/625] Loss: 0.014836
2026-05-16 22:04:42,402 [INFO] DIMTrainer -   Epoch [22/30] Step [270/625] Loss: 0.014970
2026-05-16 22:04:43,308 [INFO] DIMTrainer -   Epoch [22/30] Step [280/625] Loss: 0.015901
2026-05-16 22:04:44,203 [INFO] DIMTrainer -   Epoch [22/30] Step [290/625] Loss: 0.015735
2026-05-16 22:04:45,158 [INFO] DIMTrainer -   Epoch [22/30] Step [300/625] Loss: 0.015652
2026-05-16 22:04:46,109 [INFO] DIMTrainer -   Epoch [22/30] Step [310/625] Loss: 0.015790
2026-05-16 22:04:47,021 [INFO] DIMTrainer -   Epoch [22/30] Step [320/625] Loss: 0.015576
2026-05-16 22:04:47,954 [INFO] DIMTrainer -   Epoch [22/30] Step [330/625] Loss: 0.015485
2026-05-16 22:04:48,967 [INFO] DIMTrainer -   Epoch [22/30] Step [340/625] Loss: 0.015418
2026-05-16 22:04:49,899 [INFO] DIMTrainer -   Epoch [22/30] Step [350/625] Loss: 0.015259
2026-05-16 22:04:50,859 [INFO] DIMTrainer -   Epoch [22/30] Step [360/625] Loss: 0.015123
2026-05-16 22:04:51,828 [INFO] DIMTrainer -   Epoch [22/30] Step [370/625] Loss: 0.015153
2026-05-16 22:04:52,790 [INFO] DIMTrainer -   Epoch [22/30] Step [380/625] Loss: 0.014926
2026-05-16 22:04:53,781 [INFO] DIMTrainer -   Epoch [22/30] Step [390/625] Loss: 0.014725
2026-05-16 22:04:54,741 [INFO] DIMTrainer -   Epoch [22/30] Step [400/625] Loss: 0.014731
2026-05-16 22:04:55,719 [INFO] DIMTrainer -   Epoch [22/30] Step [410/625] Loss: 0.014594
2026-05-16 22:04:56,695 [INFO] DIMTrainer -   Epoch [22/30] Step [420/625] Loss: 0.014428
2026-05-16 22:04:57,695 [INFO] DIMTrainer -   Epoch [22/30] Step [430/625] Loss: 0.014507
2026-05-16 22:04:58,648 [INFO] DIMTrainer -   Epoch [22/30] Step [440/625] Loss: 0.014274
2026-05-16 22:04:59,635 [INFO] DIMTrainer -   Epoch [22/30] Step [450/625] Loss: 0.014628
2026-05-16 22:05:00,643 [INFO] DIMTrainer -   Epoch [22/30] Step [460/625] Loss: 0.014538
2026-05-16 22:05:01,713 [INFO] DIMTrainer -   Epoch [22/30] Step [470/625] Loss: 0.014402
2026-05-16 22:05:02,674 [INFO] DIMTrainer -   Epoch [22/30] Step [480/625] Loss: 0.014326
2026-05-16 22:05:03,642 [INFO] DIMTrainer -   Epoch [22/30] Step [490/625] Loss: 0.014273
2026-05-16 22:05:04,575 [INFO] DIMTrainer -   Epoch [22/30] Step [500/625] Loss: 0.014267
2026-05-16 22:05:05,532 [INFO] DIMTrainer -   Epoch [22/30] Step [510/625] Loss: 0.014560
2026-05-16 22:05:06,454 [INFO] DIMTrainer -   Epoch [22/30] Step [520/625] Loss: 0.014646
2026-05-16 22:05:07,364 [INFO] DIMTrainer -   Epoch [22/30] Step [530/625] Loss: 0.014493
2026-05-16 22:05:08,279 [INFO] DIMTrainer -   Epoch [22/30] Step [540/625] Loss: 0.014436
2026-05-16 22:05:09,294 [INFO] DIMTrainer -   Epoch [22/30] Step [550/625] Loss: 0.014601
2026-05-16 22:05:10,215 [INFO] DIMTrainer -   Epoch [22/30] Step [560/625] Loss: 0.014448
2026-05-16 22:05:11,138 [INFO] DIMTrainer -   Epoch [22/30] Step [570/625] Loss: 0.014349
2026-05-16 22:05:12,137 [INFO] DIMTrainer -   Epoch [22/30] Step [580/625] Loss: 0.014407
2026-05-16 22:05:13,068 [INFO] DIMTrainer -   Epoch [22/30] Step [590/625] Loss: 0.014394
2026-05-16 22:05:14,042 [INFO] DIMTrainer -   Epoch [22/30] Step [600/625] Loss: 0.014220
2026-05-16 22:05:14,976 [INFO] DIMTrainer -   Epoch [22/30] Step [610/625] Loss: 0.014094
2026-05-16 22:05:15,945 [INFO] DIMTrainer -   Epoch [22/30] Step [620/625] Loss: 0.014109
2026-05-16 22:05:24,889 [INFO] DIMTrainer - Epoch  22/30 | Loss=0.014101 | HR@5=0.8890 | MAP@5=0.8567 | NDCG@5=0.8648 | Time=69.3s
2026-05-16 22:05:25,880 [INFO] DIMTrainer -   Epoch [23/30] Step [10/625] Loss: 0.007496
2026-05-16 22:05:26,797 [INFO] DIMTrainer -   Epoch [23/30] Step [20/625] Loss: 0.006081
2026-05-16 22:05:27,764 [INFO] DIMTrainer -   Epoch [23/30] Step [30/625] Loss: 0.008724
2026-05-16 22:05:28,747 [INFO] DIMTrainer -   Epoch [23/30] Step [40/625] Loss: 0.009237
2026-05-16 22:05:29,695 [INFO] DIMTrainer -   Epoch [23/30] Step [50/625] Loss: 0.009635
2026-05-16 22:05:30,710 [INFO] DIMTrainer -   Epoch [23/30] Step [60/625] Loss: 0.010158
2026-05-16 22:05:31,643 [INFO] DIMTrainer -   Epoch [23/30] Step [70/625] Loss: 0.011251
2026-05-16 22:05:32,589 [INFO] DIMTrainer -   Epoch [23/30] Step [80/625] Loss: 0.010420
2026-05-16 22:05:33,602 [INFO] DIMTrainer -   Epoch [23/30] Step [90/625] Loss: 0.011059
2026-05-16 22:05:34,576 [INFO] DIMTrainer -   Epoch [23/30] Step [100/625] Loss: 0.011463
2026-05-16 22:05:35,638 [INFO] DIMTrainer -   Epoch [23/30] Step [110/625] Loss: 0.011072
2026-05-16 22:05:36,608 [INFO] DIMTrainer -   Epoch [23/30] Step [120/625] Loss: 0.010581
2026-05-16 22:05:37,564 [INFO] DIMTrainer -   Epoch [23/30] Step [130/625] Loss: 0.010332
2026-05-16 22:05:38,500 [INFO] DIMTrainer -   Epoch [23/30] Step [140/625] Loss: 0.010436
2026-05-16 22:05:39,467 [INFO] DIMTrainer -   Epoch [23/30] Step [150/625] Loss: 0.012525
2026-05-16 22:05:40,485 [INFO] DIMTrainer -   Epoch [23/30] Step [160/625] Loss: 0.012069
2026-05-16 22:05:41,410 [INFO] DIMTrainer -   Epoch [23/30] Step [170/625] Loss: 0.011917
2026-05-16 22:05:42,325 [INFO] DIMTrainer -   Epoch [23/30] Step [180/625] Loss: 0.012276
2026-05-16 22:05:43,254 [INFO] DIMTrainer -   Epoch [23/30] Step [190/625] Loss: 0.011909
2026-05-16 22:05:44,167 [INFO] DIMTrainer -   Epoch [23/30] Step [200/625] Loss: 0.011592
2026-05-16 22:05:45,113 [INFO] DIMTrainer -   Epoch [23/30] Step [210/625] Loss: 0.011230
2026-05-16 22:05:46,031 [INFO] DIMTrainer -   Epoch [23/30] Step [220/625] Loss: 0.010950
2026-05-16 22:05:46,955 [INFO] DIMTrainer -   Epoch [23/30] Step [230/625] Loss: 0.010858
2026-05-16 22:05:47,890 [INFO] DIMTrainer -   Epoch [23/30] Step [240/625] Loss: 0.011063
2026-05-16 22:05:48,916 [INFO] DIMTrainer -   Epoch [23/30] Step [250/625] Loss: 0.011159
2026-05-16 22:05:49,915 [INFO] DIMTrainer -   Epoch [23/30] Step [260/625] Loss: 0.011052
2026-05-16 22:05:50,878 [INFO] DIMTrainer -   Epoch [23/30] Step [270/625] Loss: 0.010966
2026-05-16 22:05:51,821 [INFO] DIMTrainer -   Epoch [23/30] Step [280/625] Loss: 0.010887
2026-05-16 22:05:52,784 [INFO] DIMTrainer -   Epoch [23/30] Step [290/625] Loss: 0.010619
2026-05-16 22:05:53,747 [INFO] DIMTrainer -   Epoch [23/30] Step [300/625] Loss: 0.010863
2026-05-16 22:05:54,833 [INFO] DIMTrainer -   Epoch [23/30] Step [310/625] Loss: 0.011193
2026-05-16 22:05:55,819 [INFO] DIMTrainer -   Epoch [23/30] Step [320/625] Loss: 0.011432
2026-05-16 22:05:56,785 [INFO] DIMTrainer -   Epoch [23/30] Step [330/625] Loss: 0.011679
2026-05-16 22:05:57,754 [INFO] DIMTrainer -   Epoch [23/30] Step [340/625] Loss: 0.011913
2026-05-16 22:05:58,708 [INFO] DIMTrainer -   Epoch [23/30] Step [350/625] Loss: 0.012269
2026-05-16 22:05:59,697 [INFO] DIMTrainer -   Epoch [23/30] Step [360/625] Loss: 0.012121
2026-05-16 22:06:00,693 [INFO] DIMTrainer -   Epoch [23/30] Step [370/625] Loss: 0.012297
2026-05-16 22:06:01,629 [INFO] DIMTrainer -   Epoch [23/30] Step [380/625] Loss: 0.012159
2026-05-16 22:06:02,545 [INFO] DIMTrainer -   Epoch [23/30] Step [390/625] Loss: 0.012540
2026-05-16 22:06:03,572 [INFO] DIMTrainer -   Epoch [23/30] Step [400/625] Loss: 0.012516
2026-05-16 22:06:04,497 [INFO] DIMTrainer -   Epoch [23/30] Step [410/625] Loss: 0.012355
2026-05-16 22:06:05,408 [INFO] DIMTrainer -   Epoch [23/30] Step [420/625] Loss: 0.012257
2026-05-16 22:06:06,323 [INFO] DIMTrainer -   Epoch [23/30] Step [430/625] Loss: 0.012662
2026-05-16 22:06:07,269 [INFO] DIMTrainer -   Epoch [23/30] Step [440/625] Loss: 0.012601
2026-05-16 22:06:08,205 [INFO] DIMTrainer -   Epoch [23/30] Step [450/625] Loss: 0.012724
2026-05-16 22:06:09,183 [INFO] DIMTrainer -   Epoch [23/30] Step [460/625] Loss: 0.012678
2026-05-16 22:06:10,129 [INFO] DIMTrainer -   Epoch [23/30] Step [470/625] Loss: 0.012848
2026-05-16 22:06:11,257 [INFO] DIMTrainer -   Epoch [23/30] Step [480/625] Loss: 0.012779
2026-05-16 22:06:12,450 [INFO] DIMTrainer -   Epoch [23/30] Step [490/625] Loss: 0.012695
2026-05-16 22:06:13,609 [INFO] DIMTrainer -   Epoch [23/30] Step [500/625] Loss: 0.012680
2026-05-16 22:06:14,917 [INFO] DIMTrainer -   Epoch [23/30] Step [510/625] Loss: 0.012680
2026-05-16 22:06:16,020 [INFO] DIMTrainer -   Epoch [23/30] Step [520/625] Loss: 0.012505
2026-05-16 22:06:17,024 [INFO] DIMTrainer -   Epoch [23/30] Step [530/625] Loss: 0.012648
2026-05-16 22:06:18,024 [INFO] DIMTrainer -   Epoch [23/30] Step [540/625] Loss: 0.012803
2026-05-16 22:06:19,000 [INFO] DIMTrainer -   Epoch [23/30] Step [550/625] Loss: 0.012748
2026-05-16 22:06:20,043 [INFO] DIMTrainer -   Epoch [23/30] Step [560/625] Loss: 0.012579
2026-05-16 22:06:21,122 [INFO] DIMTrainer -   Epoch [23/30] Step [570/625] Loss: 0.012847
2026-05-16 22:06:22,152 [INFO] DIMTrainer -   Epoch [23/30] Step [580/625] Loss: 0.012779
2026-05-16 22:06:23,192 [INFO] DIMTrainer -   Epoch [23/30] Step [590/625] Loss: 0.012895
2026-05-16 22:06:24,168 [INFO] DIMTrainer -   Epoch [23/30] Step [600/625] Loss: 0.012748
2026-05-16 22:06:25,170 [INFO] DIMTrainer -   Epoch [23/30] Step [610/625] Loss: 0.013002
2026-05-16 22:06:26,149 [INFO] DIMTrainer -   Epoch [23/30] Step [620/625] Loss: 0.013033
2026-05-16 22:06:36,499 [INFO] DIMTrainer - Epoch  23/30 | Loss=0.012940 | HR@5=0.8860 | MAP@5=0.8573 | NDCG@5=0.8646 | Time=71.6s
2026-05-16 22:06:37,537 [INFO] DIMTrainer -   Epoch [24/30] Step [10/625] Loss: 0.012479
2026-05-16 22:06:38,576 [INFO] DIMTrainer -   Epoch [24/30] Step [20/625] Loss: 0.012958
2026-05-16 22:06:39,614 [INFO] DIMTrainer -   Epoch [24/30] Step [30/625] Loss: 0.010234
2026-05-16 22:06:40,793 [INFO] DIMTrainer -   Epoch [24/30] Step [40/625] Loss: 0.008715
2026-05-16 22:06:41,905 [INFO] DIMTrainer -   Epoch [24/30] Step [50/625] Loss: 0.012002
2026-05-16 22:06:42,927 [INFO] DIMTrainer -   Epoch [24/30] Step [60/625] Loss: 0.010099
2026-05-16 22:06:44,018 [INFO] DIMTrainer -   Epoch [24/30] Step [70/625] Loss: 0.010130
2026-05-16 22:06:45,053 [INFO] DIMTrainer -   Epoch [24/30] Step [80/625] Loss: 0.011404
2026-05-16 22:06:46,236 [INFO] DIMTrainer -   Epoch [24/30] Step [90/625] Loss: 0.011163
2026-05-16 22:06:47,349 [INFO] DIMTrainer -   Epoch [24/30] Step [100/625] Loss: 0.011857
2026-05-16 22:06:48,562 [INFO] DIMTrainer -   Epoch [24/30] Step [110/625] Loss: 0.011659
2026-05-16 22:06:49,657 [INFO] DIMTrainer -   Epoch [24/30] Step [120/625] Loss: 0.011323
2026-05-16 22:06:50,738 [INFO] DIMTrainer -   Epoch [24/30] Step [130/625] Loss: 0.011302
2026-05-16 22:06:51,747 [INFO] DIMTrainer -   Epoch [24/30] Step [140/625] Loss: 0.010826
2026-05-16 22:06:52,793 [INFO] DIMTrainer -   Epoch [24/30] Step [150/625] Loss: 0.010553
2026-05-16 22:06:53,906 [INFO] DIMTrainer -   Epoch [24/30] Step [160/625] Loss: 0.010404
2026-05-16 22:06:55,156 [INFO] DIMTrainer -   Epoch [24/30] Step [170/625] Loss: 0.010740
2026-05-16 22:06:56,372 [INFO] DIMTrainer -   Epoch [24/30] Step [180/625] Loss: 0.010653
2026-05-16 22:06:57,639 [INFO] DIMTrainer -   Epoch [24/30] Step [190/625] Loss: 0.010764
2026-05-16 22:06:58,777 [INFO] DIMTrainer -   Epoch [24/30] Step [200/625] Loss: 0.010804
2026-05-16 22:06:59,897 [INFO] DIMTrainer -   Epoch [24/30] Step [210/625] Loss: 0.010462
2026-05-16 22:07:01,069 [INFO] DIMTrainer -   Epoch [24/30] Step [220/625] Loss: 0.010534
2026-05-16 22:07:02,144 [INFO] DIMTrainer -   Epoch [24/30] Step [230/625] Loss: 0.010459
2026-05-16 22:07:03,180 [INFO] DIMTrainer -   Epoch [24/30] Step [240/625] Loss: 0.010399
2026-05-16 22:07:04,212 [INFO] DIMTrainer -   Epoch [24/30] Step [250/625] Loss: 0.010405
2026-05-16 22:07:05,181 [INFO] DIMTrainer -   Epoch [24/30] Step [260/625] Loss: 0.010835
2026-05-16 22:07:06,243 [INFO] DIMTrainer -   Epoch [24/30] Step [270/625] Loss: 0.010855
2026-05-16 22:07:07,239 [INFO] DIMTrainer -   Epoch [24/30] Step [280/625] Loss: 0.010641
2026-05-16 22:07:08,211 [INFO] DIMTrainer -   Epoch [24/30] Step [290/625] Loss: 0.010520
2026-05-16 22:07:09,251 [INFO] DIMTrainer -   Epoch [24/30] Step [300/625] Loss: 0.010700
2026-05-16 22:07:10,634 [INFO] DIMTrainer -   Epoch [24/30] Step [310/625] Loss: 0.010870
2026-05-16 22:07:11,786 [INFO] DIMTrainer -   Epoch [24/30] Step [320/625] Loss: 0.011506
2026-05-16 22:07:12,857 [INFO] DIMTrainer -   Epoch [24/30] Step [330/625] Loss: 0.011339
2026-05-16 22:07:14,148 [INFO] DIMTrainer -   Epoch [24/30] Step [340/625] Loss: 0.011322
2026-05-16 22:07:15,238 [INFO] DIMTrainer -   Epoch [24/30] Step [350/625] Loss: 0.011782
2026-05-16 22:07:16,222 [INFO] DIMTrainer -   Epoch [24/30] Step [360/625] Loss: 0.012185
2026-05-16 22:07:17,344 [INFO] DIMTrainer -   Epoch [24/30] Step [370/625] Loss: 0.011923
2026-05-16 22:07:18,424 [INFO] DIMTrainer -   Epoch [24/30] Step [380/625] Loss: 0.011935
2026-05-16 22:07:19,478 [INFO] DIMTrainer -   Epoch [24/30] Step [390/625] Loss: 0.011684
2026-05-16 22:07:20,500 [INFO] DIMTrainer -   Epoch [24/30] Step [400/625] Loss: 0.011588
2026-05-16 22:07:21,558 [INFO] DIMTrainer -   Epoch [24/30] Step [410/625] Loss: 0.011457
2026-05-16 22:07:22,636 [INFO] DIMTrainer -   Epoch [24/30] Step [420/625] Loss: 0.011464
2026-05-16 22:07:23,818 [INFO] DIMTrainer -   Epoch [24/30] Step [430/625] Loss: 0.011308
2026-05-16 22:07:25,129 [INFO] DIMTrainer -   Epoch [24/30] Step [440/625] Loss: 0.011375
2026-05-16 22:07:26,319 [INFO] DIMTrainer -   Epoch [24/30] Step [450/625] Loss: 0.011590
2026-05-16 22:07:27,404 [INFO] DIMTrainer -   Epoch [24/30] Step [460/625] Loss: 0.011547
2026-05-16 22:07:28,543 [INFO] DIMTrainer -   Epoch [24/30] Step [470/625] Loss: 0.011487
2026-05-16 22:07:29,602 [INFO] DIMTrainer -   Epoch [24/30] Step [480/625] Loss: 0.011581
2026-05-16 22:07:30,638 [INFO] DIMTrainer -   Epoch [24/30] Step [490/625] Loss: 0.011577
2026-05-16 22:07:31,655 [INFO] DIMTrainer -   Epoch [24/30] Step [500/625] Loss: 0.011614
2026-05-16 22:07:33,068 [INFO] DIMTrainer -   Epoch [24/30] Step [510/625] Loss: 0.011831
2026-05-16 22:07:34,127 [INFO] DIMTrainer -   Epoch [24/30] Step [520/625] Loss: 0.011774
2026-05-16 22:07:35,088 [INFO] DIMTrainer -   Epoch [24/30] Step [530/625] Loss: 0.011729
2026-05-16 22:07:36,106 [INFO] DIMTrainer -   Epoch [24/30] Step [540/625] Loss: 0.011574
2026-05-16 22:07:37,139 [INFO] DIMTrainer -   Epoch [24/30] Step [550/625] Loss: 0.011735
2026-05-16 22:07:38,225 [INFO] DIMTrainer -   Epoch [24/30] Step [560/625] Loss: 0.011822
2026-05-16 22:07:39,250 [INFO] DIMTrainer -   Epoch [24/30] Step [570/625] Loss: 0.011845
2026-05-16 22:07:40,267 [INFO] DIMTrainer -   Epoch [24/30] Step [580/625] Loss: 0.011825
2026-05-16 22:07:41,317 [INFO] DIMTrainer -   Epoch [24/30] Step [590/625] Loss: 0.011702
2026-05-16 22:07:42,386 [INFO] DIMTrainer -   Epoch [24/30] Step [600/625] Loss: 0.011689
2026-05-16 22:07:43,545 [INFO] DIMTrainer -   Epoch [24/30] Step [610/625] Loss: 0.011748
2026-05-16 22:07:44,701 [INFO] DIMTrainer -   Epoch [24/30] Step [620/625] Loss: 0.011692
2026-05-16 22:07:54,199 [INFO] DIMTrainer - Epoch  24/30 | Loss=0.011602 | HR@5=0.8735 | MAP@5=0.8323 | NDCG@5=0.8428 | Time=77.7s
2026-05-16 22:07:55,275 [INFO] DIMTrainer -   Epoch [25/30] Step [10/625] Loss: 0.006598
2026-05-16 22:07:56,298 [INFO] DIMTrainer -   Epoch [25/30] Step [20/625] Loss: 0.023029
2026-05-16 22:07:57,324 [INFO] DIMTrainer -   Epoch [25/30] Step [30/625] Loss: 0.019219
2026-05-16 22:07:58,465 [INFO] DIMTrainer -   Epoch [25/30] Step [40/625] Loss: 0.015485
2026-05-16 22:07:59,487 [INFO] DIMTrainer -   Epoch [25/30] Step [50/625] Loss: 0.015332
2026-05-16 22:08:00,506 [INFO] DIMTrainer -   Epoch [25/30] Step [60/625] Loss: 0.013358
2026-05-16 22:08:01,532 [INFO] DIMTrainer -   Epoch [25/30] Step [70/625] Loss: 0.011962
2026-05-16 22:08:02,770 [INFO] DIMTrainer -   Epoch [25/30] Step [80/625] Loss: 0.011770
2026-05-16 22:08:03,998 [INFO] DIMTrainer -   Epoch [25/30] Step [90/625] Loss: 0.011129
2026-05-16 22:08:05,145 [INFO] DIMTrainer -   Epoch [25/30] Step [100/625] Loss: 0.010808
2026-05-16 22:08:06,167 [INFO] DIMTrainer -   Epoch [25/30] Step [110/625] Loss: 0.010216
2026-05-16 22:08:07,167 [INFO] DIMTrainer -   Epoch [25/30] Step [120/625] Loss: 0.009835
2026-05-16 22:08:08,194 [INFO] DIMTrainer -   Epoch [25/30] Step [130/625] Loss: 0.009906
2026-05-16 22:08:09,379 [INFO] DIMTrainer -   Epoch [25/30] Step [140/625] Loss: 0.009863
2026-05-16 22:08:10,413 [INFO] DIMTrainer -   Epoch [25/30] Step [150/625] Loss: 0.009464
2026-05-16 22:08:11,444 [INFO] DIMTrainer -   Epoch [25/30] Step [160/625] Loss: 0.010006
2026-05-16 22:08:12,649 [INFO] DIMTrainer -   Epoch [25/30] Step [170/625] Loss: 0.009726
2026-05-16 22:08:14,101 [INFO] DIMTrainer -   Epoch [25/30] Step [180/625] Loss: 0.009773
2026-05-16 22:08:15,382 [INFO] DIMTrainer -   Epoch [25/30] Step [190/625] Loss: 0.009837
2026-05-16 22:08:16,758 [INFO] DIMTrainer -   Epoch [25/30] Step [200/625] Loss: 0.009819
2026-05-16 22:08:18,053 [INFO] DIMTrainer -   Epoch [25/30] Step [210/625] Loss: 0.009964
2026-05-16 22:08:19,279 [INFO] DIMTrainer -   Epoch [25/30] Step [220/625] Loss: 0.009985
2026-05-16 22:08:20,374 [INFO] DIMTrainer -   Epoch [25/30] Step [230/625] Loss: 0.009854
2026-05-16 22:08:21,442 [INFO] DIMTrainer -   Epoch [25/30] Step [240/625] Loss: 0.009762
2026-05-16 22:08:22,527 [INFO] DIMTrainer -   Epoch [25/30] Step [250/625] Loss: 0.009535
2026-05-16 22:08:23,832 [INFO] DIMTrainer -   Epoch [25/30] Step [260/625] Loss: 0.010012
2026-05-16 22:08:24,978 [INFO] DIMTrainer -   Epoch [25/30] Step [270/625] Loss: 0.009767
2026-05-16 22:08:26,138 [INFO] DIMTrainer -   Epoch [25/30] Step [280/625] Loss: 0.009864
2026-05-16 22:08:27,254 [INFO] DIMTrainer -   Epoch [25/30] Step [290/625] Loss: 0.010144
2026-05-16 22:08:28,369 [INFO] DIMTrainer -   Epoch [25/30] Step [300/625] Loss: 0.010190
2026-05-16 22:08:29,490 [INFO] DIMTrainer -   Epoch [25/30] Step [310/625] Loss: 0.010202
2026-05-16 22:08:30,608 [INFO] DIMTrainer -   Epoch [25/30] Step [320/625] Loss: 0.010516
2026-05-16 22:08:31,722 [INFO] DIMTrainer -   Epoch [25/30] Step [330/625] Loss: 0.010913
2026-05-16 22:08:32,800 [INFO] DIMTrainer -   Epoch [25/30] Step [340/625] Loss: 0.010667
2026-05-16 22:08:33,866 [INFO] DIMTrainer -   Epoch [25/30] Step [350/625] Loss: 0.010466
2026-05-16 22:08:35,124 [INFO] DIMTrainer -   Epoch [25/30] Step [360/625] Loss: 0.010371
2026-05-16 22:08:36,162 [INFO] DIMTrainer -   Epoch [25/30] Step [370/625] Loss: 0.010296
2026-05-16 22:08:37,194 [INFO] DIMTrainer -   Epoch [25/30] Step [380/625] Loss: 0.010312
2026-05-16 22:08:38,241 [INFO] DIMTrainer -   Epoch [25/30] Step [390/625] Loss: 0.010343
2026-05-16 22:08:39,326 [INFO] DIMTrainer -   Epoch [25/30] Step [400/625] Loss: 0.010364
2026-05-16 22:08:40,441 [INFO] DIMTrainer -   Epoch [25/30] Step [410/625] Loss: 0.010306
2026-05-16 22:08:41,481 [INFO] DIMTrainer -   Epoch [25/30] Step [420/625] Loss: 0.010311
2026-05-16 22:08:42,524 [INFO] DIMTrainer -   Epoch [25/30] Step [430/625] Loss: 0.010468
2026-05-16 22:08:43,758 [INFO] DIMTrainer -   Epoch [25/30] Step [440/625] Loss: 0.010386
2026-05-16 22:08:44,844 [INFO] DIMTrainer -   Epoch [25/30] Step [450/625] Loss: 0.010466
2026-05-16 22:08:46,128 [INFO] DIMTrainer -   Epoch [25/30] Step [460/625] Loss: 0.010440
2026-05-16 22:08:47,283 [INFO] DIMTrainer -   Epoch [25/30] Step [470/625] Loss: 0.010554
2026-05-16 22:08:48,518 [INFO] DIMTrainer -   Epoch [25/30] Step [480/625] Loss: 0.010508
2026-05-16 22:08:49,824 [INFO] DIMTrainer -   Epoch [25/30] Step [490/625] Loss: 0.010343
2026-05-16 22:08:50,873 [INFO] DIMTrainer -   Epoch [25/30] Step [500/625] Loss: 0.010496
2026-05-16 22:08:51,984 [INFO] DIMTrainer -   Epoch [25/30] Step [510/625] Loss: 0.010494
2026-05-16 22:08:53,350 [INFO] DIMTrainer -   Epoch [25/30] Step [520/625] Loss: 0.010403
2026-05-16 22:08:54,532 [INFO] DIMTrainer -   Epoch [25/30] Step [530/625] Loss: 0.010557
2026-05-16 22:08:55,675 [INFO] DIMTrainer -   Epoch [25/30] Step [540/625] Loss: 0.010643
2026-05-16 22:08:56,771 [INFO] DIMTrainer -   Epoch [25/30] Step [550/625] Loss: 0.010511
2026-05-16 22:08:58,013 [INFO] DIMTrainer -   Epoch [25/30] Step [560/625] Loss: 0.010706
2026-05-16 22:08:59,133 [INFO] DIMTrainer -   Epoch [25/30] Step [570/625] Loss: 0.010624
2026-05-16 22:09:00,125 [INFO] DIMTrainer -   Epoch [25/30] Step [580/625] Loss: 0.010579
2026-05-16 22:09:01,097 [INFO] DIMTrainer -   Epoch [25/30] Step [590/625] Loss: 0.010932
2026-05-16 22:09:02,160 [INFO] DIMTrainer -   Epoch [25/30] Step [600/625] Loss: 0.010941
2026-05-16 22:09:03,182 [INFO] DIMTrainer -   Epoch [25/30] Step [610/625] Loss: 0.010992
2026-05-16 22:09:04,157 [INFO] DIMTrainer -   Epoch [25/30] Step [620/625] Loss: 0.011093
2026-05-16 22:09:14,940 [INFO] DIMTrainer - Epoch  25/30 | Loss=0.011159 | HR@5=0.8905 | MAP@5=0.8623 | NDCG@5=0.8694 | Time=80.7s
2026-05-16 22:09:16,304 [INFO] DIMTrainer -   Epoch [26/30] Step [10/625] Loss: 0.034580
2026-05-16 22:09:17,331 [INFO] DIMTrainer -   Epoch [26/30] Step [20/625] Loss: 0.019518
2026-05-16 22:09:18,423 [INFO] DIMTrainer -   Epoch [26/30] Step [30/625] Loss: 0.015496
2026-05-16 22:09:19,417 [INFO] DIMTrainer -   Epoch [26/30] Step [40/625] Loss: 0.016931
2026-05-16 22:09:20,406 [INFO] DIMTrainer -   Epoch [26/30] Step [50/625] Loss: 0.017047
2026-05-16 22:09:21,354 [INFO] DIMTrainer -   Epoch [26/30] Step [60/625] Loss: 0.015743
2026-05-16 22:09:22,347 [INFO] DIMTrainer -   Epoch [26/30] Step [70/625] Loss: 0.013868
2026-05-16 22:09:23,357 [INFO] DIMTrainer -   Epoch [26/30] Step [80/625] Loss: 0.012693
2026-05-16 22:09:24,545 [INFO] DIMTrainer -   Epoch [26/30] Step [90/625] Loss: 0.012274
2026-05-16 22:09:25,609 [INFO] DIMTrainer -   Epoch [26/30] Step [100/625] Loss: 0.011835
2026-05-16 22:09:26,600 [INFO] DIMTrainer -   Epoch [26/30] Step [110/625] Loss: 0.012279
2026-05-16 22:09:27,608 [INFO] DIMTrainer -   Epoch [26/30] Step [120/625] Loss: 0.012391
2026-05-16 22:09:28,621 [INFO] DIMTrainer -   Epoch [26/30] Step [130/625] Loss: 0.012070
2026-05-16 22:09:29,634 [INFO] DIMTrainer -   Epoch [26/30] Step [140/625] Loss: 0.011312
2026-05-16 22:09:30,595 [INFO] DIMTrainer -   Epoch [26/30] Step [150/625] Loss: 0.011651
2026-05-16 22:09:31,654 [INFO] DIMTrainer -   Epoch [26/30] Step [160/625] Loss: 0.012097
2026-05-16 22:09:32,769 [INFO] DIMTrainer -   Epoch [26/30] Step [170/625] Loss: 0.011520
2026-05-16 22:09:33,765 [INFO] DIMTrainer -   Epoch [26/30] Step [180/625] Loss: 0.011044
2026-05-16 22:09:34,720 [INFO] DIMTrainer -   Epoch [26/30] Step [190/625] Loss: 0.010605
2026-05-16 22:09:35,782 [INFO] DIMTrainer -   Epoch [26/30] Step [200/625] Loss: 0.010463
2026-05-16 22:09:36,737 [INFO] DIMTrainer -   Epoch [26/30] Step [210/625] Loss: 0.010080
2026-05-16 22:09:37,669 [INFO] DIMTrainer -   Epoch [26/30] Step [220/625] Loss: 0.009969
2026-05-16 22:09:38,575 [INFO] DIMTrainer -   Epoch [26/30] Step [230/625] Loss: 0.009798
2026-05-16 22:09:39,478 [INFO] DIMTrainer -   Epoch [26/30] Step [240/625] Loss: 0.010265
2026-05-16 22:09:40,508 [INFO] DIMTrainer -   Epoch [26/30] Step [250/625] Loss: 0.010306
2026-05-16 22:09:41,722 [INFO] DIMTrainer -   Epoch [26/30] Step [260/625] Loss: 0.010827
2026-05-16 22:09:42,925 [INFO] DIMTrainer -   Epoch [26/30] Step [270/625] Loss: 0.010687
2026-05-16 22:09:44,125 [INFO] DIMTrainer -   Epoch [26/30] Step [280/625] Loss: 0.010703
2026-05-16 22:09:45,253 [INFO] DIMTrainer -   Epoch [26/30] Step [290/625] Loss: 0.011051
2026-05-16 22:09:46,390 [INFO] DIMTrainer -   Epoch [26/30] Step [300/625] Loss: 0.011104
2026-05-16 22:09:47,937 [INFO] DIMTrainer -   Epoch [26/30] Step [310/625] Loss: 0.010898
2026-05-16 22:09:49,295 [INFO] DIMTrainer -   Epoch [26/30] Step [320/625] Loss: 0.010841
2026-05-16 22:09:50,826 [INFO] DIMTrainer -   Epoch [26/30] Step [330/625] Loss: 0.010761
2026-05-16 22:09:52,254 [INFO] DIMTrainer -   Epoch [26/30] Step [340/625] Loss: 0.010810
2026-05-16 22:09:53,670 [INFO] DIMTrainer -   Epoch [26/30] Step [350/625] Loss: 0.010703
2026-05-16 22:09:54,811 [INFO] DIMTrainer -   Epoch [26/30] Step [360/625] Loss: 0.010823
2026-05-16 22:09:55,962 [INFO] DIMTrainer -   Epoch [26/30] Step [370/625] Loss: 0.010713
2026-05-16 22:09:57,151 [INFO] DIMTrainer -   Epoch [26/30] Step [380/625] Loss: 0.010522
2026-05-16 22:09:58,378 [INFO] DIMTrainer -   Epoch [26/30] Step [390/625] Loss: 0.010437
2026-05-16 22:09:59,516 [INFO] DIMTrainer -   Epoch [26/30] Step [400/625] Loss: 0.010599
2026-05-16 22:10:00,860 [INFO] DIMTrainer -   Epoch [26/30] Step [410/625] Loss: 0.010777
2026-05-16 22:10:01,939 [INFO] DIMTrainer -   Epoch [26/30] Step [420/625] Loss: 0.010876
2026-05-16 22:10:03,075 [INFO] DIMTrainer -   Epoch [26/30] Step [430/625] Loss: 0.011105
2026-05-16 22:10:04,199 [INFO] DIMTrainer -   Epoch [26/30] Step [440/625] Loss: 0.011280
2026-05-16 22:10:05,319 [INFO] DIMTrainer -   Epoch [26/30] Step [450/625] Loss: 0.011756
2026-05-16 22:10:06,358 [INFO] DIMTrainer -   Epoch [26/30] Step [460/625] Loss: 0.011671
2026-05-16 22:10:07,396 [INFO] DIMTrainer -   Epoch [26/30] Step [470/625] Loss: 0.012055
2026-05-16 22:10:08,566 [INFO] DIMTrainer -   Epoch [26/30] Step [480/625] Loss: 0.011938
2026-05-16 22:10:09,660 [INFO] DIMTrainer -   Epoch [26/30] Step [490/625] Loss: 0.011795
2026-05-16 22:10:10,826 [INFO] DIMTrainer -   Epoch [26/30] Step [500/625] Loss: 0.011682
2026-05-16 22:10:11,927 [INFO] DIMTrainer -   Epoch [26/30] Step [510/625] Loss: 0.011575
2026-05-16 22:10:13,047 [INFO] DIMTrainer -   Epoch [26/30] Step [520/625] Loss: 0.011625
2026-05-16 22:10:14,165 [INFO] DIMTrainer -   Epoch [26/30] Step [530/625] Loss: 0.011523
2026-05-16 22:10:15,401 [INFO] DIMTrainer -   Epoch [26/30] Step [540/625] Loss: 0.011431
2026-05-16 22:10:16,513 [INFO] DIMTrainer -   Epoch [26/30] Step [550/625] Loss: 0.011372
2026-05-16 22:10:17,674 [INFO] DIMTrainer -   Epoch [26/30] Step [560/625] Loss: 0.011321
2026-05-16 22:10:18,808 [INFO] DIMTrainer -   Epoch [26/30] Step [570/625] Loss: 0.011302
2026-05-16 22:10:19,969 [INFO] DIMTrainer -   Epoch [26/30] Step [580/625] Loss: 0.011164
2026-05-16 22:10:21,087 [INFO] DIMTrainer -   Epoch [26/30] Step [590/625] Loss: 0.011188
2026-05-16 22:10:22,207 [INFO] DIMTrainer -   Epoch [26/30] Step [600/625] Loss: 0.011210
2026-05-16 22:10:23,503 [INFO] DIMTrainer -   Epoch [26/30] Step [610/625] Loss: 0.011357
2026-05-16 22:10:24,602 [INFO] DIMTrainer -   Epoch [26/30] Step [620/625] Loss: 0.011297
2026-05-16 22:10:34,499 [INFO] DIMTrainer - Epoch  26/30 | Loss=0.011309 | HR@5=0.8975 | MAP@5=0.8655 | NDCG@5=0.8736 | Time=79.5s
2026-05-16 22:10:35,621 [INFO] DIMTrainer -   Epoch [27/30] Step [10/625] Loss: 0.003718
2026-05-16 22:10:36,649 [INFO] DIMTrainer -   Epoch [27/30] Step [20/625] Loss: 0.012123
2026-05-16 22:10:37,661 [INFO] DIMTrainer -   Epoch [27/30] Step [30/625] Loss: 0.009794
2026-05-16 22:10:38,784 [INFO] DIMTrainer -   Epoch [27/30] Step [40/625] Loss: 0.009572
2026-05-16 22:10:39,806 [INFO] DIMTrainer -   Epoch [27/30] Step [50/625] Loss: 0.013640
2026-05-16 22:10:40,889 [INFO] DIMTrainer -   Epoch [27/30] Step [60/625] Loss: 0.013507
2026-05-16 22:10:41,936 [INFO] DIMTrainer -   Epoch [27/30] Step [70/625] Loss: 0.013397
2026-05-16 22:10:42,961 [INFO] DIMTrainer -   Epoch [27/30] Step [80/625] Loss: 0.013381
2026-05-16 22:10:44,002 [INFO] DIMTrainer -   Epoch [27/30] Step [90/625] Loss: 0.012659
2026-05-16 22:10:44,967 [INFO] DIMTrainer -   Epoch [27/30] Step [100/625] Loss: 0.012606
2026-05-16 22:10:45,946 [INFO] DIMTrainer -   Epoch [27/30] Step [110/625] Loss: 0.011988
2026-05-16 22:10:46,913 [INFO] DIMTrainer -   Epoch [27/30] Step [120/625] Loss: 0.011320
2026-05-16 22:10:47,888 [INFO] DIMTrainer -   Epoch [27/30] Step [130/625] Loss: 0.012251
2026-05-16 22:10:48,994 [INFO] DIMTrainer -   Epoch [27/30] Step [140/625] Loss: 0.011774
2026-05-16 22:10:50,029 [INFO] DIMTrainer -   Epoch [27/30] Step [150/625] Loss: 0.011506
2026-05-16 22:10:50,970 [INFO] DIMTrainer -   Epoch [27/30] Step [160/625] Loss: 0.011291
2026-05-16 22:10:51,878 [INFO] DIMTrainer -   Epoch [27/30] Step [170/625] Loss: 0.011517
2026-05-16 22:10:52,801 [INFO] DIMTrainer -   Epoch [27/30] Step [180/625] Loss: 0.011469
2026-05-16 22:10:53,760 [INFO] DIMTrainer -   Epoch [27/30] Step [190/625] Loss: 0.011096
2026-05-16 22:10:54,704 [INFO] DIMTrainer -   Epoch [27/30] Step [200/625] Loss: 0.010924
2026-05-16 22:10:55,749 [INFO] DIMTrainer -   Epoch [27/30] Step [210/625] Loss: 0.010532
2026-05-16 22:10:56,696 [INFO] DIMTrainer -   Epoch [27/30] Step [220/625] Loss: 0.010227
2026-05-16 22:10:57,671 [INFO] DIMTrainer -   Epoch [27/30] Step [230/625] Loss: 0.009876
2026-05-16 22:10:58,658 [INFO] DIMTrainer -   Epoch [27/30] Step [240/625] Loss: 0.010122
2026-05-16 22:10:59,637 [INFO] DIMTrainer -   Epoch [27/30] Step [250/625] Loss: 0.009841
2026-05-16 22:11:00,756 [INFO] DIMTrainer -   Epoch [27/30] Step [260/625] Loss: 0.010418
2026-05-16 22:11:01,760 [INFO] DIMTrainer -   Epoch [27/30] Step [270/625] Loss: 0.010258
2026-05-16 22:11:02,733 [INFO] DIMTrainer -   Epoch [27/30] Step [280/625] Loss: 0.010067
2026-05-16 22:11:03,700 [INFO] DIMTrainer -   Epoch [27/30] Step [290/625] Loss: 0.009999
2026-05-16 22:11:04,658 [INFO] DIMTrainer -   Epoch [27/30] Step [300/625] Loss: 0.009974
2026-05-16 22:11:05,631 [INFO] DIMTrainer -   Epoch [27/30] Step [310/625] Loss: 0.010137
2026-05-16 22:11:06,566 [INFO] DIMTrainer -   Epoch [27/30] Step [320/625] Loss: 0.009999
2026-05-16 22:11:07,506 [INFO] DIMTrainer -   Epoch [27/30] Step [330/625] Loss: 0.009820
2026-05-16 22:11:08,530 [INFO] DIMTrainer -   Epoch [27/30] Step [340/625] Loss: 0.010562
2026-05-16 22:11:09,441 [INFO] DIMTrainer -   Epoch [27/30] Step [350/625] Loss: 0.010411
2026-05-16 22:11:10,401 [INFO] DIMTrainer -   Epoch [27/30] Step [360/625] Loss: 0.010489
2026-05-16 22:11:11,330 [INFO] DIMTrainer -   Epoch [27/30] Step [370/625] Loss: 0.010363
2026-05-16 22:11:12,321 [INFO] DIMTrainer -   Epoch [27/30] Step [380/625] Loss: 0.010264
2026-05-16 22:11:13,366 [INFO] DIMTrainer -   Epoch [27/30] Step [390/625] Loss: 0.010109
2026-05-16 22:11:14,310 [INFO] DIMTrainer -   Epoch [27/30] Step [400/625] Loss: 0.009945
2026-05-16 22:11:15,263 [INFO] DIMTrainer -   Epoch [27/30] Step [410/625] Loss: 0.010095
2026-05-16 22:11:16,243 [INFO] DIMTrainer -   Epoch [27/30] Step [420/625] Loss: 0.009966
2026-05-16 22:11:17,197 [INFO] DIMTrainer -   Epoch [27/30] Step [430/625] Loss: 0.010148
2026-05-16 22:11:18,173 [INFO] DIMTrainer -   Epoch [27/30] Step [440/625] Loss: 0.010055
2026-05-16 22:11:19,101 [INFO] DIMTrainer -   Epoch [27/30] Step [450/625] Loss: 0.009980
2026-05-16 22:11:20,091 [INFO] DIMTrainer -   Epoch [27/30] Step [460/625] Loss: 0.010228
2026-05-16 22:11:21,056 [INFO] DIMTrainer -   Epoch [27/30] Step [470/625] Loss: 0.010093
2026-05-16 22:11:22,038 [INFO] DIMTrainer -   Epoch [27/30] Step [480/625] Loss: 0.010006
2026-05-16 22:11:23,055 [INFO] DIMTrainer -   Epoch [27/30] Step [490/625] Loss: 0.009946
2026-05-16 22:11:23,980 [INFO] DIMTrainer -   Epoch [27/30] Step [500/625] Loss: 0.010119
2026-05-16 22:11:24,958 [INFO] DIMTrainer -   Epoch [27/30] Step [510/625] Loss: 0.010041
2026-05-16 22:11:25,942 [INFO] DIMTrainer -   Epoch [27/30] Step [520/625] Loss: 0.010170
2026-05-16 22:11:26,901 [INFO] DIMTrainer -   Epoch [27/30] Step [530/625] Loss: 0.010096
2026-05-16 22:11:27,866 [INFO] DIMTrainer -   Epoch [27/30] Step [540/625] Loss: 0.010183
2026-05-16 22:11:28,783 [INFO] DIMTrainer -   Epoch [27/30] Step [550/625] Loss: 0.010135
2026-05-16 22:11:29,724 [INFO] DIMTrainer -   Epoch [27/30] Step [560/625] Loss: 0.010166
2026-05-16 22:11:30,743 [INFO] DIMTrainer -   Epoch [27/30] Step [570/625] Loss: 0.010162
2026-05-16 22:11:31,675 [INFO] DIMTrainer -   Epoch [27/30] Step [580/625] Loss: 0.010088
2026-05-16 22:11:32,580 [INFO] DIMTrainer -   Epoch [27/30] Step [590/625] Loss: 0.009984
2026-05-16 22:11:33,520 [INFO] DIMTrainer -   Epoch [27/30] Step [600/625] Loss: 0.009930
2026-05-16 22:11:34,448 [INFO] DIMTrainer -   Epoch [27/30] Step [610/625] Loss: 0.009908
2026-05-16 22:11:35,345 [INFO] DIMTrainer -   Epoch [27/30] Step [620/625] Loss: 0.009911
2026-05-16 22:11:44,231 [INFO] DIMTrainer - Epoch  27/30 | Loss=0.009850 | HR@5=0.8925 | MAP@5=0.8651 | NDCG@5=0.8720 | Time=69.7s
2026-05-16 22:11:45,256 [INFO] DIMTrainer -   Epoch [28/30] Step [10/625] Loss: 0.016386
2026-05-16 22:11:46,198 [INFO] DIMTrainer -   Epoch [28/30] Step [20/625] Loss: 0.015490
2026-05-16 22:11:47,089 [INFO] DIMTrainer -   Epoch [28/30] Step [30/625] Loss: 0.013228
2026-05-16 22:11:47,970 [INFO] DIMTrainer -   Epoch [28/30] Step [40/625] Loss: 0.012877
2026-05-16 22:11:48,950 [INFO] DIMTrainer -   Epoch [28/30] Step [50/625] Loss: 0.011709
2026-05-16 22:11:49,930 [INFO] DIMTrainer -   Epoch [28/30] Step [60/625] Loss: 0.010418
2026-05-16 22:11:50,890 [INFO] DIMTrainer -   Epoch [28/30] Step [70/625] Loss: 0.009853
2026-05-16 22:11:51,821 [INFO] DIMTrainer -   Epoch [28/30] Step [80/625] Loss: 0.009091
2026-05-16 22:11:52,848 [INFO] DIMTrainer -   Epoch [28/30] Step [90/625] Loss: 0.008856
2026-05-16 22:11:53,783 [INFO] DIMTrainer -   Epoch [28/30] Step [100/625] Loss: 0.008837
2026-05-16 22:11:54,787 [INFO] DIMTrainer -   Epoch [28/30] Step [110/625] Loss: 0.008699
2026-05-16 22:11:55,778 [INFO] DIMTrainer -   Epoch [28/30] Step [120/625] Loss: 0.008524
2026-05-16 22:11:56,767 [INFO] DIMTrainer -   Epoch [28/30] Step [130/625] Loss: 0.008523
2026-05-16 22:11:57,744 [INFO] DIMTrainer -   Epoch [28/30] Step [140/625] Loss: 0.008875
2026-05-16 22:11:58,684 [INFO] DIMTrainer -   Epoch [28/30] Step [150/625] Loss: 0.009118
2026-05-16 22:11:59,678 [INFO] DIMTrainer -   Epoch [28/30] Step [160/625] Loss: 0.008749
2026-05-16 22:12:00,646 [INFO] DIMTrainer -   Epoch [28/30] Step [170/625] Loss: 0.009270
2026-05-16 22:12:01,559 [INFO] DIMTrainer -   Epoch [28/30] Step [180/625] Loss: 0.009289
2026-05-16 22:12:02,474 [INFO] DIMTrainer -   Epoch [28/30] Step [190/625] Loss: 0.009645
2026-05-16 22:12:03,504 [INFO] DIMTrainer -   Epoch [28/30] Step [200/625] Loss: 0.009542
2026-05-16 22:12:04,433 [INFO] DIMTrainer -   Epoch [28/30] Step [210/625] Loss: 0.010371
2026-05-16 22:12:05,355 [INFO] DIMTrainer -   Epoch [28/30] Step [220/625] Loss: 0.010353
2026-05-16 22:12:06,266 [INFO] DIMTrainer -   Epoch [28/30] Step [230/625] Loss: 0.010428
2026-05-16 22:12:07,208 [INFO] DIMTrainer -   Epoch [28/30] Step [240/625] Loss: 0.010628
2026-05-16 22:12:08,148 [INFO] DIMTrainer -   Epoch [28/30] Step [250/625] Loss: 0.010764
2026-05-16 22:12:09,091 [INFO] DIMTrainer -   Epoch [28/30] Step [260/625] Loss: 0.010903
2026-05-16 22:12:10,098 [INFO] DIMTrainer -   Epoch [28/30] Step [270/625] Loss: 0.010818
2026-05-16 22:12:11,100 [INFO] DIMTrainer -   Epoch [28/30] Step [280/625] Loss: 0.010625
2026-05-16 22:12:12,086 [INFO] DIMTrainer -   Epoch [28/30] Step [290/625] Loss: 0.010658
2026-05-16 22:12:13,235 [INFO] DIMTrainer -   Epoch [28/30] Step [300/625] Loss: 0.010510
2026-05-16 22:12:14,375 [INFO] DIMTrainer -   Epoch [28/30] Step [310/625] Loss: 0.010279
2026-05-16 22:12:15,472 [INFO] DIMTrainer -   Epoch [28/30] Step [320/625] Loss: 0.010061
2026-05-16 22:12:16,739 [INFO] DIMTrainer -   Epoch [28/30] Step [330/625] Loss: 0.009937
2026-05-16 22:12:18,004 [INFO] DIMTrainer -   Epoch [28/30] Step [340/625] Loss: 0.009710
2026-05-16 22:12:19,101 [INFO] DIMTrainer -   Epoch [28/30] Step [350/625] Loss: 0.009503
2026-05-16 22:12:20,221 [INFO] DIMTrainer -   Epoch [28/30] Step [360/625] Loss: 0.009360
2026-05-16 22:12:21,312 [INFO] DIMTrainer -   Epoch [28/30] Step [370/625] Loss: 0.009476
2026-05-16 22:12:22,450 [INFO] DIMTrainer -   Epoch [28/30] Step [380/625] Loss: 0.009352
2026-05-16 22:12:23,554 [INFO] DIMTrainer -   Epoch [28/30] Step [390/625] Loss: 0.009437
2026-05-16 22:12:24,683 [INFO] DIMTrainer -   Epoch [28/30] Step [400/625] Loss: 0.009553
2026-05-16 22:12:25,904 [INFO] DIMTrainer -   Epoch [28/30] Step [410/625] Loss: 0.009442
2026-05-16 22:12:26,981 [INFO] DIMTrainer -   Epoch [28/30] Step [420/625] Loss: 0.009597
2026-05-16 22:12:28,100 [INFO] DIMTrainer -   Epoch [28/30] Step [430/625] Loss: 0.009540
2026-05-16 22:12:29,143 [INFO] DIMTrainer -   Epoch [28/30] Step [440/625] Loss: 0.009544
2026-05-16 22:12:30,221 [INFO] DIMTrainer -   Epoch [28/30] Step [450/625] Loss: 0.009597
2026-05-16 22:12:31,239 [INFO] DIMTrainer -   Epoch [28/30] Step [460/625] Loss: 0.009661
2026-05-16 22:12:32,337 [INFO] DIMTrainer -   Epoch [28/30] Step [470/625] Loss: 0.009512
2026-05-16 22:12:33,526 [INFO] DIMTrainer -   Epoch [28/30] Step [480/625] Loss: 0.009339
2026-05-16 22:12:34,797 [INFO] DIMTrainer -   Epoch [28/30] Step [490/625] Loss: 0.009359
2026-05-16 22:12:35,865 [INFO] DIMTrainer -   Epoch [28/30] Step [500/625] Loss: 0.009478
2026-05-16 22:12:36,997 [INFO] DIMTrainer -   Epoch [28/30] Step [510/625] Loss: 0.009468
2026-05-16 22:12:38,082 [INFO] DIMTrainer -   Epoch [28/30] Step [520/625] Loss: 0.009703
2026-05-16 22:12:39,211 [INFO] DIMTrainer -   Epoch [28/30] Step [530/625] Loss: 0.009563
2026-05-16 22:12:40,328 [INFO] DIMTrainer -   Epoch [28/30] Step [540/625] Loss: 0.009545
2026-05-16 22:12:41,628 [INFO] DIMTrainer -   Epoch [28/30] Step [550/625] Loss: 0.009680
2026-05-16 22:12:42,829 [INFO] DIMTrainer -   Epoch [28/30] Step [560/625] Loss: 0.009576
2026-05-16 22:12:43,956 [INFO] DIMTrainer -   Epoch [28/30] Step [570/625] Loss: 0.009472
2026-05-16 22:12:45,079 [INFO] DIMTrainer -   Epoch [28/30] Step [580/625] Loss: 0.009438
2026-05-16 22:12:46,323 [INFO] DIMTrainer -   Epoch [28/30] Step [590/625] Loss: 0.009345
2026-05-16 22:12:47,539 [INFO] DIMTrainer -   Epoch [28/30] Step [600/625] Loss: 0.009282
2026-05-16 22:12:48,612 [INFO] DIMTrainer -   Epoch [28/30] Step [610/625] Loss: 0.009173
2026-05-16 22:12:49,737 [INFO] DIMTrainer -   Epoch [28/30] Step [620/625] Loss: 0.009266
2026-05-16 22:12:59,960 [INFO] DIMTrainer - Epoch  28/30 | Loss=0.009197 | HR@5=0.8945 | MAP@5=0.8621 | NDCG@5=0.8703 | Time=75.7s
2026-05-16 22:13:01,072 [INFO] DIMTrainer -   Epoch [29/30] Step [10/625] Loss: 0.001799
2026-05-16 22:13:02,111 [INFO] DIMTrainer -   Epoch [29/30] Step [20/625] Loss: 0.005025
2026-05-16 22:13:03,193 [INFO] DIMTrainer -   Epoch [29/30] Step [30/625] Loss: 0.004047
2026-05-16 22:13:04,360 [INFO] DIMTrainer -   Epoch [29/30] Step [40/625] Loss: 0.005402
2026-05-16 22:13:05,422 [INFO] DIMTrainer -   Epoch [29/30] Step [50/625] Loss: 0.004779
2026-05-16 22:13:06,456 [INFO] DIMTrainer -   Epoch [29/30] Step [60/625] Loss: 0.004977
2026-05-16 22:13:07,437 [INFO] DIMTrainer -   Epoch [29/30] Step [70/625] Loss: 0.006179
2026-05-16 22:13:08,441 [INFO] DIMTrainer -   Epoch [29/30] Step [80/625] Loss: 0.005971
2026-05-16 22:13:09,444 [INFO] DIMTrainer -   Epoch [29/30] Step [90/625] Loss: 0.005917
2026-05-16 22:13:10,394 [INFO] DIMTrainer -   Epoch [29/30] Step [100/625] Loss: 0.007303
2026-05-16 22:13:11,377 [INFO] DIMTrainer -   Epoch [29/30] Step [110/625] Loss: 0.006977
2026-05-16 22:13:12,549 [INFO] DIMTrainer -   Epoch [29/30] Step [120/625] Loss: 0.007470
2026-05-16 22:13:13,635 [INFO] DIMTrainer -   Epoch [29/30] Step [130/625] Loss: 0.007109
2026-05-16 22:13:14,625 [INFO] DIMTrainer -   Epoch [29/30] Step [140/625] Loss: 0.007157
2026-05-16 22:13:15,615 [INFO] DIMTrainer -   Epoch [29/30] Step [150/625] Loss: 0.007067
2026-05-16 22:13:16,647 [INFO] DIMTrainer -   Epoch [29/30] Step [160/625] Loss: 0.006820
2026-05-16 22:13:17,709 [INFO] DIMTrainer -   Epoch [29/30] Step [170/625] Loss: 0.006764
2026-05-16 22:13:18,717 [INFO] DIMTrainer -   Epoch [29/30] Step [180/625] Loss: 0.006526
2026-05-16 22:13:19,751 [INFO] DIMTrainer -   Epoch [29/30] Step [190/625] Loss: 0.007054
2026-05-16 22:13:20,767 [INFO] DIMTrainer -   Epoch [29/30] Step [200/625] Loss: 0.006925
2026-05-16 22:13:21,817 [INFO] DIMTrainer -   Epoch [29/30] Step [210/625] Loss: 0.007069
2026-05-16 22:13:22,930 [INFO] DIMTrainer -   Epoch [29/30] Step [220/625] Loss: 0.006840
2026-05-16 22:13:24,028 [INFO] DIMTrainer -   Epoch [29/30] Step [230/625] Loss: 0.007046
2026-05-16 22:13:25,096 [INFO] DIMTrainer -   Epoch [29/30] Step [240/625] Loss: 0.007202
2026-05-16 22:13:26,075 [INFO] DIMTrainer -   Epoch [29/30] Step [250/625] Loss: 0.007690
2026-05-16 22:13:27,106 [INFO] DIMTrainer -   Epoch [29/30] Step [260/625] Loss: 0.007655
2026-05-16 22:13:28,152 [INFO] DIMTrainer -   Epoch [29/30] Step [270/625] Loss: 0.007508
2026-05-16 22:13:29,154 [INFO] DIMTrainer -   Epoch [29/30] Step [280/625] Loss: 0.007366
2026-05-16 22:13:30,146 [INFO] DIMTrainer -   Epoch [29/30] Step [290/625] Loss: 0.007578
2026-05-16 22:13:31,056 [INFO] DIMTrainer -   Epoch [29/30] Step [300/625] Loss: 0.007515
2026-05-16 22:13:32,088 [INFO] DIMTrainer -   Epoch [29/30] Step [310/625] Loss: 0.007602
2026-05-16 22:13:33,050 [INFO] DIMTrainer -   Epoch [29/30] Step [320/625] Loss: 0.007662
2026-05-16 22:13:34,041 [INFO] DIMTrainer -   Epoch [29/30] Step [330/625] Loss: 0.007592
2026-05-16 22:13:35,004 [INFO] DIMTrainer -   Epoch [29/30] Step [340/625] Loss: 0.007598
2026-05-16 22:13:36,014 [INFO] DIMTrainer -   Epoch [29/30] Step [350/625] Loss: 0.007662
2026-05-16 22:13:37,023 [INFO] DIMTrainer -   Epoch [29/30] Step [360/625] Loss: 0.007633
2026-05-16 22:13:38,081 [INFO] DIMTrainer -   Epoch [29/30] Step [370/625] Loss: 0.007816
2026-05-16 22:13:39,115 [INFO] DIMTrainer -   Epoch [29/30] Step [380/625] Loss: 0.007817
2026-05-16 22:13:40,136 [INFO] DIMTrainer -   Epoch [29/30] Step [390/625] Loss: 0.007870
2026-05-16 22:13:41,161 [INFO] DIMTrainer -   Epoch [29/30] Step [400/625] Loss: 0.007713
2026-05-16 22:13:42,103 [INFO] DIMTrainer -   Epoch [29/30] Step [410/625] Loss: 0.007710
2026-05-16 22:13:43,115 [INFO] DIMTrainer -   Epoch [29/30] Step [420/625] Loss: 0.007694
2026-05-16 22:13:44,110 [INFO] DIMTrainer -   Epoch [29/30] Step [430/625] Loss: 0.008190
2026-05-16 22:13:45,143 [INFO] DIMTrainer -   Epoch [29/30] Step [440/625] Loss: 0.008131
2026-05-16 22:13:46,144 [INFO] DIMTrainer -   Epoch [29/30] Step [450/625] Loss: 0.008466
2026-05-16 22:13:47,171 [INFO] DIMTrainer -   Epoch [29/30] Step [460/625] Loss: 0.008437
2026-05-16 22:13:48,133 [INFO] DIMTrainer -   Epoch [29/30] Step [470/625] Loss: 0.008397
2026-05-16 22:13:49,090 [INFO] DIMTrainer -   Epoch [29/30] Step [480/625] Loss: 0.008265
2026-05-16 22:13:50,107 [INFO] DIMTrainer -   Epoch [29/30] Step [490/625] Loss: 0.008265
2026-05-16 22:13:51,059 [INFO] DIMTrainer -   Epoch [29/30] Step [500/625] Loss: 0.008215
2026-05-16 22:13:52,052 [INFO] DIMTrainer -   Epoch [29/30] Step [510/625] Loss: 0.008200
2026-05-16 22:13:53,005 [INFO] DIMTrainer -   Epoch [29/30] Step [520/625] Loss: 0.008135
2026-05-16 22:13:53,936 [INFO] DIMTrainer -   Epoch [29/30] Step [530/625] Loss: 0.008041
2026-05-16 22:13:55,009 [INFO] DIMTrainer -   Epoch [29/30] Step [540/625] Loss: 0.008054
2026-05-16 22:13:56,005 [INFO] DIMTrainer -   Epoch [29/30] Step [550/625] Loss: 0.008340
2026-05-16 22:13:56,993 [INFO] DIMTrainer -   Epoch [29/30] Step [560/625] Loss: 0.008324
2026-05-16 22:13:58,034 [INFO] DIMTrainer -   Epoch [29/30] Step [570/625] Loss: 0.008672
2026-05-16 22:13:59,081 [INFO] DIMTrainer -   Epoch [29/30] Step [580/625] Loss: 0.008685
2026-05-16 22:14:00,077 [INFO] DIMTrainer -   Epoch [29/30] Step [590/625] Loss: 0.008634
2026-05-16 22:14:01,109 [INFO] DIMTrainer -   Epoch [29/30] Step [600/625] Loss: 0.008631
2026-05-16 22:14:02,080 [INFO] DIMTrainer -   Epoch [29/30] Step [610/625] Loss: 0.008627
2026-05-16 22:14:03,128 [INFO] DIMTrainer -   Epoch [29/30] Step [620/625] Loss: 0.008692
2026-05-16 22:14:12,129 [INFO] DIMTrainer - Epoch  29/30 | Loss=0.008684 | HR@5=0.8915 | MAP@5=0.8646 | NDCG@5=0.8714 | Time=72.1s
2026-05-16 22:14:13,362 [INFO] DIMTrainer -   Epoch [30/30] Step [10/625] Loss: 0.004418
2026-05-16 22:14:14,352 [INFO] DIMTrainer -   Epoch [30/30] Step [20/625] Loss: 0.008961
2026-05-16 22:14:15,373 [INFO] DIMTrainer -   Epoch [30/30] Step [30/625] Loss: 0.010284
2026-05-16 22:14:16,351 [INFO] DIMTrainer -   Epoch [30/30] Step [40/625] Loss: 0.009622
2026-05-16 22:14:17,340 [INFO] DIMTrainer -   Epoch [30/30] Step [50/625] Loss: 0.009563
2026-05-16 22:14:18,331 [INFO] DIMTrainer -   Epoch [30/30] Step [60/625] Loss: 0.009260
2026-05-16 22:14:19,311 [INFO] DIMTrainer -   Epoch [30/30] Step [70/625] Loss: 0.009016
2026-05-16 22:14:20,284 [INFO] DIMTrainer -   Epoch [30/30] Step [80/625] Loss: 0.008704
2026-05-16 22:14:21,255 [INFO] DIMTrainer -   Epoch [30/30] Step [90/625] Loss: 0.008427
2026-05-16 22:14:22,248 [INFO] DIMTrainer -   Epoch [30/30] Step [100/625] Loss: 0.007670
2026-05-16 22:14:23,226 [INFO] DIMTrainer -   Epoch [30/30] Step [110/625] Loss: 0.007336
2026-05-16 22:14:24,172 [INFO] DIMTrainer -   Epoch [30/30] Step [120/625] Loss: 0.007491
2026-05-16 22:14:25,212 [INFO] DIMTrainer -   Epoch [30/30] Step [130/625] Loss: 0.008569
2026-05-16 22:14:26,140 [INFO] DIMTrainer -   Epoch [30/30] Step [140/625] Loss: 0.008251
2026-05-16 22:14:27,069 [INFO] DIMTrainer -   Epoch [30/30] Step [150/625] Loss: 0.008050
2026-05-16 22:14:27,980 [INFO] DIMTrainer -   Epoch [30/30] Step [160/625] Loss: 0.007813
2026-05-16 22:14:28,945 [INFO] DIMTrainer -   Epoch [30/30] Step [170/625] Loss: 0.007461
2026-05-16 22:14:29,925 [INFO] DIMTrainer -   Epoch [30/30] Step [180/625] Loss: 0.007428
2026-05-16 22:14:30,832 [INFO] DIMTrainer -   Epoch [30/30] Step [190/625] Loss: 0.007630
2026-05-16 22:14:31,759 [INFO] DIMTrainer -   Epoch [30/30] Step [200/625] Loss: 0.007733
2026-05-16 22:14:32,697 [INFO] DIMTrainer -   Epoch [30/30] Step [210/625] Loss: 0.008272
2026-05-16 22:14:33,615 [INFO] DIMTrainer -   Epoch [30/30] Step [220/625] Loss: 0.008238
2026-05-16 22:14:34,565 [INFO] DIMTrainer -   Epoch [30/30] Step [230/625] Loss: 0.008444
2026-05-16 22:14:35,541 [INFO] DIMTrainer -   Epoch [30/30] Step [240/625] Loss: 0.008312
2026-05-16 22:14:36,480 [INFO] DIMTrainer -   Epoch [30/30] Step [250/625] Loss: 0.008057
2026-05-16 22:14:37,512 [INFO] DIMTrainer -   Epoch [30/30] Step [260/625] Loss: 0.007865
2026-05-16 22:14:38,476 [INFO] DIMTrainer -   Epoch [30/30] Step [270/625] Loss: 0.007842
2026-05-16 22:14:39,464 [INFO] DIMTrainer -   Epoch [30/30] Step [280/625] Loss: 0.007686
2026-05-16 22:14:40,447 [INFO] DIMTrainer -   Epoch [30/30] Step [290/625] Loss: 0.007749
2026-05-16 22:14:41,405 [INFO] DIMTrainer -   Epoch [30/30] Step [300/625] Loss: 0.007710
2026-05-16 22:14:42,415 [INFO] DIMTrainer -   Epoch [30/30] Step [310/625] Loss: 0.007577
2026-05-16 22:14:43,350 [INFO] DIMTrainer -   Epoch [30/30] Step [320/625] Loss: 0.007819
2026-05-16 22:14:44,346 [INFO] DIMTrainer -   Epoch [30/30] Step [330/625] Loss: 0.007789
2026-05-16 22:14:45,327 [INFO] DIMTrainer -   Epoch [30/30] Step [340/625] Loss: 0.007643
2026-05-16 22:14:46,284 [INFO] DIMTrainer -   Epoch [30/30] Step [350/625] Loss: 0.007737
2026-05-16 22:14:47,222 [INFO] DIMTrainer -   Epoch [30/30] Step [360/625] Loss: 0.007864
2026-05-16 22:14:48,262 [INFO] DIMTrainer -   Epoch [30/30] Step [370/625] Loss: 0.008226
2026-05-16 22:14:49,208 [INFO] DIMTrainer -   Epoch [30/30] Step [380/625] Loss: 0.008311
2026-05-16 22:14:50,150 [INFO] DIMTrainer -   Epoch [30/30] Step [390/625] Loss: 0.008361
2026-05-16 22:14:51,082 [INFO] DIMTrainer -   Epoch [30/30] Step [400/625] Loss: 0.008399
2026-05-16 22:14:52,009 [INFO] DIMTrainer -   Epoch [30/30] Step [410/625] Loss: 0.008396
2026-05-16 22:14:52,905 [INFO] DIMTrainer -   Epoch [30/30] Step [420/625] Loss: 0.008402
2026-05-16 22:14:53,840 [INFO] DIMTrainer -   Epoch [30/30] Step [430/625] Loss: 0.008429
2026-05-16 22:14:54,781 [INFO] DIMTrainer -   Epoch [30/30] Step [440/625] Loss: 0.008635
2026-05-16 22:14:55,714 [INFO] DIMTrainer -   Epoch [30/30] Step [450/625] Loss: 0.008771
2026-05-16 22:14:56,655 [INFO] DIMTrainer -   Epoch [30/30] Step [460/625] Loss: 0.008918
2026-05-16 22:14:57,609 [INFO] DIMTrainer -   Epoch [30/30] Step [470/625] Loss: 0.008797
2026-05-16 22:14:58,580 [INFO] DIMTrainer -   Epoch [30/30] Step [480/625] Loss: 0.008904
2026-05-16 22:14:59,532 [INFO] DIMTrainer -   Epoch [30/30] Step [490/625] Loss: 0.008869
2026-05-16 22:15:00,495 [INFO] DIMTrainer -   Epoch [30/30] Step [500/625] Loss: 0.008853
2026-05-16 22:15:01,411 [INFO] DIMTrainer -   Epoch [30/30] Step [510/625] Loss: 0.008761
2026-05-16 22:15:02,458 [INFO] DIMTrainer -   Epoch [30/30] Step [520/625] Loss: 0.008672
2026-05-16 22:15:03,386 [INFO] DIMTrainer -   Epoch [30/30] Step [530/625] Loss: 0.008612
2026-05-16 22:15:04,358 [INFO] DIMTrainer -   Epoch [30/30] Step [540/625] Loss: 0.008590
2026-05-16 22:15:05,346 [INFO] DIMTrainer -   Epoch [30/30] Step [550/625] Loss: 0.008569
2026-05-16 22:15:06,313 [INFO] DIMTrainer -   Epoch [30/30] Step [560/625] Loss: 0.008697
2026-05-16 22:15:07,277 [INFO] DIMTrainer -   Epoch [30/30] Step [570/625] Loss: 0.008897
2026-05-16 22:15:08,259 [INFO] DIMTrainer -   Epoch [30/30] Step [580/625] Loss: 0.008825
2026-05-16 22:15:09,263 [INFO] DIMTrainer -   Epoch [30/30] Step [590/625] Loss: 0.008794
2026-05-16 22:15:10,205 [INFO] DIMTrainer -   Epoch [30/30] Step [600/625] Loss: 0.008695
2026-05-16 22:15:11,175 [INFO] DIMTrainer -   Epoch [30/30] Step [610/625] Loss: 0.008566
2026-05-16 22:15:12,110 [INFO] DIMTrainer -   Epoch [30/30] Step [620/625] Loss: 0.008575
2026-05-16 22:15:22,610 [INFO] DIMTrainer - Epoch  30/30 | Loss=0.008516 | HR@5=0.8925 | MAP@5=0.8660 | NDCG@5=0.8727 | Time=70.4s
2026-05-16 22:15:22,643 [INFO] DIMTrainer - 
============================================================
2026-05-16 22:15:22,643 [INFO] DIMTrainer -   Training completed. Best NDCG@5: 0.8835
2026-05-16 22:15:22,643 [INFO] DIMTrainer - ============================================================

2026-05-21 11:07:45,182 [INFO] src.models.dim - DIM initialized | params=463,425
2026-05-21 11:07:45,185 [INFO] DIMTrainer - Model parameters: 463,425
2026-05-21 11:07:47,877 [INFO] DIMTrainer - Loading Splunk BOTS v3 dataset...
2026-05-21 11:07:47,877 [INFO] src.data.dataset_loader - ============================================================
2026-05-21 11:07:47,878 [INFO] src.data.dataset_loader -   Splunk BOTS v3 - Sequence Generation for DIM Training
2026-05-21 11:07:47,878 [INFO] src.data.dataset_loader - ============================================================
2026-05-21 11:07:47,878 [INFO] src.data.dataset_loader -   NOTE: DIM dilatih dari SYNTHETIC SEQUENCES yang diturunkan
2026-05-21 11:07:47,878 [INFO] src.data.dataset_loader -   dari distribusi eventcode Splunk BOTS v3, bukan raw log.
2026-05-21 11:07:47,878 [INFO] src.data.dataset_loader -   Eventcode dianotasi sistematis ke kelas playbook respons.
2026-05-21 11:07:47,878 [INFO] src.data.dataset_loader -   Gunakan loader.describe() untuk detail provenance lengkap.
2026-05-21 11:07:47,878 [INFO] src.data.dataset_loader - ------------------------------------------------------------
2026-05-21 11:07:47,892 [INFO] src.data.dataset_loader - Eventcode distribution loaded from BOTS: 10 unique event codes
2026-05-21 11:07:47,892 [INFO] src.data.dataset_loader -   Eventcode distribution source : bots_eventcode_csv (10 unique codes)
  Sequences to generate         : 10000
  Sequence length (max)         : 20
  Mapped playbook classes       : 7
2026-05-21 11:07:47,892 [INFO] src.data.dataset_loader - ============================================================
2026-05-21 11:07:48,275 [INFO] src.data.dataset_loader -   Sequences generated: 10000 (train=8000, test=2000)
2026-05-21 11:07:48,507 [INFO] DIMTrainer - Train: 40000 samples (625 batches)
2026-05-21 11:07:48,507 [INFO] DIMTrainer - 
============================================================
2026-05-21 11:07:48,507 [INFO] DIMTrainer -   Starting DIM Training on cpu
2026-05-21 11:07:48,507 [INFO] DIMTrainer -   Max Epochs  : 50
2026-05-21 11:07:48,507 [INFO] DIMTrainer -   Early Stop  : patience=7, min_delta=0.0001
2026-05-21 11:07:48,507 [INFO] DIMTrainer - ============================================================

2026-05-21 11:07:49,844 [INFO] DIMTrainer -   Epoch [1/50] Step [10/625] Loss: 0.559697
2026-05-21 11:07:50,914 [INFO] DIMTrainer -   Epoch [1/50] Step [20/625] Loss: 0.535221
2026-05-21 11:07:51,912 [INFO] DIMTrainer -   Epoch [1/50] Step [30/625] Loss: 0.537396
2026-05-21 11:07:52,954 [INFO] DIMTrainer -   Epoch [1/50] Step [40/625] Loss: 0.534874
2026-05-21 11:07:54,078 [INFO] DIMTrainer -   Epoch [1/50] Step [50/625] Loss: 0.529830
2026-05-21 11:07:55,429 [INFO] DIMTrainer -   Epoch [1/50] Step [60/625] Loss: 0.525564
2026-05-21 11:07:56,948 [INFO] DIMTrainer -   Epoch [1/50] Step [70/625] Loss: 0.523782
2026-05-21 11:07:58,505 [INFO] DIMTrainer -   Epoch [1/50] Step [80/625] Loss: 0.522070
2026-05-21 11:07:59,688 [INFO] DIMTrainer -   Epoch [1/50] Step [90/625] Loss: 0.522139
2026-05-21 11:08:01,087 [INFO] DIMTrainer -   Epoch [1/50] Step [100/625] Loss: 0.514897
2026-05-21 11:08:02,269 [INFO] DIMTrainer -   Epoch [1/50] Step [110/625] Loss: 0.516402
2026-05-21 11:08:03,506 [INFO] DIMTrainer -   Epoch [1/50] Step [120/625] Loss: 0.517698
2026-05-21 11:08:04,753 [INFO] DIMTrainer -   Epoch [1/50] Step [130/625] Loss: 0.517188
2026-05-21 11:08:06,004 [INFO] DIMTrainer -   Epoch [1/50] Step [140/625] Loss: 0.518109
2026-05-21 11:08:07,223 [INFO] DIMTrainer -   Epoch [1/50] Step [150/625] Loss: 0.514723
2026-05-21 11:08:08,415 [INFO] DIMTrainer -   Epoch [1/50] Step [160/625] Loss: 0.515125
2026-05-21 11:08:09,737 [INFO] DIMTrainer -   Epoch [1/50] Step [170/625] Loss: 0.514877
2026-05-21 11:08:10,923 [INFO] DIMTrainer -   Epoch [1/50] Step [180/625] Loss: 0.514882
2026-05-21 11:08:12,105 [INFO] DIMTrainer -   Epoch [1/50] Step [190/625] Loss: 0.513834
2026-05-21 11:08:13,356 [INFO] DIMTrainer -   Epoch [1/50] Step [200/625] Loss: 0.515405
2026-05-21 11:08:14,543 [INFO] DIMTrainer -   Epoch [1/50] Step [210/625] Loss: 0.513868
2026-05-21 11:08:15,785 [INFO] DIMTrainer -   Epoch [1/50] Step [220/625] Loss: 0.512582
2026-05-21 11:08:16,967 [INFO] DIMTrainer -   Epoch [1/50] Step [230/625] Loss: 0.511156
2026-05-21 11:08:18,132 [INFO] DIMTrainer -   Epoch [1/50] Step [240/625] Loss: 0.510490
2026-05-21 11:08:19,275 [INFO] DIMTrainer -   Epoch [1/50] Step [250/625] Loss: 0.510105
2026-05-21 11:08:20,411 [INFO] DIMTrainer -   Epoch [1/50] Step [260/625] Loss: 0.509496
2026-05-21 11:08:21,616 [INFO] DIMTrainer -   Epoch [1/50] Step [270/625] Loss: 0.509569
2026-05-21 11:08:22,784 [INFO] DIMTrainer -   Epoch [1/50] Step [280/625] Loss: 0.509971
2026-05-21 11:08:24,060 [INFO] DIMTrainer -   Epoch [1/50] Step [290/625] Loss: 0.508923
2026-05-21 11:08:25,301 [INFO] DIMTrainer -   Epoch [1/50] Step [300/625] Loss: 0.508666
2026-05-21 11:08:26,914 [INFO] DIMTrainer -   Epoch [1/50] Step [310/625] Loss: 0.509751
2026-05-21 11:08:28,985 [INFO] DIMTrainer -   Epoch [1/50] Step [320/625] Loss: 0.509775
2026-05-21 11:08:30,717 [INFO] DIMTrainer -   Epoch [1/50] Step [330/625] Loss: 0.509901
2026-05-21 11:08:32,391 [INFO] DIMTrainer -   Epoch [1/50] Step [340/625] Loss: 0.510361
2026-05-21 11:08:34,493 [INFO] DIMTrainer -   Epoch [1/50] Step [350/625] Loss: 0.509199
2026-05-21 11:08:36,459 [INFO] DIMTrainer -   Epoch [1/50] Step [360/625] Loss: 0.508748
2026-05-21 11:08:38,557 [INFO] DIMTrainer -   Epoch [1/50] Step [370/625] Loss: 0.508341
2026-05-21 11:08:40,663 [INFO] DIMTrainer -   Epoch [1/50] Step [380/625] Loss: 0.508542
2026-05-21 11:08:42,663 [INFO] DIMTrainer -   Epoch [1/50] Step [390/625] Loss: 0.508265
2026-05-21 11:08:44,728 [INFO] DIMTrainer -   Epoch [1/50] Step [400/625] Loss: 0.508659
2026-05-21 11:08:46,083 [INFO] DIMTrainer -   Epoch [1/50] Step [410/625] Loss: 0.508216
2026-05-21 11:08:47,447 [INFO] DIMTrainer -   Epoch [1/50] Step [420/625] Loss: 0.507487
2026-05-21 11:08:48,832 [INFO] DIMTrainer -   Epoch [1/50] Step [430/625] Loss: 0.506681
2026-05-21 11:08:50,017 [INFO] DIMTrainer -   Epoch [1/50] Step [440/625] Loss: 0.506416
2026-05-21 11:08:51,196 [INFO] DIMTrainer -   Epoch [1/50] Step [450/625] Loss: 0.506604
2026-05-21 11:08:52,374 [INFO] DIMTrainer -   Epoch [1/50] Step [460/625] Loss: 0.507204
2026-05-21 11:08:53,639 [INFO] DIMTrainer -   Epoch [1/50] Step [470/625] Loss: 0.507405
2026-05-21 11:08:54,830 [INFO] DIMTrainer -   Epoch [1/50] Step [480/625] Loss: 0.506695
2026-05-21 11:08:55,990 [INFO] DIMTrainer -   Epoch [1/50] Step [490/625] Loss: 0.506954
2026-05-21 11:08:57,222 [INFO] DIMTrainer -   Epoch [1/50] Step [500/625] Loss: 0.506572
2026-05-21 11:08:58,464 [INFO] DIMTrainer -   Epoch [1/50] Step [510/625] Loss: 0.506126
2026-05-21 11:08:59,543 [INFO] DIMTrainer -   Epoch [1/50] Step [520/625] Loss: 0.506730
2026-05-21 11:09:00,615 [INFO] DIMTrainer -   Epoch [1/50] Step [530/625] Loss: 0.506973
2026-05-21 11:09:01,687 [INFO] DIMTrainer -   Epoch [1/50] Step [540/625] Loss: 0.506843
2026-05-21 11:09:02,739 [INFO] DIMTrainer -   Epoch [1/50] Step [550/625] Loss: 0.506266
2026-05-21 11:09:03,911 [INFO] DIMTrainer -   Epoch [1/50] Step [560/625] Loss: 0.505674
2026-05-21 11:09:05,013 [INFO] DIMTrainer -   Epoch [1/50] Step [570/625] Loss: 0.504865
2026-05-21 11:09:06,103 [INFO] DIMTrainer -   Epoch [1/50] Step [580/625] Loss: 0.504816
2026-05-21 11:09:07,190 [INFO] DIMTrainer -   Epoch [1/50] Step [590/625] Loss: 0.504944
2026-05-21 11:09:08,303 [INFO] DIMTrainer -   Epoch [1/50] Step [600/625] Loss: 0.505265
2026-05-21 11:09:09,464 [INFO] DIMTrainer -   Epoch [1/50] Step [610/625] Loss: 0.505039
2026-05-21 11:09:10,596 [INFO] DIMTrainer -   Epoch [1/50] Step [620/625] Loss: 0.505024
2026-05-21 11:09:22,778 [INFO] DIMTrainer - Epoch   1/50 | Loss=0.505093 | HR@5=0.2520 | MAP@5=0.1085 | NDCG@5=0.1435 | Time=94.3s
2026-05-21 11:09:24,257 [INFO] DIMTrainer -   Epoch [2/50] Step [10/625] Loss: 0.488463
2026-05-21 11:09:25,414 [INFO] DIMTrainer -   Epoch [2/50] Step [20/625] Loss: 0.511595
2026-05-21 11:09:26,584 [INFO] DIMTrainer -   Epoch [2/50] Step [30/625] Loss: 0.503576
2026-05-21 11:09:27,872 [INFO] DIMTrainer -   Epoch [2/50] Step [40/625] Loss: 0.507470
2026-05-21 11:09:29,461 [INFO] DIMTrainer -   Epoch [2/50] Step [50/625] Loss: 0.513129
2026-05-21 11:09:31,492 [INFO] DIMTrainer -   Epoch [2/50] Step [60/625] Loss: 0.512814
2026-05-21 11:09:33,083 [INFO] DIMTrainer -   Epoch [2/50] Step [70/625] Loss: 0.510981
2026-05-21 11:09:35,320 [INFO] DIMTrainer -   Epoch [2/50] Step [80/625] Loss: 0.510665
2026-05-21 11:09:37,275 [INFO] DIMTrainer -   Epoch [2/50] Step [90/625] Loss: 0.509956
2026-05-21 11:09:38,862 [INFO] DIMTrainer -   Epoch [2/50] Step [100/625] Loss: 0.508210
2026-05-21 11:09:40,461 [INFO] DIMTrainer -   Epoch [2/50] Step [110/625] Loss: 0.504275
2026-05-21 11:09:42,284 [INFO] DIMTrainer -   Epoch [2/50] Step [120/625] Loss: 0.501410
2026-05-21 11:09:43,847 [INFO] DIMTrainer -   Epoch [2/50] Step [130/625] Loss: 0.503767
2026-05-21 11:09:45,481 [INFO] DIMTrainer -   Epoch [2/50] Step [140/625] Loss: 0.503382
2026-05-21 11:09:47,625 [INFO] DIMTrainer -   Epoch [2/50] Step [150/625] Loss: 0.501639
2026-05-21 11:09:49,221 [INFO] DIMTrainer -   Epoch [2/50] Step [160/625] Loss: 0.502395
2026-05-21 11:09:50,476 [INFO] DIMTrainer -   Epoch [2/50] Step [170/625] Loss: 0.504017
2026-05-21 11:09:51,691 [INFO] DIMTrainer -   Epoch [2/50] Step [180/625] Loss: 0.502504
2026-05-21 11:09:52,796 [INFO] DIMTrainer -   Epoch [2/50] Step [190/625] Loss: 0.502634
2026-05-21 11:09:54,050 [INFO] DIMTrainer -   Epoch [2/50] Step [200/625] Loss: 0.503855
2026-05-21 11:09:55,056 [INFO] DIMTrainer -   Epoch [2/50] Step [210/625] Loss: 0.503201
2026-05-21 11:09:56,069 [INFO] DIMTrainer -   Epoch [2/50] Step [220/625] Loss: 0.503385
2026-05-21 11:09:57,079 [INFO] DIMTrainer -   Epoch [2/50] Step [230/625] Loss: 0.501220
2026-05-21 11:09:58,095 [INFO] DIMTrainer -   Epoch [2/50] Step [240/625] Loss: 0.501012
2026-05-21 11:09:59,127 [INFO] DIMTrainer -   Epoch [2/50] Step [250/625] Loss: 0.501678
2026-05-21 11:10:00,207 [INFO] DIMTrainer -   Epoch [2/50] Step [260/625] Loss: 0.502792
2026-05-21 11:10:01,253 [INFO] DIMTrainer -   Epoch [2/50] Step [270/625] Loss: 0.502886
2026-05-21 11:10:02,346 [INFO] DIMTrainer -   Epoch [2/50] Step [280/625] Loss: 0.503295
2026-05-21 11:10:03,536 [INFO] DIMTrainer -   Epoch [2/50] Step [290/625] Loss: 0.501920
2026-05-21 11:10:04,677 [INFO] DIMTrainer -   Epoch [2/50] Step [300/625] Loss: 0.501480
2026-05-21 11:10:06,129 [INFO] DIMTrainer -   Epoch [2/50] Step [310/625] Loss: 0.500694
2026-05-21 11:10:07,389 [INFO] DIMTrainer -   Epoch [2/50] Step [320/625] Loss: 0.499371
2026-05-21 11:10:08,505 [INFO] DIMTrainer -   Epoch [2/50] Step [330/625] Loss: 0.499049
2026-05-21 11:10:09,663 [INFO] DIMTrainer -   Epoch [2/50] Step [340/625] Loss: 0.498571
2026-05-21 11:10:10,807 [INFO] DIMTrainer -   Epoch [2/50] Step [350/625] Loss: 0.498291
2026-05-21 11:10:11,931 [INFO] DIMTrainer -   Epoch [2/50] Step [360/625] Loss: 0.498478
2026-05-21 11:10:13,093 [INFO] DIMTrainer -   Epoch [2/50] Step [370/625] Loss: 0.498036
2026-05-21 11:10:14,282 [INFO] DIMTrainer -   Epoch [2/50] Step [380/625] Loss: 0.497039
2026-05-21 11:10:15,433 [INFO] DIMTrainer -   Epoch [2/50] Step [390/625] Loss: 0.497424
2026-05-21 11:10:16,632 [INFO] DIMTrainer -   Epoch [2/50] Step [400/625] Loss: 0.497336
2026-05-21 11:10:17,786 [INFO] DIMTrainer -   Epoch [2/50] Step [410/625] Loss: 0.497837
2026-05-21 11:10:19,055 [INFO] DIMTrainer -   Epoch [2/50] Step [420/625] Loss: 0.497748
2026-05-21 11:10:20,257 [INFO] DIMTrainer -   Epoch [2/50] Step [430/625] Loss: 0.498342
2026-05-21 11:10:21,436 [INFO] DIMTrainer -   Epoch [2/50] Step [440/625] Loss: 0.497675
2026-05-21 11:10:22,671 [INFO] DIMTrainer -   Epoch [2/50] Step [450/625] Loss: 0.497730
2026-05-21 11:10:23,995 [INFO] DIMTrainer -   Epoch [2/50] Step [460/625] Loss: 0.497373
2026-05-21 11:10:25,200 [INFO] DIMTrainer -   Epoch [2/50] Step [470/625] Loss: 0.497942
2026-05-21 11:10:26,359 [INFO] DIMTrainer -   Epoch [2/50] Step [480/625] Loss: 0.497394
2026-05-21 11:10:27,668 [INFO] DIMTrainer -   Epoch [2/50] Step [490/625] Loss: 0.497434
2026-05-21 11:10:28,983 [INFO] DIMTrainer -   Epoch [2/50] Step [500/625] Loss: 0.497857
2026-05-21 11:10:30,140 [INFO] DIMTrainer -   Epoch [2/50] Step [510/625] Loss: 0.498040
2026-05-21 11:10:31,303 [INFO] DIMTrainer -   Epoch [2/50] Step [520/625] Loss: 0.497673
2026-05-21 11:10:32,603 [INFO] DIMTrainer -   Epoch [2/50] Step [530/625] Loss: 0.497389
2026-05-21 11:10:33,877 [INFO] DIMTrainer -   Epoch [2/50] Step [540/625] Loss: 0.497723
2026-05-21 11:10:35,426 [INFO] DIMTrainer -   Epoch [2/50] Step [550/625] Loss: 0.497592
2026-05-21 11:10:36,914 [INFO] DIMTrainer -   Epoch [2/50] Step [560/625] Loss: 0.497507
2026-05-21 11:10:38,872 [INFO] DIMTrainer -   Epoch [2/50] Step [570/625] Loss: 0.497614
2026-05-21 11:10:40,654 [INFO] DIMTrainer -   Epoch [2/50] Step [580/625] Loss: 0.496972
2026-05-21 11:10:42,150 [INFO] DIMTrainer -   Epoch [2/50] Step [590/625] Loss: 0.496471
2026-05-21 11:10:43,725 [INFO] DIMTrainer -   Epoch [2/50] Step [600/625] Loss: 0.495886
2026-05-21 11:10:45,172 [INFO] DIMTrainer -   Epoch [2/50] Step [610/625] Loss: 0.495939
2026-05-21 11:10:46,717 [INFO] DIMTrainer -   Epoch [2/50] Step [620/625] Loss: 0.495838
2026-05-21 11:11:05,169 [INFO] DIMTrainer - Epoch   2/50 | Loss=0.495722 | HR@5=0.2550 | MAP@5=0.1173 | NDCG@5=0.1511 | Time=102.3s
2026-05-21 11:11:07,186 [INFO] DIMTrainer -   Epoch [3/50] Step [10/625] Loss: 0.499588
2026-05-21 11:11:09,157 [INFO] DIMTrainer -   Epoch [3/50] Step [20/625] Loss: 0.503861
2026-05-21 11:11:10,810 [INFO] DIMTrainer -   Epoch [3/50] Step [30/625] Loss: 0.493172
2026-05-21 11:11:12,792 [INFO] DIMTrainer -   Epoch [3/50] Step [40/625] Loss: 0.488763
2026-05-21 11:11:14,709 [INFO] DIMTrainer -   Epoch [3/50] Step [50/625] Loss: 0.493861
2026-05-21 11:11:16,320 [INFO] DIMTrainer -   Epoch [3/50] Step [60/625] Loss: 0.495838
2026-05-21 11:11:18,442 [INFO] DIMTrainer -   Epoch [3/50] Step [70/625] Loss: 0.492017
2026-05-21 11:11:20,162 [INFO] DIMTrainer -   Epoch [3/50] Step [80/625] Loss: 0.492962
2026-05-21 11:11:22,003 [INFO] DIMTrainer -   Epoch [3/50] Step [90/625] Loss: 0.491550
2026-05-21 11:11:23,426 [INFO] DIMTrainer -   Epoch [3/50] Step [100/625] Loss: 0.493618
2026-05-21 11:11:25,010 [INFO] DIMTrainer -   Epoch [3/50] Step [110/625] Loss: 0.496053
2026-05-21 11:11:26,630 [INFO] DIMTrainer -   Epoch [3/50] Step [120/625] Loss: 0.495430
2026-05-21 11:11:28,096 [INFO] DIMTrainer -   Epoch [3/50] Step [130/625] Loss: 0.495865
2026-05-21 11:11:29,578 [INFO] DIMTrainer -   Epoch [3/50] Step [140/625] Loss: 0.494079
2026-05-21 11:11:31,190 [INFO] DIMTrainer -   Epoch [3/50] Step [150/625] Loss: 0.494227
2026-05-21 11:11:32,565 [INFO] DIMTrainer -   Epoch [3/50] Step [160/625] Loss: 0.497109
2026-05-21 11:11:33,986 [INFO] DIMTrainer -   Epoch [3/50] Step [170/625] Loss: 0.496972
2026-05-21 11:11:35,360 [INFO] DIMTrainer -   Epoch [3/50] Step [180/625] Loss: 0.496988
2026-05-21 11:11:36,806 [INFO] DIMTrainer -   Epoch [3/50] Step [190/625] Loss: 0.495051
2026-05-21 11:11:38,647 [INFO] DIMTrainer -   Epoch [3/50] Step [200/625] Loss: 0.494414
2026-05-21 11:11:40,365 [INFO] DIMTrainer -   Epoch [3/50] Step [210/625] Loss: 0.495807
2026-05-21 11:11:42,232 [INFO] DIMTrainer -   Epoch [3/50] Step [220/625] Loss: 0.496191
2026-05-21 11:11:44,696 [INFO] DIMTrainer -   Epoch [3/50] Step [230/625] Loss: 0.495995
2026-05-21 11:11:46,631 [INFO] DIMTrainer -   Epoch [3/50] Step [240/625] Loss: 0.495476
2026-05-21 11:11:48,284 [INFO] DIMTrainer -   Epoch [3/50] Step [250/625] Loss: 0.494106
2026-05-21 11:11:50,177 [INFO] DIMTrainer -   Epoch [3/50] Step [260/625] Loss: 0.493486
2026-05-21 11:11:51,904 [INFO] DIMTrainer -   Epoch [3/50] Step [270/625] Loss: 0.494072
2026-05-21 11:11:53,646 [INFO] DIMTrainer -   Epoch [3/50] Step [280/625] Loss: 0.492213
2026-05-21 11:11:55,374 [INFO] DIMTrainer -   Epoch [3/50] Step [290/625] Loss: 0.492462
2026-05-21 11:11:57,164 [INFO] DIMTrainer -   Epoch [3/50] Step [300/625] Loss: 0.490994
2026-05-21 11:11:58,703 [INFO] DIMTrainer -   Epoch [3/50] Step [310/625] Loss: 0.488275
2026-05-21 11:12:00,101 [INFO] DIMTrainer -   Epoch [3/50] Step [320/625] Loss: 0.487808
2026-05-21 11:12:01,467 [INFO] DIMTrainer -   Epoch [3/50] Step [330/625] Loss: 0.487154
2026-05-21 11:12:02,864 [INFO] DIMTrainer -   Epoch [3/50] Step [340/625] Loss: 0.486689
2026-05-21 11:12:04,281 [INFO] DIMTrainer -   Epoch [3/50] Step [350/625] Loss: 0.485895
2026-05-21 11:12:05,681 [INFO] DIMTrainer -   Epoch [3/50] Step [360/625] Loss: 0.484803
2026-05-21 11:12:07,094 [INFO] DIMTrainer -   Epoch [3/50] Step [370/625] Loss: 0.483081
2026-05-21 11:12:08,703 [INFO] DIMTrainer -   Epoch [3/50] Step [380/625] Loss: 0.481116
2026-05-21 11:12:10,107 [INFO] DIMTrainer -   Epoch [3/50] Step [390/625] Loss: 0.478891
2026-05-21 11:12:11,513 [INFO] DIMTrainer -   Epoch [3/50] Step [400/625] Loss: 0.476685
2026-05-21 11:12:12,905 [INFO] DIMTrainer -   Epoch [3/50] Step [410/625] Loss: 0.474939
2026-05-21 11:12:14,292 [INFO] DIMTrainer -   Epoch [3/50] Step [420/625] Loss: 0.473347
2026-05-21 11:12:15,692 [INFO] DIMTrainer -   Epoch [3/50] Step [430/625] Loss: 0.471380
2026-05-21 11:12:17,055 [INFO] DIMTrainer -   Epoch [3/50] Step [440/625] Loss: 0.469113
2026-05-21 11:12:18,434 [INFO] DIMTrainer -   Epoch [3/50] Step [450/625] Loss: 0.467341
2026-05-21 11:12:19,808 [INFO] DIMTrainer -   Epoch [3/50] Step [460/625] Loss: 0.465416
2026-05-21 11:12:21,164 [INFO] DIMTrainer -   Epoch [3/50] Step [470/625] Loss: 0.464342
2026-05-21 11:12:22,552 [INFO] DIMTrainer -   Epoch [3/50] Step [480/625] Loss: 0.463049
2026-05-21 11:12:23,978 [INFO] DIMTrainer -   Epoch [3/50] Step [490/625] Loss: 0.461677
2026-05-21 11:12:25,278 [INFO] DIMTrainer -   Epoch [3/50] Step [500/625] Loss: 0.460608
2026-05-21 11:12:26,597 [INFO] DIMTrainer -   Epoch [3/50] Step [510/625] Loss: 0.459135
2026-05-21 11:12:27,894 [INFO] DIMTrainer -   Epoch [3/50] Step [520/625] Loss: 0.457783
2026-05-21 11:12:29,329 [INFO] DIMTrainer -   Epoch [3/50] Step [530/625] Loss: 0.456784
2026-05-21 11:12:31,116 [INFO] DIMTrainer -   Epoch [3/50] Step [540/625] Loss: 0.455732
2026-05-21 11:12:32,476 [INFO] DIMTrainer -   Epoch [3/50] Step [550/625] Loss: 0.454978
2026-05-21 11:12:33,815 [INFO] DIMTrainer -   Epoch [3/50] Step [560/625] Loss: 0.453517
2026-05-21 11:12:35,177 [INFO] DIMTrainer -   Epoch [3/50] Step [570/625] Loss: 0.452238
2026-05-21 11:12:36,500 [INFO] DIMTrainer -   Epoch [3/50] Step [580/625] Loss: 0.450904
2026-05-21 11:12:38,081 [INFO] DIMTrainer -   Epoch [3/50] Step [590/625] Loss: 0.448849
2026-05-21 11:12:39,551 [INFO] DIMTrainer -   Epoch [3/50] Step [600/625] Loss: 0.447598
2026-05-21 11:12:40,886 [INFO] DIMTrainer -   Epoch [3/50] Step [610/625] Loss: 0.446148
2026-05-21 11:12:42,250 [INFO] DIMTrainer -   Epoch [3/50] Step [620/625] Loss: 0.444710
2026-05-21 11:12:56,745 [INFO] DIMTrainer - Epoch   3/50 | Loss=0.443876 | HR@5=0.4490 | MAP@5=0.2239 | NDCG@5=0.2793 | Time=111.5s
2026-05-21 11:12:58,147 [INFO] DIMTrainer -   Epoch [4/50] Step [10/625] Loss: 0.337963
2026-05-21 11:12:59,539 [INFO] DIMTrainer -   Epoch [4/50] Step [20/625] Loss: 0.343504
2026-05-21 11:13:00,880 [INFO] DIMTrainer -   Epoch [4/50] Step [30/625] Loss: 0.348753
2026-05-21 11:13:02,370 [INFO] DIMTrainer -   Epoch [4/50] Step [40/625] Loss: 0.355306
2026-05-21 11:13:03,833 [INFO] DIMTrainer -   Epoch [4/50] Step [50/625] Loss: 0.350640
2026-05-21 11:13:05,402 [INFO] DIMTrainer -   Epoch [4/50] Step [60/625] Loss: 0.349420
2026-05-21 11:13:06,956 [INFO] DIMTrainer -   Epoch [4/50] Step [70/625] Loss: 0.347204
2026-05-21 11:13:08,584 [INFO] DIMTrainer -   Epoch [4/50] Step [80/625] Loss: 0.346037
2026-05-21 11:13:10,453 [INFO] DIMTrainer -   Epoch [4/50] Step [90/625] Loss: 0.347132
2026-05-21 11:13:12,591 [INFO] DIMTrainer -   Epoch [4/50] Step [100/625] Loss: 0.346281
2026-05-21 11:13:14,692 [INFO] DIMTrainer -   Epoch [4/50] Step [110/625] Loss: 0.347850
2026-05-21 11:13:17,181 [INFO] DIMTrainer -   Epoch [4/50] Step [120/625] Loss: 0.348625
2026-05-21 11:13:19,179 [INFO] DIMTrainer -   Epoch [4/50] Step [130/625] Loss: 0.346665
2026-05-21 11:13:20,679 [INFO] DIMTrainer -   Epoch [4/50] Step [140/625] Loss: 0.344330
2026-05-21 11:13:22,068 [INFO] DIMTrainer -   Epoch [4/50] Step [150/625] Loss: 0.340178
2026-05-21 11:13:23,499 [INFO] DIMTrainer -   Epoch [4/50] Step [160/625] Loss: 0.341639
2026-05-21 11:13:25,083 [INFO] DIMTrainer -   Epoch [4/50] Step [170/625] Loss: 0.341650
2026-05-21 11:13:26,747 [INFO] DIMTrainer -   Epoch [4/50] Step [180/625] Loss: 0.340365
2026-05-21 11:13:28,239 [INFO] DIMTrainer -   Epoch [4/50] Step [190/625] Loss: 0.339849
2026-05-21 11:13:29,726 [INFO] DIMTrainer -   Epoch [4/50] Step [200/625] Loss: 0.337366
2026-05-21 11:13:31,186 [INFO] DIMTrainer -   Epoch [4/50] Step [210/625] Loss: 0.337904
2026-05-21 11:13:32,925 [INFO] DIMTrainer -   Epoch [4/50] Step [220/625] Loss: 0.338415
2026-05-21 11:13:34,776 [INFO] DIMTrainer -   Epoch [4/50] Step [230/625] Loss: 0.337416
2026-05-21 11:13:36,566 [INFO] DIMTrainer -   Epoch [4/50] Step [240/625] Loss: 0.336633
2026-05-21 11:13:38,163 [INFO] DIMTrainer -   Epoch [4/50] Step [250/625] Loss: 0.336861
2026-05-21 11:13:39,811 [INFO] DIMTrainer -   Epoch [4/50] Step [260/625] Loss: 0.337127
2026-05-21 11:13:41,486 [INFO] DIMTrainer -   Epoch [4/50] Step [270/625] Loss: 0.338032
2026-05-21 11:13:42,842 [INFO] DIMTrainer -   Epoch [4/50] Step [280/625] Loss: 0.337243
2026-05-21 11:13:44,256 [INFO] DIMTrainer -   Epoch [4/50] Step [290/625] Loss: 0.336371
2026-05-21 11:13:45,653 [INFO] DIMTrainer -   Epoch [4/50] Step [300/625] Loss: 0.335907
2026-05-21 11:13:47,065 [INFO] DIMTrainer -   Epoch [4/50] Step [310/625] Loss: 0.335039
2026-05-21 11:13:48,603 [INFO] DIMTrainer -   Epoch [4/50] Step [320/625] Loss: 0.334462
2026-05-21 11:13:50,098 [INFO] DIMTrainer -   Epoch [4/50] Step [330/625] Loss: 0.333456
2026-05-21 11:13:51,535 [INFO] DIMTrainer -   Epoch [4/50] Step [340/625] Loss: 0.332041
2026-05-21 11:13:53,010 [INFO] DIMTrainer -   Epoch [4/50] Step [350/625] Loss: 0.331366
2026-05-21 11:13:54,434 [INFO] DIMTrainer -   Epoch [4/50] Step [360/625] Loss: 0.330919
2026-05-21 11:13:55,783 [INFO] DIMTrainer -   Epoch [4/50] Step [370/625] Loss: 0.329818
2026-05-21 11:13:57,292 [INFO] DIMTrainer -   Epoch [4/50] Step [380/625] Loss: 0.329260
2026-05-21 11:13:58,688 [INFO] DIMTrainer -   Epoch [4/50] Step [390/625] Loss: 0.328544
2026-05-21 11:14:00,064 [INFO] DIMTrainer -   Epoch [4/50] Step [400/625] Loss: 0.328080
2026-05-21 11:14:01,443 [INFO] DIMTrainer -   Epoch [4/50] Step [410/625] Loss: 0.327706
2026-05-21 11:14:03,160 [INFO] DIMTrainer -   Epoch [4/50] Step [420/625] Loss: 0.327009
2026-05-21 11:14:05,108 [INFO] DIMTrainer -   Epoch [4/50] Step [430/625] Loss: 0.326696
2026-05-21 11:14:06,946 [INFO] DIMTrainer -   Epoch [4/50] Step [440/625] Loss: 0.326392
2026-05-21 11:14:09,414 [INFO] DIMTrainer -   Epoch [4/50] Step [450/625] Loss: 0.326027
2026-05-21 11:14:11,906 [INFO] DIMTrainer -   Epoch [4/50] Step [460/625] Loss: 0.325656
2026-05-21 11:14:13,764 [INFO] DIMTrainer -   Epoch [4/50] Step [470/625] Loss: 0.324446
2026-05-21 11:14:15,644 [INFO] DIMTrainer -   Epoch [4/50] Step [480/625] Loss: 0.323370
2026-05-21 11:14:17,291 [INFO] DIMTrainer -   Epoch [4/50] Step [490/625] Loss: 0.322935
2026-05-21 11:14:18,688 [INFO] DIMTrainer -   Epoch [4/50] Step [500/625] Loss: 0.323310
2026-05-21 11:14:20,166 [INFO] DIMTrainer -   Epoch [4/50] Step [510/625] Loss: 0.322019
2026-05-21 11:14:21,592 [INFO] DIMTrainer -   Epoch [4/50] Step [520/625] Loss: 0.321464
2026-05-21 11:14:23,046 [INFO] DIMTrainer -   Epoch [4/50] Step [530/625] Loss: 0.320993
2026-05-21 11:14:24,674 [INFO] DIMTrainer -   Epoch [4/50] Step [540/625] Loss: 0.320934
2026-05-21 11:14:26,448 [INFO] DIMTrainer -   Epoch [4/50] Step [550/625] Loss: 0.320503
2026-05-21 11:14:28,000 [INFO] DIMTrainer -   Epoch [4/50] Step [560/625] Loss: 0.319420
2026-05-21 11:14:29,512 [INFO] DIMTrainer -   Epoch [4/50] Step [570/625] Loss: 0.318992
2026-05-21 11:14:31,189 [INFO] DIMTrainer -   Epoch [4/50] Step [580/625] Loss: 0.319172
2026-05-21 11:14:32,633 [INFO] DIMTrainer -   Epoch [4/50] Step [590/625] Loss: 0.318450
2026-05-21 11:14:34,159 [INFO] DIMTrainer -   Epoch [4/50] Step [600/625] Loss: 0.318161
2026-05-21 11:14:35,744 [INFO] DIMTrainer -   Epoch [4/50] Step [610/625] Loss: 0.317832
2026-05-21 11:14:37,664 [INFO] DIMTrainer -   Epoch [4/50] Step [620/625] Loss: 0.316775
2026-05-21 11:14:53,942 [INFO] DIMTrainer - Epoch   4/50 | Loss=0.316139 | HR@5=0.5200 | MAP@5=0.2954 | NDCG@5=0.3514 | Time=117.1s
2026-05-21 11:14:55,502 [INFO] DIMTrainer -   Epoch [5/50] Step [10/625] Loss: 0.282534
2026-05-21 11:14:56,918 [INFO] DIMTrainer -   Epoch [5/50] Step [20/625] Loss: 0.283094
2026-05-21 11:14:58,294 [INFO] DIMTrainer -   Epoch [5/50] Step [30/625] Loss: 0.286262
2026-05-21 11:14:59,730 [INFO] DIMTrainer -   Epoch [5/50] Step [40/625] Loss: 0.285015
2026-05-21 11:15:01,213 [INFO] DIMTrainer -   Epoch [5/50] Step [50/625] Loss: 0.289355
2026-05-21 11:15:02,639 [INFO] DIMTrainer -   Epoch [5/50] Step [60/625] Loss: 0.282966
2026-05-21 11:15:03,969 [INFO] DIMTrainer -   Epoch [5/50] Step [70/625] Loss: 0.285066
2026-05-21 11:15:05,354 [INFO] DIMTrainer -   Epoch [5/50] Step [80/625] Loss: 0.282060
2026-05-21 11:15:06,746 [INFO] DIMTrainer -   Epoch [5/50] Step [90/625] Loss: 0.280446
2026-05-21 11:15:08,209 [INFO] DIMTrainer -   Epoch [5/50] Step [100/625] Loss: 0.278020
2026-05-21 11:15:09,641 [INFO] DIMTrainer -   Epoch [5/50] Step [110/625] Loss: 0.276095
2026-05-21 11:15:11,165 [INFO] DIMTrainer -   Epoch [5/50] Step [120/625] Loss: 0.278125
2026-05-21 11:15:12,728 [INFO] DIMTrainer -   Epoch [5/50] Step [130/625] Loss: 0.279131
2026-05-21 11:15:14,136 [INFO] DIMTrainer -   Epoch [5/50] Step [140/625] Loss: 0.277449
2026-05-21 11:15:15,546 [INFO] DIMTrainer -   Epoch [5/50] Step [150/625] Loss: 0.276061
2026-05-21 11:15:16,978 [INFO] DIMTrainer -   Epoch [5/50] Step [160/625] Loss: 0.275861
2026-05-21 11:15:18,399 [INFO] DIMTrainer -   Epoch [5/50] Step [170/625] Loss: 0.275048
2026-05-21 11:15:19,893 [INFO] DIMTrainer -   Epoch [5/50] Step [180/625] Loss: 0.275137
2026-05-21 11:15:21,301 [INFO] DIMTrainer -   Epoch [5/50] Step [190/625] Loss: 0.273435
2026-05-21 11:15:22,788 [INFO] DIMTrainer -   Epoch [5/50] Step [200/625] Loss: 0.274745
2026-05-21 11:15:24,267 [INFO] DIMTrainer -   Epoch [5/50] Step [210/625] Loss: 0.274545
2026-05-21 11:15:25,919 [INFO] DIMTrainer -   Epoch [5/50] Step [220/625] Loss: 0.272609
2026-05-21 11:15:27,458 [INFO] DIMTrainer -   Epoch [5/50] Step [230/625] Loss: 0.270759
2026-05-21 11:15:29,061 [INFO] DIMTrainer -   Epoch [5/50] Step [240/625] Loss: 0.273033
2026-05-21 11:15:30,831 [INFO] DIMTrainer -   Epoch [5/50] Step [250/625] Loss: 0.272368
2026-05-21 11:15:32,413 [INFO] DIMTrainer -   Epoch [5/50] Step [260/625] Loss: 0.271956
2026-05-21 11:15:33,990 [INFO] DIMTrainer -   Epoch [5/50] Step [270/625] Loss: 0.272640
2026-05-21 11:15:35,769 [INFO] DIMTrainer -   Epoch [5/50] Step [280/625] Loss: 0.271445
2026-05-21 11:15:37,300 [INFO] DIMTrainer -   Epoch [5/50] Step [290/625] Loss: 0.270433
2026-05-21 11:15:38,745 [INFO] DIMTrainer -   Epoch [5/50] Step [300/625] Loss: 0.271112
2026-05-21 11:15:40,170 [INFO] DIMTrainer -   Epoch [5/50] Step [310/625] Loss: 0.271037
2026-05-21 11:15:41,812 [INFO] DIMTrainer -   Epoch [5/50] Step [320/625] Loss: 0.270214
2026-05-21 11:15:43,477 [INFO] DIMTrainer -   Epoch [5/50] Step [330/625] Loss: 0.268687
2026-05-21 11:15:44,867 [INFO] DIMTrainer -   Epoch [5/50] Step [340/625] Loss: 0.267558
2026-05-21 11:15:46,354 [INFO] DIMTrainer -   Epoch [5/50] Step [350/625] Loss: 0.266566
2026-05-21 11:15:47,823 [INFO] DIMTrainer -   Epoch [5/50] Step [360/625] Loss: 0.265837
2026-05-21 11:15:49,365 [INFO] DIMTrainer -   Epoch [5/50] Step [370/625] Loss: 0.264388
2026-05-21 11:15:51,324 [INFO] DIMTrainer -   Epoch [5/50] Step [380/625] Loss: 0.263549
2026-05-21 11:15:52,918 [INFO] DIMTrainer -   Epoch [5/50] Step [390/625] Loss: 0.262272
2026-05-21 11:15:54,523 [INFO] DIMTrainer -   Epoch [5/50] Step [400/625] Loss: 0.262883
2026-05-21 11:15:56,194 [INFO] DIMTrainer -   Epoch [5/50] Step [410/625] Loss: 0.263089
2026-05-21 11:15:57,772 [INFO] DIMTrainer -   Epoch [5/50] Step [420/625] Loss: 0.262625
2026-05-21 11:15:59,520 [INFO] DIMTrainer -   Epoch [5/50] Step [430/625] Loss: 0.262507
2026-05-21 11:16:01,247 [INFO] DIMTrainer -   Epoch [5/50] Step [440/625] Loss: 0.262161
2026-05-21 11:16:03,320 [INFO] DIMTrainer -   Epoch [5/50] Step [450/625] Loss: 0.261731
2026-05-21 11:16:05,265 [INFO] DIMTrainer -   Epoch [5/50] Step [460/625] Loss: 0.261192
2026-05-21 11:16:06,849 [INFO] DIMTrainer -   Epoch [5/50] Step [470/625] Loss: 0.260558
2026-05-21 11:16:08,441 [INFO] DIMTrainer -   Epoch [5/50] Step [480/625] Loss: 0.260543
2026-05-21 11:16:10,084 [INFO] DIMTrainer -   Epoch [5/50] Step [490/625] Loss: 0.260990
2026-05-21 11:16:11,832 [INFO] DIMTrainer -   Epoch [5/50] Step [500/625] Loss: 0.261557
2026-05-21 11:16:13,393 [INFO] DIMTrainer -   Epoch [5/50] Step [510/625] Loss: 0.261551
2026-05-21 11:16:14,962 [INFO] DIMTrainer -   Epoch [5/50] Step [520/625] Loss: 0.261805
2026-05-21 11:16:16,500 [INFO] DIMTrainer -   Epoch [5/50] Step [530/625] Loss: 0.261503
2026-05-21 11:16:17,966 [INFO] DIMTrainer -   Epoch [5/50] Step [540/625] Loss: 0.261417
2026-05-21 11:16:19,507 [INFO] DIMTrainer -   Epoch [5/50] Step [550/625] Loss: 0.261135
2026-05-21 11:16:21,021 [INFO] DIMTrainer -   Epoch [5/50] Step [560/625] Loss: 0.260475
2026-05-21 11:16:22,565 [INFO] DIMTrainer -   Epoch [5/50] Step [570/625] Loss: 0.259415
2026-05-21 11:16:24,077 [INFO] DIMTrainer -   Epoch [5/50] Step [580/625] Loss: 0.259192
2026-05-21 11:16:25,521 [INFO] DIMTrainer -   Epoch [5/50] Step [590/625] Loss: 0.258710
2026-05-21 11:16:27,017 [INFO] DIMTrainer -   Epoch [5/50] Step [600/625] Loss: 0.257791
2026-05-21 11:16:28,530 [INFO] DIMTrainer -   Epoch [5/50] Step [610/625] Loss: 0.257755
2026-05-21 11:16:30,051 [INFO] DIMTrainer -   Epoch [5/50] Step [620/625] Loss: 0.257372
2026-05-21 11:16:45,888 [INFO] DIMTrainer - Epoch   5/50 | Loss=0.257714 | HR@5=0.5970 | MAP@5=0.3389 | NDCG@5=0.4033 | Time=111.9s
2026-05-21 11:16:47,495 [INFO] DIMTrainer -   Epoch [6/50] Step [10/625] Loss: 0.284020
2026-05-21 11:16:48,920 [INFO] DIMTrainer -   Epoch [6/50] Step [20/625] Loss: 0.263682
2026-05-21 11:16:50,503 [INFO] DIMTrainer -   Epoch [6/50] Step [30/625] Loss: 0.256403
2026-05-21 11:16:51,976 [INFO] DIMTrainer -   Epoch [6/50] Step [40/625] Loss: 0.250317
2026-05-21 11:16:53,422 [INFO] DIMTrainer -   Epoch [6/50] Step [50/625] Loss: 0.251506
2026-05-21 11:16:54,962 [INFO] DIMTrainer -   Epoch [6/50] Step [60/625] Loss: 0.244823
2026-05-21 11:16:56,476 [INFO] DIMTrainer -   Epoch [6/50] Step [70/625] Loss: 0.237223
2026-05-21 11:16:57,876 [INFO] DIMTrainer -   Epoch [6/50] Step [80/625] Loss: 0.233702
2026-05-21 11:16:59,330 [INFO] DIMTrainer -   Epoch [6/50] Step [90/625] Loss: 0.233554
2026-05-21 11:17:00,830 [INFO] DIMTrainer -   Epoch [6/50] Step [100/625] Loss: 0.231609
2026-05-21 11:17:02,249 [INFO] DIMTrainer -   Epoch [6/50] Step [110/625] Loss: 0.230301
2026-05-21 11:17:03,667 [INFO] DIMTrainer -   Epoch [6/50] Step [120/625] Loss: 0.229466
2026-05-21 11:17:05,032 [INFO] DIMTrainer -   Epoch [6/50] Step [130/625] Loss: 0.231070
2026-05-21 11:17:06,620 [INFO] DIMTrainer -   Epoch [6/50] Step [140/625] Loss: 0.230703
2026-05-21 11:17:08,283 [INFO] DIMTrainer -   Epoch [6/50] Step [150/625] Loss: 0.233299
2026-05-21 11:17:09,949 [INFO] DIMTrainer -   Epoch [6/50] Step [160/625] Loss: 0.233164
2026-05-21 11:17:11,637 [INFO] DIMTrainer -   Epoch [6/50] Step [170/625] Loss: 0.233106
2026-05-21 11:17:13,437 [INFO] DIMTrainer -   Epoch [6/50] Step [180/625] Loss: 0.234195
2026-05-21 11:17:15,265 [INFO] DIMTrainer -   Epoch [6/50] Step [190/625] Loss: 0.233669
2026-05-21 11:17:16,753 [INFO] DIMTrainer -   Epoch [6/50] Step [200/625] Loss: 0.234919
2026-05-21 11:17:18,160 [INFO] DIMTrainer -   Epoch [6/50] Step [210/625] Loss: 0.233363
2026-05-21 11:17:19,566 [INFO] DIMTrainer -   Epoch [6/50] Step [220/625] Loss: 0.233147
2026-05-21 11:17:20,956 [INFO] DIMTrainer -   Epoch [6/50] Step [230/625] Loss: 0.233173
2026-05-21 11:17:22,366 [INFO] DIMTrainer -   Epoch [6/50] Step [240/625] Loss: 0.233122
2026-05-21 11:17:23,789 [INFO] DIMTrainer -   Epoch [6/50] Step [250/625] Loss: 0.233821
2026-05-21 11:17:25,251 [INFO] DIMTrainer -   Epoch [6/50] Step [260/625] Loss: 0.232158
2026-05-21 11:17:26,729 [INFO] DIMTrainer -   Epoch [6/50] Step [270/625] Loss: 0.233842
2026-05-21 11:17:28,168 [INFO] DIMTrainer -   Epoch [6/50] Step [280/625] Loss: 0.234878
2026-05-21 11:17:29,548 [INFO] DIMTrainer -   Epoch [6/50] Step [290/625] Loss: 0.235692
2026-05-21 11:17:31,050 [INFO] DIMTrainer -   Epoch [6/50] Step [300/625] Loss: 0.236169
2026-05-21 11:17:32,506 [INFO] DIMTrainer -   Epoch [6/50] Step [310/625] Loss: 0.235684
2026-05-21 11:17:33,877 [INFO] DIMTrainer -   Epoch [6/50] Step [320/625] Loss: 0.235633
2026-05-21 11:17:35,248 [INFO] DIMTrainer -   Epoch [6/50] Step [330/625] Loss: 0.235595
2026-05-21 11:17:36,666 [INFO] DIMTrainer -   Epoch [6/50] Step [340/625] Loss: 0.235731
2026-05-21 11:17:38,037 [INFO] DIMTrainer -   Epoch [6/50] Step [350/625] Loss: 0.234634
2026-05-21 11:17:39,372 [INFO] DIMTrainer -   Epoch [6/50] Step [360/625] Loss: 0.234363
2026-05-21 11:17:40,703 [INFO] DIMTrainer -   Epoch [6/50] Step [370/625] Loss: 0.233036
2026-05-21 11:17:42,025 [INFO] DIMTrainer -   Epoch [6/50] Step [380/625] Loss: 0.232035
2026-05-21 11:17:43,393 [INFO] DIMTrainer -   Epoch [6/50] Step [390/625] Loss: 0.231155
2026-05-21 11:17:44,753 [INFO] DIMTrainer -   Epoch [6/50] Step [400/625] Loss: 0.229347
2026-05-21 11:17:46,140 [INFO] DIMTrainer -   Epoch [6/50] Step [410/625] Loss: 0.229285
2026-05-21 11:17:47,582 [INFO] DIMTrainer -   Epoch [6/50] Step [420/625] Loss: 0.229213
2026-05-21 11:17:49,007 [INFO] DIMTrainer -   Epoch [6/50] Step [430/625] Loss: 0.228676
2026-05-21 11:17:50,428 [INFO] DIMTrainer -   Epoch [6/50] Step [440/625] Loss: 0.228340
2026-05-21 11:17:51,874 [INFO] DIMTrainer -   Epoch [6/50] Step [450/625] Loss: 0.227635
2026-05-21 11:17:53,396 [INFO] DIMTrainer -   Epoch [6/50] Step [460/625] Loss: 0.227018
2026-05-21 11:17:54,892 [INFO] DIMTrainer -   Epoch [6/50] Step [470/625] Loss: 0.226419
2026-05-21 11:17:56,255 [INFO] DIMTrainer -   Epoch [6/50] Step [480/625] Loss: 0.226690
2026-05-21 11:17:57,638 [INFO] DIMTrainer -   Epoch [6/50] Step [490/625] Loss: 0.226429
2026-05-21 11:17:58,998 [INFO] DIMTrainer -   Epoch [6/50] Step [500/625] Loss: 0.226627
2026-05-21 11:18:00,403 [INFO] DIMTrainer -   Epoch [6/50] Step [510/625] Loss: 0.226890
2026-05-21 11:18:01,762 [INFO] DIMTrainer -   Epoch [6/50] Step [520/625] Loss: 0.226438
2026-05-21 11:18:03,185 [INFO] DIMTrainer -   Epoch [6/50] Step [530/625] Loss: 0.226316
2026-05-21 11:18:04,651 [INFO] DIMTrainer -   Epoch [6/50] Step [540/625] Loss: 0.226013
2026-05-21 11:18:06,169 [INFO] DIMTrainer -   Epoch [6/50] Step [550/625] Loss: 0.225295
2026-05-21 11:18:07,637 [INFO] DIMTrainer -   Epoch [6/50] Step [560/625] Loss: 0.225351
2026-05-21 11:18:09,124 [INFO] DIMTrainer -   Epoch [6/50] Step [570/625] Loss: 0.225318
2026-05-21 11:18:10,599 [INFO] DIMTrainer -   Epoch [6/50] Step [580/625] Loss: 0.224867
2026-05-21 11:18:11,977 [INFO] DIMTrainer -   Epoch [6/50] Step [590/625] Loss: 0.225293
2026-05-21 11:18:13,384 [INFO] DIMTrainer -   Epoch [6/50] Step [600/625] Loss: 0.224738
2026-05-21 11:18:14,798 [INFO] DIMTrainer -   Epoch [6/50] Step [610/625] Loss: 0.224015
2026-05-21 11:18:16,312 [INFO] DIMTrainer -   Epoch [6/50] Step [620/625] Loss: 0.224040
2026-05-21 11:18:33,082 [INFO] DIMTrainer - Epoch   6/50 | Loss=0.224166 | HR@5=0.5730 | MAP@5=0.3280 | NDCG@5=0.3889 | Time=107.1s
2026-05-21 11:18:33,124 [INFO] DIMTrainer -   [EarlyStopping] No improvement for 1/7 epochs (best NDCG@5=0.4033)
2026-05-21 11:18:34,766 [INFO] DIMTrainer -   Epoch [7/50] Step [10/625] Loss: 0.191549
2026-05-21 11:18:36,200 [INFO] DIMTrainer -   Epoch [7/50] Step [20/625] Loss: 0.196827
2026-05-21 11:18:37,528 [INFO] DIMTrainer -   Epoch [7/50] Step [30/625] Loss: 0.197645
2026-05-21 11:18:38,857 [INFO] DIMTrainer -   Epoch [7/50] Step [40/625] Loss: 0.198570
2026-05-21 11:18:40,177 [INFO] DIMTrainer -   Epoch [7/50] Step [50/625] Loss: 0.203959
2026-05-21 11:18:41,482 [INFO] DIMTrainer -   Epoch [7/50] Step [60/625] Loss: 0.210207
2026-05-21 11:18:42,874 [INFO] DIMTrainer -   Epoch [7/50] Step [70/625] Loss: 0.213313
2026-05-21 11:18:44,260 [INFO] DIMTrainer -   Epoch [7/50] Step [80/625] Loss: 0.213194
2026-05-21 11:18:45,638 [INFO] DIMTrainer -   Epoch [7/50] Step [90/625] Loss: 0.210772
2026-05-21 11:18:47,045 [INFO] DIMTrainer -   Epoch [7/50] Step [100/625] Loss: 0.211772
2026-05-21 11:18:48,533 [INFO] DIMTrainer -   Epoch [7/50] Step [110/625] Loss: 0.211165
2026-05-21 11:18:49,904 [INFO] DIMTrainer -   Epoch [7/50] Step [120/625] Loss: 0.211241
2026-05-21 11:18:51,305 [INFO] DIMTrainer -   Epoch [7/50] Step [130/625] Loss: 0.209889
2026-05-21 11:18:52,657 [INFO] DIMTrainer -   Epoch [7/50] Step [140/625] Loss: 0.207595
2026-05-21 11:18:54,061 [INFO] DIMTrainer -   Epoch [7/50] Step [150/625] Loss: 0.208194
2026-05-21 11:18:55,467 [INFO] DIMTrainer -   Epoch [7/50] Step [160/625] Loss: 0.210402
2026-05-21 11:18:56,848 [INFO] DIMTrainer -   Epoch [7/50] Step [170/625] Loss: 0.209611
2026-05-21 11:18:58,284 [INFO] DIMTrainer -   Epoch [7/50] Step [180/625] Loss: 0.208820
2026-05-21 11:18:59,688 [INFO] DIMTrainer -   Epoch [7/50] Step [190/625] Loss: 0.208771
2026-05-21 11:19:01,073 [INFO] DIMTrainer -   Epoch [7/50] Step [200/625] Loss: 0.207910
2026-05-21 11:19:02,464 [INFO] DIMTrainer -   Epoch [7/50] Step [210/625] Loss: 0.208552
2026-05-21 11:19:03,810 [INFO] DIMTrainer -   Epoch [7/50] Step [220/625] Loss: 0.207852
2026-05-21 11:19:05,225 [INFO] DIMTrainer -   Epoch [7/50] Step [230/625] Loss: 0.207823
2026-05-21 11:19:06,549 [INFO] DIMTrainer -   Epoch [7/50] Step [240/625] Loss: 0.206749
2026-05-21 11:19:08,098 [INFO] DIMTrainer -   Epoch [7/50] Step [250/625] Loss: 0.206924
2026-05-21 11:19:09,586 [INFO] DIMTrainer -   Epoch [7/50] Step [260/625] Loss: 0.206228
2026-05-21 11:19:10,951 [INFO] DIMTrainer -   Epoch [7/50] Step [270/625] Loss: 0.207263
2026-05-21 11:19:12,310 [INFO] DIMTrainer -   Epoch [7/50] Step [280/625] Loss: 0.205744
2026-05-21 11:19:13,752 [INFO] DIMTrainer -   Epoch [7/50] Step [290/625] Loss: 0.205175
2026-05-21 11:19:15,124 [INFO] DIMTrainer -   Epoch [7/50] Step [300/625] Loss: 0.205614
2026-05-21 11:19:16,549 [INFO] DIMTrainer -   Epoch [7/50] Step [310/625] Loss: 0.204794
2026-05-21 11:19:18,000 [INFO] DIMTrainer -   Epoch [7/50] Step [320/625] Loss: 0.204855
2026-05-21 11:19:19,393 [INFO] DIMTrainer -   Epoch [7/50] Step [330/625] Loss: 0.204348
2026-05-21 11:19:20,780 [INFO] DIMTrainer -   Epoch [7/50] Step [340/625] Loss: 0.203980
2026-05-21 11:19:22,218 [INFO] DIMTrainer -   Epoch [7/50] Step [350/625] Loss: 0.203992
2026-05-21 11:19:23,646 [INFO] DIMTrainer -   Epoch [7/50] Step [360/625] Loss: 0.204998
2026-05-21 11:19:25,047 [INFO] DIMTrainer -   Epoch [7/50] Step [370/625] Loss: 0.204639
2026-05-21 11:19:26,505 [INFO] DIMTrainer -   Epoch [7/50] Step [380/625] Loss: 0.203661
2026-05-21 11:19:28,032 [INFO] DIMTrainer -   Epoch [7/50] Step [390/625] Loss: 0.203356
2026-05-21 11:19:29,411 [INFO] DIMTrainer -   Epoch [7/50] Step [400/625] Loss: 0.203742
2026-05-21 11:19:30,804 [INFO] DIMTrainer -   Epoch [7/50] Step [410/625] Loss: 0.203114
2026-05-21 11:19:32,189 [INFO] DIMTrainer -   Epoch [7/50] Step [420/625] Loss: 0.202115
2026-05-21 11:19:33,543 [INFO] DIMTrainer -   Epoch [7/50] Step [430/625] Loss: 0.202362
2026-05-21 11:19:35,003 [INFO] DIMTrainer -   Epoch [7/50] Step [440/625] Loss: 0.201823
2026-05-21 11:19:36,334 [INFO] DIMTrainer -   Epoch [7/50] Step [450/625] Loss: 0.201633
2026-05-21 11:19:37,676 [INFO] DIMTrainer -   Epoch [7/50] Step [460/625] Loss: 0.201978
2026-05-21 11:19:39,068 [INFO] DIMTrainer -   Epoch [7/50] Step [470/625] Loss: 0.201423
2026-05-21 11:19:40,450 [INFO] DIMTrainer -   Epoch [7/50] Step [480/625] Loss: 0.201206
2026-05-21 11:19:41,838 [INFO] DIMTrainer -   Epoch [7/50] Step [490/625] Loss: 0.201052
2026-05-21 11:19:43,248 [INFO] DIMTrainer -   Epoch [7/50] Step [500/625] Loss: 0.200353
2026-05-21 11:19:44,685 [INFO] DIMTrainer -   Epoch [7/50] Step [510/625] Loss: 0.200538
2026-05-21 11:19:46,211 [INFO] DIMTrainer -   Epoch [7/50] Step [520/625] Loss: 0.200234
2026-05-21 11:19:47,955 [INFO] DIMTrainer -   Epoch [7/50] Step [530/625] Loss: 0.200461
2026-05-21 11:19:49,639 [INFO] DIMTrainer -   Epoch [7/50] Step [540/625] Loss: 0.201073
2026-05-21 11:19:51,312 [INFO] DIMTrainer -   Epoch [7/50] Step [550/625] Loss: 0.200954
2026-05-21 11:19:53,012 [INFO] DIMTrainer -   Epoch [7/50] Step [560/625] Loss: 0.201293
2026-05-21 11:19:54,886 [INFO] DIMTrainer -   Epoch [7/50] Step [570/625] Loss: 0.200943
2026-05-21 11:19:56,622 [INFO] DIMTrainer -   Epoch [7/50] Step [580/625] Loss: 0.200708
2026-05-21 11:19:58,077 [INFO] DIMTrainer -   Epoch [7/50] Step [590/625] Loss: 0.200943
2026-05-21 11:19:59,458 [INFO] DIMTrainer -   Epoch [7/50] Step [600/625] Loss: 0.201142
2026-05-21 11:20:00,898 [INFO] DIMTrainer -   Epoch [7/50] Step [610/625] Loss: 0.201470
2026-05-21 11:20:02,334 [INFO] DIMTrainer -   Epoch [7/50] Step [620/625] Loss: 0.200955
2026-05-21 11:20:18,954 [INFO] DIMTrainer - Epoch   7/50 | Loss=0.200920 | HR@5=0.7405 | MAP@5=0.4591 | NDCG@5=0.5294 | Time=105.8s
2026-05-21 11:20:20,487 [INFO] DIMTrainer -   Epoch [8/50] Step [10/625] Loss: 0.183554
2026-05-21 11:20:21,917 [INFO] DIMTrainer -   Epoch [8/50] Step [20/625] Loss: 0.179453
2026-05-21 11:20:23,318 [INFO] DIMTrainer -   Epoch [8/50] Step [30/625] Loss: 0.190218
2026-05-21 11:20:24,715 [INFO] DIMTrainer -   Epoch [8/50] Step [40/625] Loss: 0.200981
2026-05-21 11:20:26,152 [INFO] DIMTrainer -   Epoch [8/50] Step [50/625] Loss: 0.201259
2026-05-21 11:20:27,525 [INFO] DIMTrainer -   Epoch [8/50] Step [60/625] Loss: 0.199856
2026-05-21 11:20:28,922 [INFO] DIMTrainer -   Epoch [8/50] Step [70/625] Loss: 0.200222
2026-05-21 11:20:30,267 [INFO] DIMTrainer -   Epoch [8/50] Step [80/625] Loss: 0.199438
2026-05-21 11:20:31,568 [INFO] DIMTrainer -   Epoch [8/50] Step [90/625] Loss: 0.198967
2026-05-21 11:20:32,919 [INFO] DIMTrainer -   Epoch [8/50] Step [100/625] Loss: 0.197248
2026-05-21 11:20:34,394 [INFO] DIMTrainer -   Epoch [8/50] Step [110/625] Loss: 0.194924
2026-05-21 11:20:35,699 [INFO] DIMTrainer -   Epoch [8/50] Step [120/625] Loss: 0.192082
2026-05-21 11:20:37,028 [INFO] DIMTrainer -   Epoch [8/50] Step [130/625] Loss: 0.188918
2026-05-21 11:20:38,341 [INFO] DIMTrainer -   Epoch [8/50] Step [140/625] Loss: 0.189605
2026-05-21 11:20:39,692 [INFO] DIMTrainer -   Epoch [8/50] Step [150/625] Loss: 0.189850
2026-05-21 11:20:41,033 [INFO] DIMTrainer -   Epoch [8/50] Step [160/625] Loss: 0.190883
2026-05-21 11:20:42,444 [INFO] DIMTrainer -   Epoch [8/50] Step [170/625] Loss: 0.191055
2026-05-21 11:20:43,836 [INFO] DIMTrainer -   Epoch [8/50] Step [180/625] Loss: 0.190120
2026-05-21 11:20:45,206 [INFO] DIMTrainer -   Epoch [8/50] Step [190/625] Loss: 0.188825
2026-05-21 11:20:46,591 [INFO] DIMTrainer -   Epoch [8/50] Step [200/625] Loss: 0.189900
2026-05-21 11:20:47,952 [INFO] DIMTrainer -   Epoch [8/50] Step [210/625] Loss: 0.190272
2026-05-21 11:20:49,583 [INFO] DIMTrainer -   Epoch [8/50] Step [220/625] Loss: 0.190066
2026-05-21 11:20:50,978 [INFO] DIMTrainer -   Epoch [8/50] Step [230/625] Loss: 0.189957
2026-05-21 11:20:52,417 [INFO] DIMTrainer -   Epoch [8/50] Step [240/625] Loss: 0.190619
2026-05-21 11:20:53,871 [INFO] DIMTrainer -   Epoch [8/50] Step [250/625] Loss: 0.191085
2026-05-21 11:20:55,576 [INFO] DIMTrainer -   Epoch [8/50] Step [260/625] Loss: 0.191777
2026-05-21 11:20:56,936 [INFO] DIMTrainer -   Epoch [8/50] Step [270/625] Loss: 0.190662
2026-05-21 11:20:58,330 [INFO] DIMTrainer -   Epoch [8/50] Step [280/625] Loss: 0.189596
2026-05-21 11:20:59,708 [INFO] DIMTrainer -   Epoch [8/50] Step [290/625] Loss: 0.188800
2026-05-21 11:21:01,012 [INFO] DIMTrainer -   Epoch [8/50] Step [300/625] Loss: 0.188988
2026-05-21 11:21:02,514 [INFO] DIMTrainer -   Epoch [8/50] Step [310/625] Loss: 0.188203
2026-05-21 11:21:03,920 [INFO] DIMTrainer -   Epoch [8/50] Step [320/625] Loss: 0.188175
2026-05-21 11:21:05,263 [INFO] DIMTrainer -   Epoch [8/50] Step [330/625] Loss: 0.186913
2026-05-21 11:21:06,647 [INFO] DIMTrainer -   Epoch [8/50] Step [340/625] Loss: 0.186676
2026-05-21 11:21:07,955 [INFO] DIMTrainer -   Epoch [8/50] Step [350/625] Loss: 0.186488
2026-05-21 11:21:09,425 [INFO] DIMTrainer -   Epoch [8/50] Step [360/625] Loss: 0.186927
2026-05-21 11:21:10,859 [INFO] DIMTrainer -   Epoch [8/50] Step [370/625] Loss: 0.186456
2026-05-21 11:21:12,289 [INFO] DIMTrainer -   Epoch [8/50] Step [380/625] Loss: 0.186654
2026-05-21 11:21:13,687 [INFO] DIMTrainer -   Epoch [8/50] Step [390/625] Loss: 0.187312
2026-05-21 11:21:15,218 [INFO] DIMTrainer -   Epoch [8/50] Step [400/625] Loss: 0.187061
2026-05-21 11:21:16,667 [INFO] DIMTrainer -   Epoch [8/50] Step [410/625] Loss: 0.186620
2026-05-21 11:21:18,159 [INFO] DIMTrainer -   Epoch [8/50] Step [420/625] Loss: 0.185997
2026-05-21 11:21:19,540 [INFO] DIMTrainer -   Epoch [8/50] Step [430/625] Loss: 0.185977
2026-05-21 11:21:20,876 [INFO] DIMTrainer -   Epoch [8/50] Step [440/625] Loss: 0.186383
2026-05-21 11:21:22,326 [INFO] DIMTrainer -   Epoch [8/50] Step [450/625] Loss: 0.186516
2026-05-21 11:21:23,879 [INFO] DIMTrainer -   Epoch [8/50] Step [460/625] Loss: 0.185876
2026-05-21 11:21:25,273 [INFO] DIMTrainer -   Epoch [8/50] Step [470/625] Loss: 0.185476
2026-05-21 11:21:26,852 [INFO] DIMTrainer -   Epoch [8/50] Step [480/625] Loss: 0.185028
2026-05-21 11:21:28,369 [INFO] DIMTrainer -   Epoch [8/50] Step [490/625] Loss: 0.184602
2026-05-21 11:21:29,818 [INFO] DIMTrainer -   Epoch [8/50] Step [500/625] Loss: 0.184231
2026-05-21 11:21:31,633 [INFO] DIMTrainer -   Epoch [8/50] Step [510/625] Loss: 0.183812
2026-05-21 11:21:33,177 [INFO] DIMTrainer -   Epoch [8/50] Step [520/625] Loss: 0.184918
2026-05-21 11:21:34,796 [INFO] DIMTrainer -   Epoch [8/50] Step [530/625] Loss: 0.184734
2026-05-21 11:21:36,465 [INFO] DIMTrainer -   Epoch [8/50] Step [540/625] Loss: 0.184833
2026-05-21 11:21:37,967 [INFO] DIMTrainer -   Epoch [8/50] Step [550/625] Loss: 0.184711
2026-05-21 11:21:39,427 [INFO] DIMTrainer -   Epoch [8/50] Step [560/625] Loss: 0.183872
2026-05-21 11:21:40,730 [INFO] DIMTrainer -   Epoch [8/50] Step [570/625] Loss: 0.184256
2026-05-21 11:21:42,436 [INFO] DIMTrainer -   Epoch [8/50] Step [580/625] Loss: 0.183955
2026-05-21 11:21:43,934 [INFO] DIMTrainer -   Epoch [8/50] Step [590/625] Loss: 0.184207
2026-05-21 11:21:45,839 [INFO] DIMTrainer -   Epoch [8/50] Step [600/625] Loss: 0.184472
2026-05-21 11:21:48,049 [INFO] DIMTrainer -   Epoch [8/50] Step [610/625] Loss: 0.184355
2026-05-21 11:21:50,074 [INFO] DIMTrainer -   Epoch [8/50] Step [620/625] Loss: 0.184284
2026-05-21 11:22:06,041 [INFO] DIMTrainer - Epoch   8/50 | Loss=0.184504 | HR@5=0.7200 | MAP@5=0.4664 | NDCG@5=0.5299 | Time=107.0s
2026-05-21 11:22:07,862 [INFO] DIMTrainer -   Epoch [9/50] Step [10/625] Loss: 0.171336
2026-05-21 11:22:09,413 [INFO] DIMTrainer -   Epoch [9/50] Step [20/625] Loss: 0.165401
2026-05-21 11:22:10,867 [INFO] DIMTrainer -   Epoch [9/50] Step [30/625] Loss: 0.171989
2026-05-21 11:22:12,328 [INFO] DIMTrainer -   Epoch [9/50] Step [40/625] Loss: 0.173719
2026-05-21 11:22:13,838 [INFO] DIMTrainer -   Epoch [9/50] Step [50/625] Loss: 0.170617
2026-05-21 11:22:15,482 [INFO] DIMTrainer -   Epoch [9/50] Step [60/625] Loss: 0.175026
2026-05-21 11:22:17,186 [INFO] DIMTrainer -   Epoch [9/50] Step [70/625] Loss: 0.177499
2026-05-21 11:22:18,904 [INFO] DIMTrainer -   Epoch [9/50] Step [80/625] Loss: 0.176526
2026-05-21 11:22:20,610 [INFO] DIMTrainer -   Epoch [9/50] Step [90/625] Loss: 0.175410
2026-05-21 11:22:22,285 [INFO] DIMTrainer -   Epoch [9/50] Step [100/625] Loss: 0.178888
2026-05-21 11:22:24,124 [INFO] DIMTrainer -   Epoch [9/50] Step [110/625] Loss: 0.177429
2026-05-21 11:22:25,859 [INFO] DIMTrainer -   Epoch [9/50] Step [120/625] Loss: 0.178105
2026-05-21 11:22:27,376 [INFO] DIMTrainer -   Epoch [9/50] Step [130/625] Loss: 0.177561
2026-05-21 11:22:28,837 [INFO] DIMTrainer -   Epoch [9/50] Step [140/625] Loss: 0.178316
2026-05-21 11:22:30,204 [INFO] DIMTrainer -   Epoch [9/50] Step [150/625] Loss: 0.177631
2026-05-21 11:22:31,675 [INFO] DIMTrainer -   Epoch [9/50] Step [160/625] Loss: 0.175202
2026-05-21 11:22:33,080 [INFO] DIMTrainer -   Epoch [9/50] Step [170/625] Loss: 0.174165
2026-05-21 11:22:34,541 [INFO] DIMTrainer -   Epoch [9/50] Step [180/625] Loss: 0.175096
2026-05-21 11:22:36,022 [INFO] DIMTrainer -   Epoch [9/50] Step [190/625] Loss: 0.174861
2026-05-21 11:22:37,307 [INFO] DIMTrainer -   Epoch [9/50] Step [200/625] Loss: 0.175469
2026-05-21 11:22:38,638 [INFO] DIMTrainer -   Epoch [9/50] Step [210/625] Loss: 0.176026
2026-05-21 11:22:39,942 [INFO] DIMTrainer -   Epoch [9/50] Step [220/625] Loss: 0.176038
2026-05-21 11:22:41,276 [INFO] DIMTrainer -   Epoch [9/50] Step [230/625] Loss: 0.174253
2026-05-21 11:22:42,624 [INFO] DIMTrainer -   Epoch [9/50] Step [240/625] Loss: 0.173014
2026-05-21 11:22:43,979 [INFO] DIMTrainer -   Epoch [9/50] Step [250/625] Loss: 0.173074
2026-05-21 11:22:45,360 [INFO] DIMTrainer -   Epoch [9/50] Step [260/625] Loss: 0.172328
2026-05-21 11:22:46,759 [INFO] DIMTrainer -   Epoch [9/50] Step [270/625] Loss: 0.172406
2026-05-21 11:22:48,119 [INFO] DIMTrainer -   Epoch [9/50] Step [280/625] Loss: 0.172175
2026-05-21 11:22:49,523 [INFO] DIMTrainer -   Epoch [9/50] Step [290/625] Loss: 0.171281
2026-05-21 11:22:51,044 [INFO] DIMTrainer -   Epoch [9/50] Step [300/625] Loss: 0.172327
2026-05-21 11:22:52,576 [INFO] DIMTrainer -   Epoch [9/50] Step [310/625] Loss: 0.171908
2026-05-21 11:22:54,005 [INFO] DIMTrainer -   Epoch [9/50] Step [320/625] Loss: 0.171561
2026-05-21 11:22:55,559 [INFO] DIMTrainer -   Epoch [9/50] Step [330/625] Loss: 0.171896
2026-05-21 11:22:57,016 [INFO] DIMTrainer -   Epoch [9/50] Step [340/625] Loss: 0.172599
2026-05-21 11:22:58,641 [INFO] DIMTrainer -   Epoch [9/50] Step [350/625] Loss: 0.172578
2026-05-21 11:23:00,106 [INFO] DIMTrainer -   Epoch [9/50] Step [360/625] Loss: 0.172822
2026-05-21 11:23:01,553 [INFO] DIMTrainer -   Epoch [9/50] Step [370/625] Loss: 0.172215
2026-05-21 11:23:02,977 [INFO] DIMTrainer -   Epoch [9/50] Step [380/625] Loss: 0.171961
2026-05-21 11:23:04,403 [INFO] DIMTrainer -   Epoch [9/50] Step [390/625] Loss: 0.172861
2026-05-21 11:23:05,856 [INFO] DIMTrainer -   Epoch [9/50] Step [400/625] Loss: 0.172411
2026-05-21 11:23:07,198 [INFO] DIMTrainer -   Epoch [9/50] Step [410/625] Loss: 0.172005
2026-05-21 11:23:08,650 [INFO] DIMTrainer -   Epoch [9/50] Step [420/625] Loss: 0.170938
2026-05-21 11:23:10,095 [INFO] DIMTrainer -   Epoch [9/50] Step [430/625] Loss: 0.170666
2026-05-21 11:23:11,722 [INFO] DIMTrainer -   Epoch [9/50] Step [440/625] Loss: 0.170225
2026-05-21 11:23:13,325 [INFO] DIMTrainer -   Epoch [9/50] Step [450/625] Loss: 0.170790
2026-05-21 11:23:14,953 [INFO] DIMTrainer -   Epoch [9/50] Step [460/625] Loss: 0.170032
2026-05-21 11:23:16,997 [INFO] DIMTrainer -   Epoch [9/50] Step [470/625] Loss: 0.169708
2026-05-21 11:23:18,759 [INFO] DIMTrainer -   Epoch [9/50] Step [480/625] Loss: 0.168614
2026-05-21 11:23:20,435 [INFO] DIMTrainer -   Epoch [9/50] Step [490/625] Loss: 0.168608
2026-05-21 11:23:22,231 [INFO] DIMTrainer -   Epoch [9/50] Step [500/625] Loss: 0.168234
2026-05-21 11:23:23,749 [INFO] DIMTrainer -   Epoch [9/50] Step [510/625] Loss: 0.168073
2026-05-21 11:23:25,297 [INFO] DIMTrainer -   Epoch [9/50] Step [520/625] Loss: 0.168302
2026-05-21 11:23:26,688 [INFO] DIMTrainer -   Epoch [9/50] Step [530/625] Loss: 0.168426
2026-05-21 11:23:28,075 [INFO] DIMTrainer -   Epoch [9/50] Step [540/625] Loss: 0.167851
2026-05-21 11:23:29,456 [INFO] DIMTrainer -   Epoch [9/50] Step [550/625] Loss: 0.167283
2026-05-21 11:23:30,835 [INFO] DIMTrainer -   Epoch [9/50] Step [560/625] Loss: 0.167215
2026-05-21 11:23:32,198 [INFO] DIMTrainer -   Epoch [9/50] Step [570/625] Loss: 0.167400
2026-05-21 11:23:33,569 [INFO] DIMTrainer -   Epoch [9/50] Step [580/625] Loss: 0.166459
2026-05-21 11:23:34,927 [INFO] DIMTrainer -   Epoch [9/50] Step [590/625] Loss: 0.166374
2026-05-21 11:23:36,281 [INFO] DIMTrainer -   Epoch [9/50] Step [600/625] Loss: 0.166395
2026-05-21 11:23:37,772 [INFO] DIMTrainer -   Epoch [9/50] Step [610/625] Loss: 0.165800
2026-05-21 11:23:39,402 [INFO] DIMTrainer -   Epoch [9/50] Step [620/625] Loss: 0.165322
2026-05-21 11:23:54,448 [INFO] DIMTrainer - Epoch   9/50 | Loss=0.164925 | HR@5=0.7335 | MAP@5=0.4856 | NDCG@5=0.5477 | Time=108.3s
2026-05-21 11:23:55,768 [INFO] DIMTrainer -   Epoch [10/50] Step [10/625] Loss: 0.151082
2026-05-21 11:23:57,267 [INFO] DIMTrainer -   Epoch [10/50] Step [20/625] Loss: 0.170871
2026-05-21 11:23:58,772 [INFO] DIMTrainer -   Epoch [10/50] Step [30/625] Loss: 0.164002
2026-05-21 11:24:00,398 [INFO] DIMTrainer -   Epoch [10/50] Step [40/625] Loss: 0.154790
2026-05-21 11:24:02,258 [INFO] DIMTrainer -   Epoch [10/50] Step [50/625] Loss: 0.150224
2026-05-21 11:24:03,642 [INFO] DIMTrainer -   Epoch [10/50] Step [60/625] Loss: 0.156744
2026-05-21 11:24:04,956 [INFO] DIMTrainer -   Epoch [10/50] Step [70/625] Loss: 0.154651
2026-05-21 11:24:06,473 [INFO] DIMTrainer -   Epoch [10/50] Step [80/625] Loss: 0.155498
2026-05-21 11:24:08,413 [INFO] DIMTrainer -   Epoch [10/50] Step [90/625] Loss: 0.154546
2026-05-21 11:24:09,852 [INFO] DIMTrainer -   Epoch [10/50] Step [100/625] Loss: 0.153740
2026-05-21 11:24:11,209 [INFO] DIMTrainer -   Epoch [10/50] Step [110/625] Loss: 0.152921
2026-05-21 11:24:12,631 [INFO] DIMTrainer -   Epoch [10/50] Step [120/625] Loss: 0.150190
2026-05-21 11:24:14,696 [INFO] DIMTrainer -   Epoch [10/50] Step [130/625] Loss: 0.149525
2026-05-21 11:24:16,683 [INFO] DIMTrainer -   Epoch [10/50] Step [140/625] Loss: 0.149242
2026-05-21 11:24:18,905 [INFO] DIMTrainer -   Epoch [10/50] Step [150/625] Loss: 0.147340
2026-05-21 11:24:20,634 [INFO] DIMTrainer -   Epoch [10/50] Step [160/625] Loss: 0.149264
2026-05-21 11:24:22,100 [INFO] DIMTrainer -   Epoch [10/50] Step [170/625] Loss: 0.149038
2026-05-21 11:24:23,629 [INFO] DIMTrainer -   Epoch [10/50] Step [180/625] Loss: 0.150737
2026-05-21 11:24:25,328 [INFO] DIMTrainer -   Epoch [10/50] Step [190/625] Loss: 0.150363
2026-05-21 11:24:26,969 [INFO] DIMTrainer -   Epoch [10/50] Step [200/625] Loss: 0.153212
2026-05-21 11:24:28,484 [INFO] DIMTrainer -   Epoch [10/50] Step [210/625] Loss: 0.152911
2026-05-21 11:24:29,752 [INFO] DIMTrainer -   Epoch [10/50] Step [220/625] Loss: 0.152069
2026-05-21 11:24:31,370 [INFO] DIMTrainer -   Epoch [10/50] Step [230/625] Loss: 0.151565
2026-05-21 11:24:32,871 [INFO] DIMTrainer -   Epoch [10/50] Step [240/625] Loss: 0.151450
2026-05-21 11:24:34,590 [INFO] DIMTrainer -   Epoch [10/50] Step [250/625] Loss: 0.150771
2026-05-21 11:24:35,844 [INFO] DIMTrainer -   Epoch [10/50] Step [260/625] Loss: 0.151170
2026-05-21 11:24:37,461 [INFO] DIMTrainer -   Epoch [10/50] Step [270/625] Loss: 0.149913
2026-05-21 11:24:39,073 [INFO] DIMTrainer -   Epoch [10/50] Step [280/625] Loss: 0.149618
2026-05-21 11:24:40,321 [INFO] DIMTrainer -   Epoch [10/50] Step [290/625] Loss: 0.148570
2026-05-21 11:24:41,628 [INFO] DIMTrainer -   Epoch [10/50] Step [300/625] Loss: 0.148605
2026-05-21 11:24:42,863 [INFO] DIMTrainer -   Epoch [10/50] Step [310/625] Loss: 0.147796
2026-05-21 11:24:44,041 [INFO] DIMTrainer -   Epoch [10/50] Step [320/625] Loss: 0.147505
2026-05-21 11:24:45,206 [INFO] DIMTrainer -   Epoch [10/50] Step [330/625] Loss: 0.147353
2026-05-21 11:24:46,457 [INFO] DIMTrainer -   Epoch [10/50] Step [340/625] Loss: 0.147441
2026-05-21 11:24:47,710 [INFO] DIMTrainer -   Epoch [10/50] Step [350/625] Loss: 0.148049
2026-05-21 11:24:48,977 [INFO] DIMTrainer -   Epoch [10/50] Step [360/625] Loss: 0.148930
2026-05-21 11:24:50,232 [INFO] DIMTrainer -   Epoch [10/50] Step [370/625] Loss: 0.148853
2026-05-21 11:24:51,396 [INFO] DIMTrainer -   Epoch [10/50] Step [380/625] Loss: 0.148747
2026-05-21 11:24:52,689 [INFO] DIMTrainer -   Epoch [10/50] Step [390/625] Loss: 0.149658
2026-05-21 11:24:54,181 [INFO] DIMTrainer -   Epoch [10/50] Step [400/625] Loss: 0.149876
2026-05-21 11:24:55,519 [INFO] DIMTrainer -   Epoch [10/50] Step [410/625] Loss: 0.150379
2026-05-21 11:24:56,850 [INFO] DIMTrainer -   Epoch [10/50] Step [420/625] Loss: 0.149624
2026-05-21 11:24:58,146 [INFO] DIMTrainer -   Epoch [10/50] Step [430/625] Loss: 0.149125
2026-05-21 11:24:59,518 [INFO] DIMTrainer -   Epoch [10/50] Step [440/625] Loss: 0.149718
2026-05-21 11:25:00,799 [INFO] DIMTrainer -   Epoch [10/50] Step [450/625] Loss: 0.149148
2026-05-21 11:25:02,091 [INFO] DIMTrainer -   Epoch [10/50] Step [460/625] Loss: 0.149280
2026-05-21 11:25:03,358 [INFO] DIMTrainer -   Epoch [10/50] Step [470/625] Loss: 0.149881
2026-05-21 11:25:04,872 [INFO] DIMTrainer -   Epoch [10/50] Step [480/625] Loss: 0.149578
2026-05-21 11:25:06,658 [INFO] DIMTrainer -   Epoch [10/50] Step [490/625] Loss: 0.149307
2026-05-21 11:25:08,141 [INFO] DIMTrainer -   Epoch [10/50] Step [500/625] Loss: 0.149456
2026-05-21 11:25:09,688 [INFO] DIMTrainer -   Epoch [10/50] Step [510/625] Loss: 0.149198
2026-05-21 11:25:11,100 [INFO] DIMTrainer -   Epoch [10/50] Step [520/625] Loss: 0.148366
2026-05-21 11:25:12,528 [INFO] DIMTrainer -   Epoch [10/50] Step [530/625] Loss: 0.148322
2026-05-21 11:25:13,943 [INFO] DIMTrainer -   Epoch [10/50] Step [540/625] Loss: 0.148309
2026-05-21 11:25:15,418 [INFO] DIMTrainer -   Epoch [10/50] Step [550/625] Loss: 0.148466
2026-05-21 11:25:16,880 [INFO] DIMTrainer -   Epoch [10/50] Step [560/625] Loss: 0.148171
2026-05-21 11:25:18,375 [INFO] DIMTrainer -   Epoch [10/50] Step [570/625] Loss: 0.147569
2026-05-21 11:25:19,816 [INFO] DIMTrainer -   Epoch [10/50] Step [580/625] Loss: 0.146635
2026-05-21 11:25:21,312 [INFO] DIMTrainer -   Epoch [10/50] Step [590/625] Loss: 0.146901
2026-05-21 11:25:22,939 [INFO] DIMTrainer -   Epoch [10/50] Step [600/625] Loss: 0.146874
2026-05-21 11:25:24,529 [INFO] DIMTrainer -   Epoch [10/50] Step [610/625] Loss: 0.146781
2026-05-21 11:25:26,341 [INFO] DIMTrainer -   Epoch [10/50] Step [620/625] Loss: 0.146815
2026-05-21 11:25:43,608 [INFO] DIMTrainer - Epoch  10/50 | Loss=0.146582 | HR@5=0.7415 | MAP@5=0.5044 | NDCG@5=0.5638 | Time=109.1s
2026-05-21 11:25:45,043 [INFO] DIMTrainer -   Epoch [11/50] Step [10/625] Loss: 0.126211
2026-05-21 11:25:46,370 [INFO] DIMTrainer -   Epoch [11/50] Step [20/625] Loss: 0.136702
2026-05-21 11:25:47,718 [INFO] DIMTrainer -   Epoch [11/50] Step [30/625] Loss: 0.140324
2026-05-21 11:25:49,243 [INFO] DIMTrainer -   Epoch [11/50] Step [40/625] Loss: 0.139785
2026-05-21 11:25:50,619 [INFO] DIMTrainer -   Epoch [11/50] Step [50/625] Loss: 0.141776
2026-05-21 11:25:51,976 [INFO] DIMTrainer -   Epoch [11/50] Step [60/625] Loss: 0.149485
2026-05-21 11:25:53,359 [INFO] DIMTrainer -   Epoch [11/50] Step [70/625] Loss: 0.150933
2026-05-21 11:25:54,757 [INFO] DIMTrainer -   Epoch [11/50] Step [80/625] Loss: 0.152982
2026-05-21 11:25:56,110 [INFO] DIMTrainer -   Epoch [11/50] Step [90/625] Loss: 0.151848
2026-05-21 11:25:57,482 [INFO] DIMTrainer -   Epoch [11/50] Step [100/625] Loss: 0.150551
2026-05-21 11:25:58,859 [INFO] DIMTrainer -   Epoch [11/50] Step [110/625] Loss: 0.149137
2026-05-21 11:26:00,237 [INFO] DIMTrainer -   Epoch [11/50] Step [120/625] Loss: 0.146402
2026-05-21 11:26:01,764 [INFO] DIMTrainer -   Epoch [11/50] Step [130/625] Loss: 0.147750
2026-05-21 11:26:03,114 [INFO] DIMTrainer -   Epoch [11/50] Step [140/625] Loss: 0.144589
2026-05-21 11:26:04,657 [INFO] DIMTrainer -   Epoch [11/50] Step [150/625] Loss: 0.143525
2026-05-21 11:26:05,950 [INFO] DIMTrainer -   Epoch [11/50] Step [160/625] Loss: 0.144190
2026-05-21 11:26:07,126 [INFO] DIMTrainer -   Epoch [11/50] Step [170/625] Loss: 0.141408
2026-05-21 11:26:08,323 [INFO] DIMTrainer -   Epoch [11/50] Step [180/625] Loss: 0.141048
2026-05-21 11:26:09,499 [INFO] DIMTrainer -   Epoch [11/50] Step [190/625] Loss: 0.140315
2026-05-21 11:26:10,711 [INFO] DIMTrainer -   Epoch [11/50] Step [200/625] Loss: 0.141808
2026-05-21 11:26:11,889 [INFO] DIMTrainer -   Epoch [11/50] Step [210/625] Loss: 0.143098
2026-05-21 11:26:13,143 [INFO] DIMTrainer -   Epoch [11/50] Step [220/625] Loss: 0.143327
2026-05-21 11:26:14,403 [INFO] DIMTrainer -   Epoch [11/50] Step [230/625] Loss: 0.143411
2026-05-21 11:26:15,736 [INFO] DIMTrainer -   Epoch [11/50] Step [240/625] Loss: 0.143204
2026-05-21 11:26:17,050 [INFO] DIMTrainer -   Epoch [11/50] Step [250/625] Loss: 0.142860
2026-05-21 11:26:18,364 [INFO] DIMTrainer -   Epoch [11/50] Step [260/625] Loss: 0.143404
2026-05-21 11:26:19,734 [INFO] DIMTrainer -   Epoch [11/50] Step [270/625] Loss: 0.143420
2026-05-21 11:26:21,022 [INFO] DIMTrainer -   Epoch [11/50] Step [280/625] Loss: 0.142866
2026-05-21 11:26:22,340 [INFO] DIMTrainer -   Epoch [11/50] Step [290/625] Loss: 0.142127
2026-05-21 11:26:23,956 [INFO] DIMTrainer -   Epoch [11/50] Step [300/625] Loss: 0.142184
2026-05-21 11:26:25,310 [INFO] DIMTrainer -   Epoch [11/50] Step [310/625] Loss: 0.141348
2026-05-21 11:26:26,647 [INFO] DIMTrainer -   Epoch [11/50] Step [320/625] Loss: 0.141197
2026-05-21 11:26:27,919 [INFO] DIMTrainer -   Epoch [11/50] Step [330/625] Loss: 0.140466
2026-05-21 11:26:29,246 [INFO] DIMTrainer -   Epoch [11/50] Step [340/625] Loss: 0.140848
2026-05-21 11:26:30,565 [INFO] DIMTrainer -   Epoch [11/50] Step [350/625] Loss: 0.140398
2026-05-21 11:26:31,948 [INFO] DIMTrainer -   Epoch [11/50] Step [360/625] Loss: 0.140442
2026-05-21 11:26:33,576 [INFO] DIMTrainer -   Epoch [11/50] Step [370/625] Loss: 0.140453
2026-05-21 11:26:35,520 [INFO] DIMTrainer -   Epoch [11/50] Step [380/625] Loss: 0.140950
2026-05-21 11:26:36,734 [INFO] DIMTrainer -   Epoch [11/50] Step [390/625] Loss: 0.141034
2026-05-21 11:26:37,787 [INFO] DIMTrainer -   Epoch [11/50] Step [400/625] Loss: 0.141443
2026-05-21 11:26:38,834 [INFO] DIMTrainer -   Epoch [11/50] Step [410/625] Loss: 0.141115
2026-05-21 11:26:39,893 [INFO] DIMTrainer -   Epoch [11/50] Step [420/625] Loss: 0.140608
2026-05-21 11:26:40,976 [INFO] DIMTrainer -   Epoch [11/50] Step [430/625] Loss: 0.140327
2026-05-21 11:26:42,224 [INFO] DIMTrainer -   Epoch [11/50] Step [440/625] Loss: 0.140881
2026-05-21 11:26:43,417 [INFO] DIMTrainer -   Epoch [11/50] Step [450/625] Loss: 0.140146
2026-05-21 11:26:44,519 [INFO] DIMTrainer -   Epoch [11/50] Step [460/625] Loss: 0.139801
2026-05-21 11:26:45,572 [INFO] DIMTrainer -   Epoch [11/50] Step [470/625] Loss: 0.139081
2026-05-21 11:26:46,788 [INFO] DIMTrainer -   Epoch [11/50] Step [480/625] Loss: 0.139225
2026-05-21 11:26:47,932 [INFO] DIMTrainer -   Epoch [11/50] Step [490/625] Loss: 0.139171
2026-05-21 11:26:49,131 [INFO] DIMTrainer -   Epoch [11/50] Step [500/625] Loss: 0.140014
2026-05-21 11:26:50,240 [INFO] DIMTrainer -   Epoch [11/50] Step [510/625] Loss: 0.140245
2026-05-21 11:26:51,301 [INFO] DIMTrainer -   Epoch [11/50] Step [520/625] Loss: 0.140188
2026-05-21 11:26:52,444 [INFO] DIMTrainer -   Epoch [11/50] Step [530/625] Loss: 0.141300
2026-05-21 11:26:53,613 [INFO] DIMTrainer -   Epoch [11/50] Step [540/625] Loss: 0.141169
2026-05-21 11:26:54,667 [INFO] DIMTrainer -   Epoch [11/50] Step [550/625] Loss: 0.141399
2026-05-21 11:26:55,744 [INFO] DIMTrainer -   Epoch [11/50] Step [560/625] Loss: 0.141221
2026-05-21 11:26:56,855 [INFO] DIMTrainer -   Epoch [11/50] Step [570/625] Loss: 0.140686
2026-05-21 11:26:57,991 [INFO] DIMTrainer -   Epoch [11/50] Step [580/625] Loss: 0.140738
2026-05-21 11:26:59,117 [INFO] DIMTrainer -   Epoch [11/50] Step [590/625] Loss: 0.140924
2026-05-21 11:27:00,340 [INFO] DIMTrainer -   Epoch [11/50] Step [600/625] Loss: 0.140584
2026-05-21 11:27:01,426 [INFO] DIMTrainer -   Epoch [11/50] Step [610/625] Loss: 0.140304
2026-05-21 11:27:02,606 [INFO] DIMTrainer -   Epoch [11/50] Step [620/625] Loss: 0.140103
2026-05-21 11:27:14,077 [INFO] DIMTrainer - Epoch  11/50 | Loss=0.139791 | HR@5=0.7440 | MAP@5=0.5289 | NDCG@5=0.5827 | Time=90.4s
2026-05-21 11:27:15,626 [INFO] DIMTrainer -   Epoch [12/50] Step [10/625] Loss: 0.140178
2026-05-21 11:27:17,007 [INFO] DIMTrainer -   Epoch [12/50] Step [20/625] Loss: 0.146919
2026-05-21 11:27:18,333 [INFO] DIMTrainer -   Epoch [12/50] Step [30/625] Loss: 0.140534
2026-05-21 11:27:19,509 [INFO] DIMTrainer -   Epoch [12/50] Step [40/625] Loss: 0.137587
2026-05-21 11:27:20,672 [INFO] DIMTrainer -   Epoch [12/50] Step [50/625] Loss: 0.132775
2026-05-21 11:27:22,020 [INFO] DIMTrainer -   Epoch [12/50] Step [60/625] Loss: 0.135213
2026-05-21 11:27:23,350 [INFO] DIMTrainer -   Epoch [12/50] Step [70/625] Loss: 0.131849
2026-05-21 11:27:24,570 [INFO] DIMTrainer -   Epoch [12/50] Step [80/625] Loss: 0.128414
2026-05-21 11:27:25,824 [INFO] DIMTrainer -   Epoch [12/50] Step [90/625] Loss: 0.124634
2026-05-21 11:27:27,022 [INFO] DIMTrainer -   Epoch [12/50] Step [100/625] Loss: 0.129754
2026-05-21 11:27:28,260 [INFO] DIMTrainer -   Epoch [12/50] Step [110/625] Loss: 0.128472
2026-05-21 11:27:29,498 [INFO] DIMTrainer -   Epoch [12/50] Step [120/625] Loss: 0.128804
2026-05-21 11:27:30,784 [INFO] DIMTrainer -   Epoch [12/50] Step [130/625] Loss: 0.127334
2026-05-21 11:27:32,022 [INFO] DIMTrainer -   Epoch [12/50] Step [140/625] Loss: 0.127740
2026-05-21 11:27:33,294 [INFO] DIMTrainer -   Epoch [12/50] Step [150/625] Loss: 0.127471
2026-05-21 11:27:34,564 [INFO] DIMTrainer -   Epoch [12/50] Step [160/625] Loss: 0.127515
2026-05-21 11:27:36,216 [INFO] DIMTrainer -   Epoch [12/50] Step [170/625] Loss: 0.127878
2026-05-21 11:27:37,996 [INFO] DIMTrainer -   Epoch [12/50] Step [180/625] Loss: 0.127185
2026-05-21 11:27:39,628 [INFO] DIMTrainer -   Epoch [12/50] Step [190/625] Loss: 0.127653
2026-05-21 11:27:41,332 [INFO] DIMTrainer -   Epoch [12/50] Step [200/625] Loss: 0.128272
2026-05-21 11:27:42,809 [INFO] DIMTrainer -   Epoch [12/50] Step [210/625] Loss: 0.128193
2026-05-21 11:27:44,208 [INFO] DIMTrainer -   Epoch [12/50] Step [220/625] Loss: 0.128051
2026-05-21 11:27:45,636 [INFO] DIMTrainer -   Epoch [12/50] Step [230/625] Loss: 0.127482
2026-05-21 11:27:47,292 [INFO] DIMTrainer -   Epoch [12/50] Step [240/625] Loss: 0.126580
2026-05-21 11:27:48,802 [INFO] DIMTrainer -   Epoch [12/50] Step [250/625] Loss: 0.128330
2026-05-21 11:27:50,419 [INFO] DIMTrainer -   Epoch [12/50] Step [260/625] Loss: 0.128378
2026-05-21 11:27:51,945 [INFO] DIMTrainer -   Epoch [12/50] Step [270/625] Loss: 0.128426
2026-05-21 11:27:53,362 [INFO] DIMTrainer -   Epoch [12/50] Step [280/625] Loss: 0.129132
2026-05-21 11:27:54,691 [INFO] DIMTrainer -   Epoch [12/50] Step [290/625] Loss: 0.129090
2026-05-21 11:27:56,166 [INFO] DIMTrainer -   Epoch [12/50] Step [300/625] Loss: 0.128808
2026-05-21 11:27:57,634 [INFO] DIMTrainer -   Epoch [12/50] Step [310/625] Loss: 0.128790
2026-05-21 11:27:59,105 [INFO] DIMTrainer -   Epoch [12/50] Step [320/625] Loss: 0.128084
2026-05-21 11:28:00,521 [INFO] DIMTrainer -   Epoch [12/50] Step [330/625] Loss: 0.127829
2026-05-21 11:28:02,019 [INFO] DIMTrainer -   Epoch [12/50] Step [340/625] Loss: 0.127469
2026-05-21 11:28:03,550 [INFO] DIMTrainer -   Epoch [12/50] Step [350/625] Loss: 0.127440
2026-05-21 11:28:05,008 [INFO] DIMTrainer -   Epoch [12/50] Step [360/625] Loss: 0.127933
2026-05-21 11:28:06,419 [INFO] DIMTrainer -   Epoch [12/50] Step [370/625] Loss: 0.127886
2026-05-21 11:28:07,824 [INFO] DIMTrainer -   Epoch [12/50] Step [380/625] Loss: 0.128264
2026-05-21 11:28:09,112 [INFO] DIMTrainer -   Epoch [12/50] Step [390/625] Loss: 0.127493
2026-05-21 11:28:10,429 [INFO] DIMTrainer -   Epoch [12/50] Step [400/625] Loss: 0.126255
2026-05-21 11:28:11,775 [INFO] DIMTrainer -   Epoch [12/50] Step [410/625] Loss: 0.125908
2026-05-21 11:28:13,065 [INFO] DIMTrainer -   Epoch [12/50] Step [420/625] Loss: 0.125755
2026-05-21 11:28:14,354 [INFO] DIMTrainer -   Epoch [12/50] Step [430/625] Loss: 0.125585
2026-05-21 11:28:15,561 [INFO] DIMTrainer -   Epoch [12/50] Step [440/625] Loss: 0.126195
2026-05-21 11:28:16,802 [INFO] DIMTrainer -   Epoch [12/50] Step [450/625] Loss: 0.125411
2026-05-21 11:28:18,014 [INFO] DIMTrainer -   Epoch [12/50] Step [460/625] Loss: 0.125921
2026-05-21 11:28:19,257 [INFO] DIMTrainer -   Epoch [12/50] Step [470/625] Loss: 0.125239
2026-05-21 11:28:20,491 [INFO] DIMTrainer -   Epoch [12/50] Step [480/625] Loss: 0.124855
2026-05-21 11:28:21,704 [INFO] DIMTrainer -   Epoch [12/50] Step [490/625] Loss: 0.124707
2026-05-21 11:28:22,950 [INFO] DIMTrainer -   Epoch [12/50] Step [500/625] Loss: 0.124945
2026-05-21 11:28:24,230 [INFO] DIMTrainer -   Epoch [12/50] Step [510/625] Loss: 0.124576
2026-05-21 11:28:25,559 [INFO] DIMTrainer -   Epoch [12/50] Step [520/625] Loss: 0.124183
2026-05-21 11:28:26,850 [INFO] DIMTrainer -   Epoch [12/50] Step [530/625] Loss: 0.124066
2026-05-21 11:28:28,158 [INFO] DIMTrainer -   Epoch [12/50] Step [540/625] Loss: 0.123998
2026-05-21 11:28:29,488 [INFO] DIMTrainer -   Epoch [12/50] Step [550/625] Loss: 0.123702
2026-05-21 11:28:30,752 [INFO] DIMTrainer -   Epoch [12/50] Step [560/625] Loss: 0.123835
2026-05-21 11:28:32,041 [INFO] DIMTrainer -   Epoch [12/50] Step [570/625] Loss: 0.123842
2026-05-21 11:28:33,298 [INFO] DIMTrainer -   Epoch [12/50] Step [580/625] Loss: 0.123445
2026-05-21 11:28:34,586 [INFO] DIMTrainer -   Epoch [12/50] Step [590/625] Loss: 0.124382
2026-05-21 11:28:35,876 [INFO] DIMTrainer -   Epoch [12/50] Step [600/625] Loss: 0.124002
2026-05-21 11:28:37,148 [INFO] DIMTrainer -   Epoch [12/50] Step [610/625] Loss: 0.124135
2026-05-21 11:28:38,445 [INFO] DIMTrainer -   Epoch [12/50] Step [620/625] Loss: 0.123926
2026-05-21 11:28:52,147 [INFO] DIMTrainer - Epoch  12/50 | Loss=0.123592 | HR@5=0.7220 | MAP@5=0.5429 | NDCG@5=0.5875 | Time=98.0s
2026-05-21 11:28:53,489 [INFO] DIMTrainer -   Epoch [13/50] Step [10/625] Loss: 0.124432
2026-05-21 11:28:54,755 [INFO] DIMTrainer -   Epoch [13/50] Step [20/625] Loss: 0.103285
2026-05-21 11:28:56,542 [INFO] DIMTrainer -   Epoch [13/50] Step [30/625] Loss: 0.103766
2026-05-21 11:28:58,314 [INFO] DIMTrainer -   Epoch [13/50] Step [40/625] Loss: 0.111563
2026-05-21 11:28:59,751 [INFO] DIMTrainer -   Epoch [13/50] Step [50/625] Loss: 0.116164
2026-05-21 11:29:01,300 [INFO] DIMTrainer -   Epoch [13/50] Step [60/625] Loss: 0.118303
2026-05-21 11:29:02,805 [INFO] DIMTrainer -   Epoch [13/50] Step [70/625] Loss: 0.112844
2026-05-21 11:29:04,190 [INFO] DIMTrainer -   Epoch [13/50] Step [80/625] Loss: 0.109725
2026-05-21 11:29:05,823 [INFO] DIMTrainer -   Epoch [13/50] Step [90/625] Loss: 0.108652
2026-05-21 11:29:07,677 [INFO] DIMTrainer -   Epoch [13/50] Step [100/625] Loss: 0.108149
2026-05-21 11:29:09,008 [INFO] DIMTrainer -   Epoch [13/50] Step [110/625] Loss: 0.106873
2026-05-21 11:29:10,427 [INFO] DIMTrainer -   Epoch [13/50] Step [120/625] Loss: 0.106157
2026-05-21 11:29:11,749 [INFO] DIMTrainer -   Epoch [13/50] Step [130/625] Loss: 0.110001
2026-05-21 11:29:13,927 [INFO] DIMTrainer -   Epoch [13/50] Step [140/625] Loss: 0.110420
2026-05-21 11:29:15,816 [INFO] DIMTrainer -   Epoch [13/50] Step [150/625] Loss: 0.112734
2026-05-21 11:29:17,426 [INFO] DIMTrainer -   Epoch [13/50] Step [160/625] Loss: 0.112912
2026-05-21 11:29:18,935 [INFO] DIMTrainer -   Epoch [13/50] Step [170/625] Loss: 0.112091
2026-05-21 11:29:20,389 [INFO] DIMTrainer -   Epoch [13/50] Step [180/625] Loss: 0.110570
2026-05-21 11:29:22,277 [INFO] DIMTrainer -   Epoch [13/50] Step [190/625] Loss: 0.111312
2026-05-21 11:29:24,110 [INFO] DIMTrainer -   Epoch [13/50] Step [200/625] Loss: 0.111258
2026-05-21 11:29:26,309 [INFO] DIMTrainer -   Epoch [13/50] Step [210/625] Loss: 0.112661
2026-05-21 11:29:28,103 [INFO] DIMTrainer -   Epoch [13/50] Step [220/625] Loss: 0.112682
2026-05-21 11:29:29,797 [INFO] DIMTrainer -   Epoch [13/50] Step [230/625] Loss: 0.112274
2026-05-21 11:29:31,923 [INFO] DIMTrainer -   Epoch [13/50] Step [240/625] Loss: 0.112159
2026-05-21 11:29:33,622 [INFO] DIMTrainer -   Epoch [13/50] Step [250/625] Loss: 0.112640
2026-05-21 11:29:35,117 [INFO] DIMTrainer -   Epoch [13/50] Step [260/625] Loss: 0.113376
2026-05-21 11:29:36,932 [INFO] DIMTrainer -   Epoch [13/50] Step [270/625] Loss: 0.114366
2026-05-21 11:29:38,749 [INFO] DIMTrainer -   Epoch [13/50] Step [280/625] Loss: 0.114268
2026-05-21 11:29:40,400 [INFO] DIMTrainer -   Epoch [13/50] Step [290/625] Loss: 0.114783
2026-05-21 11:29:42,015 [INFO] DIMTrainer -   Epoch [13/50] Step [300/625] Loss: 0.114443
2026-05-21 11:29:43,564 [INFO] DIMTrainer -   Epoch [13/50] Step [310/625] Loss: 0.114017
2026-05-21 11:29:44,964 [INFO] DIMTrainer -   Epoch [13/50] Step [320/625] Loss: 0.114559
2026-05-21 11:29:46,398 [INFO] DIMTrainer -   Epoch [13/50] Step [330/625] Loss: 0.114392
2026-05-21 11:29:47,855 [INFO] DIMTrainer -   Epoch [13/50] Step [340/625] Loss: 0.114565
2026-05-21 11:29:49,271 [INFO] DIMTrainer -   Epoch [13/50] Step [350/625] Loss: 0.114769
2026-05-21 11:29:50,576 [INFO] DIMTrainer -   Epoch [13/50] Step [360/625] Loss: 0.115507
2026-05-21 11:29:51,867 [INFO] DIMTrainer -   Epoch [13/50] Step [370/625] Loss: 0.115647
2026-05-21 11:29:53,117 [INFO] DIMTrainer -   Epoch [13/50] Step [380/625] Loss: 0.115064
2026-05-21 11:29:54,390 [INFO] DIMTrainer -   Epoch [13/50] Step [390/625] Loss: 0.114524
2026-05-21 11:29:55,641 [INFO] DIMTrainer -   Epoch [13/50] Step [400/625] Loss: 0.114499
2026-05-21 11:29:56,971 [INFO] DIMTrainer -   Epoch [13/50] Step [410/625] Loss: 0.114766
2026-05-21 11:29:58,276 [INFO] DIMTrainer -   Epoch [13/50] Step [420/625] Loss: 0.114592
2026-05-21 11:29:59,563 [INFO] DIMTrainer -   Epoch [13/50] Step [430/625] Loss: 0.114537
2026-05-21 11:30:00,876 [INFO] DIMTrainer -   Epoch [13/50] Step [440/625] Loss: 0.114266
2026-05-21 11:30:02,197 [INFO] DIMTrainer -   Epoch [13/50] Step [450/625] Loss: 0.114359
2026-05-21 11:30:03,510 [INFO] DIMTrainer -   Epoch [13/50] Step [460/625] Loss: 0.114525
2026-05-21 11:30:04,816 [INFO] DIMTrainer -   Epoch [13/50] Step [470/625] Loss: 0.114709
2026-05-21 11:30:06,137 [INFO] DIMTrainer -   Epoch [13/50] Step [480/625] Loss: 0.114993
2026-05-21 11:30:07,491 [INFO] DIMTrainer -   Epoch [13/50] Step [490/625] Loss: 0.114707
2026-05-21 11:30:09,198 [INFO] DIMTrainer -   Epoch [13/50] Step [500/625] Loss: 0.114340
2026-05-21 11:30:10,642 [INFO] DIMTrainer -   Epoch [13/50] Step [510/625] Loss: 0.113955
2026-05-21 11:30:12,094 [INFO] DIMTrainer -   Epoch [13/50] Step [520/625] Loss: 0.113604
2026-05-21 11:30:13,432 [INFO] DIMTrainer -   Epoch [13/50] Step [530/625] Loss: 0.113686
2026-05-21 11:30:14,769 [INFO] DIMTrainer -   Epoch [13/50] Step [540/625] Loss: 0.113629
2026-05-21 11:30:16,245 [INFO] DIMTrainer -   Epoch [13/50] Step [550/625] Loss: 0.113426
2026-05-21 11:30:17,674 [INFO] DIMTrainer -   Epoch [13/50] Step [560/625] Loss: 0.113309
2026-05-21 11:30:19,046 [INFO] DIMTrainer -   Epoch [13/50] Step [570/625] Loss: 0.113286
2026-05-21 11:30:20,419 [INFO] DIMTrainer -   Epoch [13/50] Step [580/625] Loss: 0.113194
2026-05-21 11:30:21,815 [INFO] DIMTrainer -   Epoch [13/50] Step [590/625] Loss: 0.112969
2026-05-21 11:30:23,166 [INFO] DIMTrainer -   Epoch [13/50] Step [600/625] Loss: 0.112851
2026-05-21 11:30:24,587 [INFO] DIMTrainer -   Epoch [13/50] Step [610/625] Loss: 0.113093
2026-05-21 11:30:25,984 [INFO] DIMTrainer -   Epoch [13/50] Step [620/625] Loss: 0.113017
2026-05-21 11:30:44,002 [INFO] DIMTrainer - Epoch  13/50 | Loss=0.113032 | HR@5=0.7625 | MAP@5=0.5895 | NDCG@5=0.6329 | Time=111.8s
2026-05-21 11:30:45,464 [INFO] DIMTrainer -   Epoch [14/50] Step [10/625] Loss: 0.091755
2026-05-21 11:30:46,874 [INFO] DIMTrainer -   Epoch [14/50] Step [20/625] Loss: 0.086244
2026-05-21 11:30:48,250 [INFO] DIMTrainer -   Epoch [14/50] Step [30/625] Loss: 0.088469
2026-05-21 11:30:49,566 [INFO] DIMTrainer -   Epoch [14/50] Step [40/625] Loss: 0.099408
2026-05-21 11:30:50,990 [INFO] DIMTrainer -   Epoch [14/50] Step [50/625] Loss: 0.096743
2026-05-21 11:30:52,391 [INFO] DIMTrainer -   Epoch [14/50] Step [60/625] Loss: 0.103547
2026-05-21 11:30:53,721 [INFO] DIMTrainer -   Epoch [14/50] Step [70/625] Loss: 0.098544
2026-05-21 11:30:55,109 [INFO] DIMTrainer -   Epoch [14/50] Step [80/625] Loss: 0.102477
2026-05-21 11:30:56,493 [INFO] DIMTrainer -   Epoch [14/50] Step [90/625] Loss: 0.100088
2026-05-21 11:30:58,038 [INFO] DIMTrainer -   Epoch [14/50] Step [100/625] Loss: 0.098471
2026-05-21 11:30:59,569 [INFO] DIMTrainer -   Epoch [14/50] Step [110/625] Loss: 0.099955
2026-05-21 11:31:00,864 [INFO] DIMTrainer -   Epoch [14/50] Step [120/625] Loss: 0.098914
2026-05-21 11:31:02,142 [INFO] DIMTrainer -   Epoch [14/50] Step [130/625] Loss: 0.096951
2026-05-21 11:31:03,458 [INFO] DIMTrainer -   Epoch [14/50] Step [140/625] Loss: 0.095328
2026-05-21 11:31:04,722 [INFO] DIMTrainer -   Epoch [14/50] Step [150/625] Loss: 0.094596
2026-05-21 11:31:06,043 [INFO] DIMTrainer -   Epoch [14/50] Step [160/625] Loss: 0.093514
2026-05-21 11:31:07,396 [INFO] DIMTrainer -   Epoch [14/50] Step [170/625] Loss: 0.096611
2026-05-21 11:31:08,875 [INFO] DIMTrainer -   Epoch [14/50] Step [180/625] Loss: 0.098108
2026-05-21 11:31:10,339 [INFO] DIMTrainer -   Epoch [14/50] Step [190/625] Loss: 0.098070
2026-05-21 11:31:11,753 [INFO] DIMTrainer -   Epoch [14/50] Step [200/625] Loss: 0.098621
2026-05-21 11:31:13,240 [INFO] DIMTrainer -   Epoch [14/50] Step [210/625] Loss: 0.098509
2026-05-21 11:31:14,663 [INFO] DIMTrainer -   Epoch [14/50] Step [220/625] Loss: 0.098080
2026-05-21 11:31:16,071 [INFO] DIMTrainer -   Epoch [14/50] Step [230/625] Loss: 0.098016
2026-05-21 11:31:17,457 [INFO] DIMTrainer -   Epoch [14/50] Step [240/625] Loss: 0.097742
2026-05-21 11:31:18,849 [INFO] DIMTrainer -   Epoch [14/50] Step [250/625] Loss: 0.097993
2026-05-21 11:31:20,228 [INFO] DIMTrainer -   Epoch [14/50] Step [260/625] Loss: 0.098212
2026-05-21 11:31:21,654 [INFO] DIMTrainer -   Epoch [14/50] Step [270/625] Loss: 0.098765
2026-05-21 11:31:23,064 [INFO] DIMTrainer -   Epoch [14/50] Step [280/625] Loss: 0.098869
2026-05-21 11:31:24,501 [INFO] DIMTrainer -   Epoch [14/50] Step [290/625] Loss: 0.098285
2026-05-21 11:31:26,109 [INFO] DIMTrainer -   Epoch [14/50] Step [300/625] Loss: 0.098179
2026-05-21 11:31:27,566 [INFO] DIMTrainer -   Epoch [14/50] Step [310/625] Loss: 0.098780
2026-05-21 11:31:28,968 [INFO] DIMTrainer -   Epoch [14/50] Step [320/625] Loss: 0.098553
2026-05-21 11:31:30,464 [INFO] DIMTrainer -   Epoch [14/50] Step [330/625] Loss: 0.098070
2026-05-21 11:31:31,879 [INFO] DIMTrainer -   Epoch [14/50] Step [340/625] Loss: 0.097232
2026-05-21 11:31:33,363 [INFO] DIMTrainer -   Epoch [14/50] Step [350/625] Loss: 0.098303
2026-05-21 11:31:34,781 [INFO] DIMTrainer -   Epoch [14/50] Step [360/625] Loss: 0.098459
2026-05-21 11:31:36,180 [INFO] DIMTrainer -   Epoch [14/50] Step [370/625] Loss: 0.098303
2026-05-21 11:31:37,692 [INFO] DIMTrainer -   Epoch [14/50] Step [380/625] Loss: 0.097719
2026-05-21 11:31:39,054 [INFO] DIMTrainer -   Epoch [14/50] Step [390/625] Loss: 0.097786
2026-05-21 11:31:40,387 [INFO] DIMTrainer -   Epoch [14/50] Step [400/625] Loss: 0.097504
2026-05-21 11:31:41,749 [INFO] DIMTrainer -   Epoch [14/50] Step [410/625] Loss: 0.097147
2026-05-21 11:31:43,109 [INFO] DIMTrainer -   Epoch [14/50] Step [420/625] Loss: 0.098650
2026-05-21 11:31:44,493 [INFO] DIMTrainer -   Epoch [14/50] Step [430/625] Loss: 0.098634
2026-05-21 11:31:45,847 [INFO] DIMTrainer -   Epoch [14/50] Step [440/625] Loss: 0.098913
2026-05-21 11:31:47,214 [INFO] DIMTrainer -   Epoch [14/50] Step [450/625] Loss: 0.099207
2026-05-21 11:31:48,556 [INFO] DIMTrainer -   Epoch [14/50] Step [460/625] Loss: 0.099116
2026-05-21 11:31:49,884 [INFO] DIMTrainer -   Epoch [14/50] Step [470/625] Loss: 0.099068
2026-05-21 11:31:51,273 [INFO] DIMTrainer -   Epoch [14/50] Step [480/625] Loss: 0.099302
2026-05-21 11:31:52,666 [INFO] DIMTrainer -   Epoch [14/50] Step [490/625] Loss: 0.099802
2026-05-21 11:31:54,105 [INFO] DIMTrainer -   Epoch [14/50] Step [500/625] Loss: 0.100142
2026-05-21 11:31:55,536 [INFO] DIMTrainer -   Epoch [14/50] Step [510/625] Loss: 0.099731
2026-05-21 11:31:56,928 [INFO] DIMTrainer -   Epoch [14/50] Step [520/625] Loss: 0.099869
2026-05-21 11:31:58,353 [INFO] DIMTrainer -   Epoch [14/50] Step [530/625] Loss: 0.099970
2026-05-21 11:31:59,791 [INFO] DIMTrainer -   Epoch [14/50] Step [540/625] Loss: 0.100220
2026-05-21 11:32:01,179 [INFO] DIMTrainer -   Epoch [14/50] Step [550/625] Loss: 0.100166
2026-05-21 11:32:02,596 [INFO] DIMTrainer -   Epoch [14/50] Step [560/625] Loss: 0.100048
2026-05-21 11:32:03,999 [INFO] DIMTrainer -   Epoch [14/50] Step [570/625] Loss: 0.100279
2026-05-21 11:32:05,414 [INFO] DIMTrainer -   Epoch [14/50] Step [580/625] Loss: 0.100147
2026-05-21 11:32:06,840 [INFO] DIMTrainer -   Epoch [14/50] Step [590/625] Loss: 0.100460
2026-05-21 11:32:08,215 [INFO] DIMTrainer -   Epoch [14/50] Step [600/625] Loss: 0.100766
2026-05-21 11:32:09,660 [INFO] DIMTrainer -   Epoch [14/50] Step [610/625] Loss: 0.100714
2026-05-21 11:32:11,050 [INFO] DIMTrainer -   Epoch [14/50] Step [620/625] Loss: 0.100786
2026-05-21 11:32:26,492 [INFO] DIMTrainer - Epoch  14/50 | Loss=0.101179 | HR@5=0.7220 | MAP@5=0.5409 | NDCG@5=0.5864 | Time=102.4s
2026-05-21 11:32:26,521 [INFO] DIMTrainer -   [EarlyStopping] No improvement for 1/7 epochs (best NDCG@5=0.6329)
2026-05-21 11:32:27,979 [INFO] DIMTrainer -   Epoch [15/50] Step [10/625] Loss: 0.183327
2026-05-21 11:32:29,272 [INFO] DIMTrainer -   Epoch [15/50] Step [20/625] Loss: 0.155857
2026-05-21 11:32:30,565 [INFO] DIMTrainer -   Epoch [15/50] Step [30/625] Loss: 0.134912
2026-05-21 11:32:31,870 [INFO] DIMTrainer -   Epoch [15/50] Step [40/625] Loss: 0.125196
2026-05-21 11:32:33,115 [INFO] DIMTrainer -   Epoch [15/50] Step [50/625] Loss: 0.117722
2026-05-21 11:32:34,406 [INFO] DIMTrainer -   Epoch [15/50] Step [60/625] Loss: 0.111943
2026-05-21 11:32:35,680 [INFO] DIMTrainer -   Epoch [15/50] Step [70/625] Loss: 0.112877
2026-05-21 11:32:36,996 [INFO] DIMTrainer -   Epoch [15/50] Step [80/625] Loss: 0.111913
2026-05-21 11:32:38,246 [INFO] DIMTrainer -   Epoch [15/50] Step [90/625] Loss: 0.112177
2026-05-21 11:32:39,662 [INFO] DIMTrainer -   Epoch [15/50] Step [100/625] Loss: 0.110970
2026-05-21 11:32:40,925 [INFO] DIMTrainer -   Epoch [15/50] Step [110/625] Loss: 0.109214
2026-05-21 11:32:42,173 [INFO] DIMTrainer -   Epoch [15/50] Step [120/625] Loss: 0.106301
2026-05-21 11:32:43,439 [INFO] DIMTrainer -   Epoch [15/50] Step [130/625] Loss: 0.104661
2026-05-21 11:32:44,699 [INFO] DIMTrainer -   Epoch [15/50] Step [140/625] Loss: 0.104576
2026-05-21 11:32:45,985 [INFO] DIMTrainer -   Epoch [15/50] Step [150/625] Loss: 0.102673
2026-05-21 11:32:47,282 [INFO] DIMTrainer -   Epoch [15/50] Step [160/625] Loss: 0.100696
2026-05-21 11:32:48,569 [INFO] DIMTrainer -   Epoch [15/50] Step [170/625] Loss: 0.100494
2026-05-21 11:32:49,885 [INFO] DIMTrainer -   Epoch [15/50] Step [180/625] Loss: 0.101312
2026-05-21 11:32:51,146 [INFO] DIMTrainer -   Epoch [15/50] Step [190/625] Loss: 0.100650
2026-05-21 11:32:52,447 [INFO] DIMTrainer -   Epoch [15/50] Step [200/625] Loss: 0.099922
2026-05-21 11:32:53,728 [INFO] DIMTrainer -   Epoch [15/50] Step [210/625] Loss: 0.100107
2026-05-21 11:32:55,016 [INFO] DIMTrainer -   Epoch [15/50] Step [220/625] Loss: 0.100123
2026-05-21 11:32:56,314 [INFO] DIMTrainer -   Epoch [15/50] Step [230/625] Loss: 0.102093
2026-05-21 11:32:57,582 [INFO] DIMTrainer -   Epoch [15/50] Step [240/625] Loss: 0.102956
2026-05-21 11:32:58,876 [INFO] DIMTrainer -   Epoch [15/50] Step [250/625] Loss: 0.102690
2026-05-21 11:33:00,144 [INFO] DIMTrainer -   Epoch [15/50] Step [260/625] Loss: 0.102798
2026-05-21 11:33:01,438 [INFO] DIMTrainer -   Epoch [15/50] Step [270/625] Loss: 0.102472
2026-05-21 11:33:02,681 [INFO] DIMTrainer -   Epoch [15/50] Step [280/625] Loss: 0.101761
2026-05-21 11:33:03,931 [INFO] DIMTrainer -   Epoch [15/50] Step [290/625] Loss: 0.101850
2026-05-21 11:33:05,173 [INFO] DIMTrainer -   Epoch [15/50] Step [300/625] Loss: 0.101404
2026-05-21 11:33:06,390 [INFO] DIMTrainer -   Epoch [15/50] Step [310/625] Loss: 0.100646
2026-05-21 11:33:07,628 [INFO] DIMTrainer -   Epoch [15/50] Step [320/625] Loss: 0.099732
2026-05-21 11:33:08,854 [INFO] DIMTrainer -   Epoch [15/50] Step [330/625] Loss: 0.099759
2026-05-21 11:33:10,099 [INFO] DIMTrainer -   Epoch [15/50] Step [340/625] Loss: 0.099979
2026-05-21 11:33:11,328 [INFO] DIMTrainer -   Epoch [15/50] Step [350/625] Loss: 0.099931
2026-05-21 11:33:13,009 [INFO] DIMTrainer -   Epoch [15/50] Step [360/625] Loss: 0.099858
2026-05-21 11:33:14,373 [INFO] DIMTrainer -   Epoch [15/50] Step [370/625] Loss: 0.099891
2026-05-21 11:33:15,679 [INFO] DIMTrainer -   Epoch [15/50] Step [380/625] Loss: 0.100049
2026-05-21 11:33:17,020 [INFO] DIMTrainer -   Epoch [15/50] Step [390/625] Loss: 0.099702
2026-05-21 11:33:18,357 [INFO] DIMTrainer -   Epoch [15/50] Step [400/625] Loss: 0.099854
2026-05-21 11:33:19,652 [INFO] DIMTrainer -   Epoch [15/50] Step [410/625] Loss: 0.099971
2026-05-21 11:33:20,967 [INFO] DIMTrainer -   Epoch [15/50] Step [420/625] Loss: 0.099312
2026-05-21 11:33:22,237 [INFO] DIMTrainer -   Epoch [15/50] Step [430/625] Loss: 0.099512
2026-05-21 11:33:23,559 [INFO] DIMTrainer -   Epoch [15/50] Step [440/625] Loss: 0.099302
2026-05-21 11:33:24,913 [INFO] DIMTrainer -   Epoch [15/50] Step [450/625] Loss: 0.099492
2026-05-21 11:33:26,243 [INFO] DIMTrainer -   Epoch [15/50] Step [460/625] Loss: 0.099073
2026-05-21 11:33:27,560 [INFO] DIMTrainer -   Epoch [15/50] Step [470/625] Loss: 0.099389
2026-05-21 11:33:28,849 [INFO] DIMTrainer -   Epoch [15/50] Step [480/625] Loss: 0.099314
2026-05-21 11:33:30,214 [INFO] DIMTrainer -   Epoch [15/50] Step [490/625] Loss: 0.098833
2026-05-21 11:33:31,452 [INFO] DIMTrainer -   Epoch [15/50] Step [500/625] Loss: 0.098963
2026-05-21 11:33:32,716 [INFO] DIMTrainer -   Epoch [15/50] Step [510/625] Loss: 0.099477
2026-05-21 11:33:33,971 [INFO] DIMTrainer -   Epoch [15/50] Step [520/625] Loss: 0.100024
2026-05-21 11:33:35,210 [INFO] DIMTrainer -   Epoch [15/50] Step [530/625] Loss: 0.100129
2026-05-21 11:33:36,464 [INFO] DIMTrainer -   Epoch [15/50] Step [540/625] Loss: 0.100446
2026-05-21 11:33:37,691 [INFO] DIMTrainer -   Epoch [15/50] Step [550/625] Loss: 0.100203
2026-05-21 11:33:38,951 [INFO] DIMTrainer -   Epoch [15/50] Step [560/625] Loss: 0.099917
2026-05-21 11:33:40,183 [INFO] DIMTrainer -   Epoch [15/50] Step [570/625] Loss: 0.099316
2026-05-21 11:33:41,443 [INFO] DIMTrainer -   Epoch [15/50] Step [580/625] Loss: 0.098919
2026-05-21 11:33:42,698 [INFO] DIMTrainer -   Epoch [15/50] Step [590/625] Loss: 0.099118
2026-05-21 11:33:44,034 [INFO] DIMTrainer -   Epoch [15/50] Step [600/625] Loss: 0.098795
2026-05-21 11:33:45,357 [INFO] DIMTrainer -   Epoch [15/50] Step [610/625] Loss: 0.098856
2026-05-21 11:33:46,638 [INFO] DIMTrainer -   Epoch [15/50] Step [620/625] Loss: 0.098636
2026-05-21 11:34:01,066 [INFO] DIMTrainer - Epoch  15/50 | Loss=0.098831 | HR@5=0.7680 | MAP@5=0.6126 | NDCG@5=0.6517 | Time=94.5s
2026-05-21 11:34:02,535 [INFO] DIMTrainer -   Epoch [16/50] Step [10/625] Loss: 0.094792
2026-05-21 11:34:03,853 [INFO] DIMTrainer -   Epoch [16/50] Step [20/625] Loss: 0.095339
2026-05-21 11:34:05,167 [INFO] DIMTrainer -   Epoch [16/50] Step [30/625] Loss: 0.099028
2026-05-21 11:34:06,478 [INFO] DIMTrainer -   Epoch [16/50] Step [40/625] Loss: 0.098814
2026-05-21 11:34:07,801 [INFO] DIMTrainer -   Epoch [16/50] Step [50/625] Loss: 0.104354
2026-05-21 11:34:09,082 [INFO] DIMTrainer -   Epoch [16/50] Step [60/625] Loss: 0.101295
2026-05-21 11:34:10,395 [INFO] DIMTrainer -   Epoch [16/50] Step [70/625] Loss: 0.105098
2026-05-21 11:34:11,746 [INFO] DIMTrainer -   Epoch [16/50] Step [80/625] Loss: 0.100607
2026-05-21 11:34:13,147 [INFO] DIMTrainer -   Epoch [16/50] Step [90/625] Loss: 0.098738
2026-05-21 11:34:14,465 [INFO] DIMTrainer -   Epoch [16/50] Step [100/625] Loss: 0.097569
2026-05-21 11:34:15,753 [INFO] DIMTrainer -   Epoch [16/50] Step [110/625] Loss: 0.096784
2026-05-21 11:34:17,074 [INFO] DIMTrainer -   Epoch [16/50] Step [120/625] Loss: 0.096931
2026-05-21 11:34:18,362 [INFO] DIMTrainer -   Epoch [16/50] Step [130/625] Loss: 0.096464
2026-05-21 11:34:19,687 [INFO] DIMTrainer -   Epoch [16/50] Step [140/625] Loss: 0.096915
2026-05-21 11:34:21,008 [INFO] DIMTrainer -   Epoch [16/50] Step [150/625] Loss: 0.096204
2026-05-21 11:34:22,294 [INFO] DIMTrainer -   Epoch [16/50] Step [160/625] Loss: 0.095398
2026-05-21 11:34:23,637 [INFO] DIMTrainer -   Epoch [16/50] Step [170/625] Loss: 0.094105
2026-05-21 11:34:24,972 [INFO] DIMTrainer -   Epoch [16/50] Step [180/625] Loss: 0.093065
2026-05-21 11:34:26,311 [INFO] DIMTrainer -   Epoch [16/50] Step [190/625] Loss: 0.092188
2026-05-21 11:34:27,610 [INFO] DIMTrainer -   Epoch [16/50] Step [200/625] Loss: 0.092725
2026-05-21 11:34:28,849 [INFO] DIMTrainer -   Epoch [16/50] Step [210/625] Loss: 0.092747
2026-05-21 11:34:30,151 [INFO] DIMTrainer -   Epoch [16/50] Step [220/625] Loss: 0.092055
2026-05-21 11:34:31,399 [INFO] DIMTrainer -   Epoch [16/50] Step [230/625] Loss: 0.092584
2026-05-21 11:34:32,808 [INFO] DIMTrainer -   Epoch [16/50] Step [240/625] Loss: 0.092131
2026-05-21 11:34:34,114 [INFO] DIMTrainer -   Epoch [16/50] Step [250/625] Loss: 0.091865
2026-05-21 11:34:35,395 [INFO] DIMTrainer -   Epoch [16/50] Step [260/625] Loss: 0.091441
2026-05-21 11:34:36,710 [INFO] DIMTrainer -   Epoch [16/50] Step [270/625] Loss: 0.090740
2026-05-21 11:34:37,995 [INFO] DIMTrainer -   Epoch [16/50] Step [280/625] Loss: 0.091103
2026-05-21 11:34:39,350 [INFO] DIMTrainer -   Epoch [16/50] Step [290/625] Loss: 0.092512
2026-05-21 11:34:40,738 [INFO] DIMTrainer -   Epoch [16/50] Step [300/625] Loss: 0.093537
2026-05-21 11:34:42,032 [INFO] DIMTrainer -   Epoch [16/50] Step [310/625] Loss: 0.093354
2026-05-21 11:34:43,337 [INFO] DIMTrainer -   Epoch [16/50] Step [320/625] Loss: 0.093060
2026-05-21 11:34:44,615 [INFO] DIMTrainer -   Epoch [16/50] Step [330/625] Loss: 0.093380
2026-05-21 11:34:45,948 [INFO] DIMTrainer -   Epoch [16/50] Step [340/625] Loss: 0.092504
2026-05-21 11:34:47,242 [INFO] DIMTrainer -   Epoch [16/50] Step [350/625] Loss: 0.091952
2026-05-21 11:34:48,511 [INFO] DIMTrainer -   Epoch [16/50] Step [360/625] Loss: 0.092297
2026-05-21 11:34:49,760 [INFO] DIMTrainer -   Epoch [16/50] Step [370/625] Loss: 0.091823
2026-05-21 11:34:50,994 [INFO] DIMTrainer -   Epoch [16/50] Step [380/625] Loss: 0.091705
2026-05-21 11:34:52,253 [INFO] DIMTrainer -   Epoch [16/50] Step [390/625] Loss: 0.091607
2026-05-21 11:34:53,484 [INFO] DIMTrainer -   Epoch [16/50] Step [400/625] Loss: 0.092702
2026-05-21 11:34:54,748 [INFO] DIMTrainer -   Epoch [16/50] Step [410/625] Loss: 0.093149
2026-05-21 11:34:55,977 [INFO] DIMTrainer -   Epoch [16/50] Step [420/625] Loss: 0.093069
2026-05-21 11:34:57,242 [INFO] DIMTrainer -   Epoch [16/50] Step [430/625] Loss: 0.092755
2026-05-21 11:34:58,470 [INFO] DIMTrainer -   Epoch [16/50] Step [440/625] Loss: 0.093257
2026-05-21 11:34:59,749 [INFO] DIMTrainer -   Epoch [16/50] Step [450/625] Loss: 0.093052
2026-05-21 11:35:01,081 [INFO] DIMTrainer -   Epoch [16/50] Step [460/625] Loss: 0.093061
2026-05-21 11:35:02,366 [INFO] DIMTrainer -   Epoch [16/50] Step [470/625] Loss: 0.092928
2026-05-21 11:35:03,675 [INFO] DIMTrainer -   Epoch [16/50] Step [480/625] Loss: 0.093400
2026-05-21 11:35:04,965 [INFO] DIMTrainer -   Epoch [16/50] Step [490/625] Loss: 0.093766
2026-05-21 11:35:06,290 [INFO] DIMTrainer -   Epoch [16/50] Step [500/625] Loss: 0.093727
2026-05-21 11:35:07,610 [INFO] DIMTrainer -   Epoch [16/50] Step [510/625] Loss: 0.093900
2026-05-21 11:35:08,900 [INFO] DIMTrainer -   Epoch [16/50] Step [520/625] Loss: 0.093469
2026-05-21 11:35:10,219 [INFO] DIMTrainer -   Epoch [16/50] Step [530/625] Loss: 0.093528
2026-05-21 11:35:11,500 [INFO] DIMTrainer -   Epoch [16/50] Step [540/625] Loss: 0.093331
2026-05-21 11:35:12,834 [INFO] DIMTrainer -   Epoch [16/50] Step [550/625] Loss: 0.093495
2026-05-21 11:35:14,154 [INFO] DIMTrainer -   Epoch [16/50] Step [560/625] Loss: 0.093687
2026-05-21 11:35:15,454 [INFO] DIMTrainer -   Epoch [16/50] Step [570/625] Loss: 0.094001
2026-05-21 11:35:16,775 [INFO] DIMTrainer -   Epoch [16/50] Step [580/625] Loss: 0.094182
2026-05-21 11:35:18,057 [INFO] DIMTrainer -   Epoch [16/50] Step [590/625] Loss: 0.094150
2026-05-21 11:35:19,381 [INFO] DIMTrainer -   Epoch [16/50] Step [600/625] Loss: 0.093682
2026-05-21 11:35:20,622 [INFO] DIMTrainer -   Epoch [16/50] Step [610/625] Loss: 0.093952
2026-05-21 11:35:21,979 [INFO] DIMTrainer -   Epoch [16/50] Step [620/625] Loss: 0.093583
2026-05-21 11:35:36,187 [INFO] DIMTrainer - Epoch  16/50 | Loss=0.093443 | HR@5=0.7320 | MAP@5=0.5676 | NDCG@5=0.6090 | Time=95.1s
2026-05-21 11:35:36,215 [INFO] DIMTrainer -   [EarlyStopping] No improvement for 1/7 epochs (best NDCG@5=0.6517)
2026-05-21 11:35:37,600 [INFO] DIMTrainer -   Epoch [17/50] Step [10/625] Loss: 0.080737
2026-05-21 11:35:38,942 [INFO] DIMTrainer -   Epoch [17/50] Step [20/625] Loss: 0.098708
2026-05-21 11:35:40,237 [INFO] DIMTrainer -   Epoch [17/50] Step [30/625] Loss: 0.102128
2026-05-21 11:35:41,569 [INFO] DIMTrainer -   Epoch [17/50] Step [40/625] Loss: 0.101553
2026-05-21 11:35:42,874 [INFO] DIMTrainer -   Epoch [17/50] Step [50/625] Loss: 0.097452
2026-05-21 11:35:44,178 [INFO] DIMTrainer -   Epoch [17/50] Step [60/625] Loss: 0.100213
2026-05-21 11:35:45,433 [INFO] DIMTrainer -   Epoch [17/50] Step [70/625] Loss: 0.100109
2026-05-21 11:35:46,668 [INFO] DIMTrainer -   Epoch [17/50] Step [80/625] Loss: 0.099087
2026-05-21 11:35:47,943 [INFO] DIMTrainer -   Epoch [17/50] Step [90/625] Loss: 0.096028
2026-05-21 11:35:49,210 [INFO] DIMTrainer -   Epoch [17/50] Step [100/625] Loss: 0.091423
2026-05-21 11:35:50,556 [INFO] DIMTrainer -   Epoch [17/50] Step [110/625] Loss: 0.091759
2026-05-21 11:35:51,802 [INFO] DIMTrainer -   Epoch [17/50] Step [120/625] Loss: 0.091999
2026-05-21 11:35:53,113 [INFO] DIMTrainer -   Epoch [17/50] Step [130/625] Loss: 0.091148
2026-05-21 11:35:54,450 [INFO] DIMTrainer -   Epoch [17/50] Step [140/625] Loss: 0.092287
2026-05-21 11:35:55,741 [INFO] DIMTrainer -   Epoch [17/50] Step [150/625] Loss: 0.092138
2026-05-21 11:35:57,057 [INFO] DIMTrainer -   Epoch [17/50] Step [160/625] Loss: 0.091919
2026-05-21 11:35:58,354 [INFO] DIMTrainer -   Epoch [17/50] Step [170/625] Loss: 0.090623
2026-05-21 11:35:59,682 [INFO] DIMTrainer -   Epoch [17/50] Step [180/625] Loss: 0.089709
2026-05-21 11:36:01,009 [INFO] DIMTrainer -   Epoch [17/50] Step [190/625] Loss: 0.089051
2026-05-21 11:36:02,301 [INFO] DIMTrainer -   Epoch [17/50] Step [200/625] Loss: 0.087916
2026-05-21 11:36:03,636 [INFO] DIMTrainer -   Epoch [17/50] Step [210/625] Loss: 0.088375
2026-05-21 11:36:04,928 [INFO] DIMTrainer -   Epoch [17/50] Step [220/625] Loss: 0.088127
2026-05-21 11:36:06,250 [INFO] DIMTrainer -   Epoch [17/50] Step [230/625] Loss: 0.088173
2026-05-21 11:36:07,561 [INFO] DIMTrainer -   Epoch [17/50] Step [240/625] Loss: 0.087614
2026-05-21 11:36:08,812 [INFO] DIMTrainer -   Epoch [17/50] Step [250/625] Loss: 0.088323
2026-05-21 11:36:10,073 [INFO] DIMTrainer -   Epoch [17/50] Step [260/625] Loss: 0.088943
2026-05-21 11:36:11,305 [INFO] DIMTrainer -   Epoch [17/50] Step [270/625] Loss: 0.088600
2026-05-21 11:36:12,567 [INFO] DIMTrainer -   Epoch [17/50] Step [280/625] Loss: 0.088040
2026-05-21 11:36:13,792 [INFO] DIMTrainer -   Epoch [17/50] Step [290/625] Loss: 0.087203
2026-05-21 11:36:15,055 [INFO] DIMTrainer -   Epoch [17/50] Step [300/625] Loss: 0.086986
2026-05-21 11:36:16,296 [INFO] DIMTrainer -   Epoch [17/50] Step [310/625] Loss: 0.086980
2026-05-21 11:36:17,562 [INFO] DIMTrainer -   Epoch [17/50] Step [320/625] Loss: 0.087929
2026-05-21 11:36:18,822 [INFO] DIMTrainer -   Epoch [17/50] Step [330/625] Loss: 0.087756
2026-05-21 11:36:20,076 [INFO] DIMTrainer -   Epoch [17/50] Step [340/625] Loss: 0.087729
2026-05-21 11:36:21,402 [INFO] DIMTrainer -   Epoch [17/50] Step [350/625] Loss: 0.088578
2026-05-21 11:36:22,691 [INFO] DIMTrainer -   Epoch [17/50] Step [360/625] Loss: 0.088330
2026-05-21 11:36:24,032 [INFO] DIMTrainer -   Epoch [17/50] Step [370/625] Loss: 0.089198
2026-05-21 11:36:25,401 [INFO] DIMTrainer -   Epoch [17/50] Step [380/625] Loss: 0.089322
2026-05-21 11:36:26,709 [INFO] DIMTrainer -   Epoch [17/50] Step [390/625] Loss: 0.089769
2026-05-21 11:36:28,040 [INFO] DIMTrainer -   Epoch [17/50] Step [400/625] Loss: 0.090048
2026-05-21 11:36:29,352 [INFO] DIMTrainer -   Epoch [17/50] Step [410/625] Loss: 0.090481
2026-05-21 11:36:30,693 [INFO] DIMTrainer -   Epoch [17/50] Step [420/625] Loss: 0.090134
2026-05-21 11:36:32,015 [INFO] DIMTrainer -   Epoch [17/50] Step [430/625] Loss: 0.090311
2026-05-21 11:36:33,313 [INFO] DIMTrainer -   Epoch [17/50] Step [440/625] Loss: 0.089949
2026-05-21 11:36:34,655 [INFO] DIMTrainer -   Epoch [17/50] Step [450/625] Loss: 0.089612
2026-05-21 11:36:35,939 [INFO] DIMTrainer -   Epoch [17/50] Step [460/625] Loss: 0.089849
2026-05-21 11:36:37,212 [INFO] DIMTrainer -   Epoch [17/50] Step [470/625] Loss: 0.089377
2026-05-21 11:36:38,447 [INFO] DIMTrainer -   Epoch [17/50] Step [480/625] Loss: 0.089180
2026-05-21 11:36:39,714 [INFO] DIMTrainer -   Epoch [17/50] Step [490/625] Loss: 0.088750
2026-05-21 11:36:40,983 [INFO] DIMTrainer -   Epoch [17/50] Step [500/625] Loss: 0.088877
2026-05-21 11:36:42,210 [INFO] DIMTrainer -   Epoch [17/50] Step [510/625] Loss: 0.089141
2026-05-21 11:36:43,473 [INFO] DIMTrainer -   Epoch [17/50] Step [520/625] Loss: 0.088980
2026-05-21 11:36:44,721 [INFO] DIMTrainer -   Epoch [17/50] Step [530/625] Loss: 0.088691
2026-05-21 11:36:45,991 [INFO] DIMTrainer -   Epoch [17/50] Step [540/625] Loss: 0.088433
2026-05-21 11:36:47,226 [INFO] DIMTrainer -   Epoch [17/50] Step [550/625] Loss: 0.088264
2026-05-21 11:36:48,527 [INFO] DIMTrainer -   Epoch [17/50] Step [560/625] Loss: 0.088076
2026-05-21 11:36:49,827 [INFO] DIMTrainer -   Epoch [17/50] Step [570/625] Loss: 0.087945
2026-05-21 11:36:51,118 [INFO] DIMTrainer -   Epoch [17/50] Step [580/625] Loss: 0.087691
2026-05-21 11:36:52,430 [INFO] DIMTrainer -   Epoch [17/50] Step [590/625] Loss: 0.087454
2026-05-21 11:36:53,740 [INFO] DIMTrainer -   Epoch [17/50] Step [600/625] Loss: 0.087649
2026-05-21 11:36:55,080 [INFO] DIMTrainer -   Epoch [17/50] Step [610/625] Loss: 0.087369
2026-05-21 11:36:56,566 [INFO] DIMTrainer -   Epoch [17/50] Step [620/625] Loss: 0.087272
2026-05-21 11:37:11,410 [INFO] DIMTrainer - Epoch  17/50 | Loss=0.087147 | HR@5=0.7630 | MAP@5=0.5886 | NDCG@5=0.6322 | Time=95.2s
2026-05-21 11:37:11,438 [INFO] DIMTrainer -   [EarlyStopping] No improvement for 2/7 epochs (best NDCG@5=0.6517)
2026-05-21 11:37:12,793 [INFO] DIMTrainer -   Epoch [18/50] Step [10/625] Loss: 0.078307
2026-05-21 11:37:14,117 [INFO] DIMTrainer -   Epoch [18/50] Step [20/625] Loss: 0.071685
2026-05-21 11:37:15,451 [INFO] DIMTrainer -   Epoch [18/50] Step [30/625] Loss: 0.068031
2026-05-21 11:37:16,804 [INFO] DIMTrainer -   Epoch [18/50] Step [40/625] Loss: 0.067708
2026-05-21 11:37:18,106 [INFO] DIMTrainer -   Epoch [18/50] Step [50/625] Loss: 0.071695
2026-05-21 11:37:19,435 [INFO] DIMTrainer -   Epoch [18/50] Step [60/625] Loss: 0.074633
2026-05-21 11:37:20,749 [INFO] DIMTrainer -   Epoch [18/50] Step [70/625] Loss: 0.077738
2026-05-21 11:37:22,074 [INFO] DIMTrainer -   Epoch [18/50] Step [80/625] Loss: 0.078375
2026-05-21 11:37:23,401 [INFO] DIMTrainer -   Epoch [18/50] Step [90/625] Loss: 0.080519
2026-05-21 11:37:24,741 [INFO] DIMTrainer -   Epoch [18/50] Step [100/625] Loss: 0.081418
2026-05-21 11:37:26,075 [INFO] DIMTrainer -   Epoch [18/50] Step [110/625] Loss: 0.080656
2026-05-21 11:37:27,370 [INFO] DIMTrainer -   Epoch [18/50] Step [120/625] Loss: 0.080568
2026-05-21 11:37:28,702 [INFO] DIMTrainer -   Epoch [18/50] Step [130/625] Loss: 0.080525
2026-05-21 11:37:30,076 [INFO] DIMTrainer -   Epoch [18/50] Step [140/625] Loss: 0.080789
2026-05-21 11:37:31,375 [INFO] DIMTrainer -   Epoch [18/50] Step [150/625] Loss: 0.079927
2026-05-21 11:37:32,706 [INFO] DIMTrainer -   Epoch [18/50] Step [160/625] Loss: 0.079405
2026-05-21 11:37:33,974 [INFO] DIMTrainer -   Epoch [18/50] Step [170/625] Loss: 0.079382
2026-05-21 11:37:35,268 [INFO] DIMTrainer -   Epoch [18/50] Step [180/625] Loss: 0.080257
2026-05-21 11:37:36,503 [INFO] DIMTrainer -   Epoch [18/50] Step [190/625] Loss: 0.079678
2026-05-21 11:37:37,792 [INFO] DIMTrainer -   Epoch [18/50] Step [200/625] Loss: 0.080424
2026-05-21 11:37:39,130 [INFO] DIMTrainer -   Epoch [18/50] Step [210/625] Loss: 0.080089
2026-05-21 11:37:40,416 [INFO] DIMTrainer -   Epoch [18/50] Step [220/625] Loss: 0.080015
2026-05-21 11:37:41,738 [INFO] DIMTrainer -   Epoch [18/50] Step [230/625] Loss: 0.079783
2026-05-21 11:37:43,031 [INFO] DIMTrainer -   Epoch [18/50] Step [240/625] Loss: 0.080312
2026-05-21 11:37:44,353 [INFO] DIMTrainer -   Epoch [18/50] Step [250/625] Loss: 0.081192
2026-05-21 11:37:45,681 [INFO] DIMTrainer -   Epoch [18/50] Step [260/625] Loss: 0.081209
2026-05-21 11:37:46,966 [INFO] DIMTrainer -   Epoch [18/50] Step [270/625] Loss: 0.080656
2026-05-21 11:37:48,274 [INFO] DIMTrainer -   Epoch [18/50] Step [280/625] Loss: 0.081310
2026-05-21 11:37:49,571 [INFO] DIMTrainer -   Epoch [18/50] Step [290/625] Loss: 0.081621
2026-05-21 11:37:50,890 [INFO] DIMTrainer -   Epoch [18/50] Step [300/625] Loss: 0.081715
2026-05-21 11:37:52,204 [INFO] DIMTrainer -   Epoch [18/50] Step [310/625] Loss: 0.083068
2026-05-21 11:37:53,497 [INFO] DIMTrainer -   Epoch [18/50] Step [320/625] Loss: 0.082841
2026-05-21 11:37:54,763 [INFO] DIMTrainer -   Epoch [18/50] Step [330/625] Loss: 0.083347
2026-05-21 11:37:55,992 [INFO] DIMTrainer -   Epoch [18/50] Step [340/625] Loss: 0.082861
2026-05-21 11:37:57,267 [INFO] DIMTrainer -   Epoch [18/50] Step [350/625] Loss: 0.082631
2026-05-21 11:37:58,508 [INFO] DIMTrainer -   Epoch [18/50] Step [360/625] Loss: 0.083451
2026-05-21 11:37:59,772 [INFO] DIMTrainer -   Epoch [18/50] Step [370/625] Loss: 0.083311
2026-05-21 11:38:01,050 [INFO] DIMTrainer -   Epoch [18/50] Step [380/625] Loss: 0.083404
2026-05-21 11:38:02,293 [INFO] DIMTrainer -   Epoch [18/50] Step [390/625] Loss: 0.082762
2026-05-21 11:38:03,555 [INFO] DIMTrainer -   Epoch [18/50] Step [400/625] Loss: 0.082974
2026-05-21 11:38:04,791 [INFO] DIMTrainer -   Epoch [18/50] Step [410/625] Loss: 0.083221
2026-05-21 11:38:06,092 [INFO] DIMTrainer -   Epoch [18/50] Step [420/625] Loss: 0.083270
2026-05-21 11:38:07,382 [INFO] DIMTrainer -   Epoch [18/50] Step [430/625] Loss: 0.083222
2026-05-21 11:38:08,706 [INFO] DIMTrainer -   Epoch [18/50] Step [440/625] Loss: 0.082673
2026-05-21 11:38:10,005 [INFO] DIMTrainer -   Epoch [18/50] Step [450/625] Loss: 0.082303
2026-05-21 11:38:11,292 [INFO] DIMTrainer -   Epoch [18/50] Step [460/625] Loss: 0.082155
2026-05-21 11:38:12,596 [INFO] DIMTrainer -   Epoch [18/50] Step [470/625] Loss: 0.082281
2026-05-21 11:38:13,872 [INFO] DIMTrainer -   Epoch [18/50] Step [480/625] Loss: 0.081990
2026-05-21 11:38:15,179 [INFO] DIMTrainer -   Epoch [18/50] Step [490/625] Loss: 0.082101
2026-05-21 11:38:16,460 [INFO] DIMTrainer -   Epoch [18/50] Step [500/625] Loss: 0.082118
2026-05-21 11:38:17,765 [INFO] DIMTrainer -   Epoch [18/50] Step [510/625] Loss: 0.081989
2026-05-21 11:38:19,105 [INFO] DIMTrainer -   Epoch [18/50] Step [520/625] Loss: 0.081816
2026-05-21 11:38:20,382 [INFO] DIMTrainer -   Epoch [18/50] Step [530/625] Loss: 0.081616
2026-05-21 11:38:21,690 [INFO] DIMTrainer -   Epoch [18/50] Step [540/625] Loss: 0.081570
2026-05-21 11:38:22,965 [INFO] DIMTrainer -   Epoch [18/50] Step [550/625] Loss: 0.081628
2026-05-21 11:38:24,356 [INFO] DIMTrainer -   Epoch [18/50] Step [560/625] Loss: 0.081234
2026-05-21 11:38:25,684 [INFO] DIMTrainer -   Epoch [18/50] Step [570/625] Loss: 0.081125
2026-05-21 11:38:26,908 [INFO] DIMTrainer -   Epoch [18/50] Step [580/625] Loss: 0.080890
2026-05-21 11:38:28,174 [INFO] DIMTrainer -   Epoch [18/50] Step [590/625] Loss: 0.080687
2026-05-21 11:38:29,411 [INFO] DIMTrainer -   Epoch [18/50] Step [600/625] Loss: 0.081082
2026-05-21 11:38:30,691 [INFO] DIMTrainer -   Epoch [18/50] Step [610/625] Loss: 0.081543
2026-05-21 11:38:31,920 [INFO] DIMTrainer -   Epoch [18/50] Step [620/625] Loss: 0.081714
2026-05-21 11:38:45,963 [INFO] DIMTrainer - Epoch  18/50 | Loss=0.081848 | HR@5=0.7465 | MAP@5=0.6063 | NDCG@5=0.6415 | Time=94.5s
2026-05-21 11:38:45,992 [INFO] DIMTrainer -   [EarlyStopping] No improvement for 3/7 epochs (best NDCG@5=0.6517)
2026-05-21 11:38:47,268 [INFO] DIMTrainer -   Epoch [19/50] Step [10/625] Loss: 0.067889
2026-05-21 11:38:48,538 [INFO] DIMTrainer -   Epoch [19/50] Step [20/625] Loss: 0.080793
2026-05-21 11:38:49,773 [INFO] DIMTrainer -   Epoch [19/50] Step [30/625] Loss: 0.079151
2026-05-21 11:38:51,049 [INFO] DIMTrainer -   Epoch [19/50] Step [40/625] Loss: 0.078609
2026-05-21 11:38:52,272 [INFO] DIMTrainer -   Epoch [19/50] Step [50/625] Loss: 0.082143
2026-05-21 11:38:53,527 [INFO] DIMTrainer -   Epoch [19/50] Step [60/625] Loss: 0.080631
2026-05-21 11:38:54,802 [INFO] DIMTrainer -   Epoch [19/50] Step [70/625] Loss: 0.081242
2026-05-21 11:38:56,074 [INFO] DIMTrainer -   Epoch [19/50] Step [80/625] Loss: 0.080653
2026-05-21 11:38:57,388 [INFO] DIMTrainer -   Epoch [19/50] Step [90/625] Loss: 0.081132
2026-05-21 11:38:58,665 [INFO] DIMTrainer -   Epoch [19/50] Step [100/625] Loss: 0.082652
2026-05-21 11:38:59,986 [INFO] DIMTrainer -   Epoch [19/50] Step [110/625] Loss: 0.082485
2026-05-21 11:39:01,260 [INFO] DIMTrainer -   Epoch [19/50] Step [120/625] Loss: 0.083569
2026-05-21 11:39:02,564 [INFO] DIMTrainer -   Epoch [19/50] Step [130/625] Loss: 0.083735
2026-05-21 11:39:03,873 [INFO] DIMTrainer -   Epoch [19/50] Step [140/625] Loss: 0.083353
2026-05-21 11:39:05,145 [INFO] DIMTrainer -   Epoch [19/50] Step [150/625] Loss: 0.081773
2026-05-21 11:39:06,457 [INFO] DIMTrainer -   Epoch [19/50] Step [160/625] Loss: 0.079868
2026-05-21 11:39:07,736 [INFO] DIMTrainer -   Epoch [19/50] Step [170/625] Loss: 0.078888
2026-05-21 11:39:09,074 [INFO] DIMTrainer -   Epoch [19/50] Step [180/625] Loss: 0.078818
2026-05-21 11:39:10,374 [INFO] DIMTrainer -   Epoch [19/50] Step [190/625] Loss: 0.078716
2026-05-21 11:39:11,697 [INFO] DIMTrainer -   Epoch [19/50] Step [200/625] Loss: 0.080306
2026-05-21 11:39:13,019 [INFO] DIMTrainer -   Epoch [19/50] Step [210/625] Loss: 0.079812
2026-05-21 11:39:14,248 [INFO] DIMTrainer -   Epoch [19/50] Step [220/625] Loss: 0.079712
2026-05-21 11:39:15,499 [INFO] DIMTrainer -   Epoch [19/50] Step [230/625] Loss: 0.079205
2026-05-21 11:39:16,721 [INFO] DIMTrainer -   Epoch [19/50] Step [240/625] Loss: 0.079195
2026-05-21 11:39:17,994 [INFO] DIMTrainer -   Epoch [19/50] Step [250/625] Loss: 0.078532
2026-05-21 11:39:19,270 [INFO] DIMTrainer -   Epoch [19/50] Step [260/625] Loss: 0.078195
2026-05-21 11:39:20,503 [INFO] DIMTrainer -   Epoch [19/50] Step [270/625] Loss: 0.077384
2026-05-21 11:39:21,770 [INFO] DIMTrainer -   Epoch [19/50] Step [280/625] Loss: 0.077070
2026-05-21 11:39:22,994 [INFO] DIMTrainer -   Epoch [19/50] Step [290/625] Loss: 0.076418
2026-05-21 11:39:24,304 [INFO] DIMTrainer -   Epoch [19/50] Step [300/625] Loss: 0.076526
2026-05-21 11:39:25,585 [INFO] DIMTrainer -   Epoch [19/50] Step [310/625] Loss: 0.076117
2026-05-21 11:39:26,900 [INFO] DIMTrainer -   Epoch [19/50] Step [320/625] Loss: 0.076325
2026-05-21 11:39:28,230 [INFO] DIMTrainer -   Epoch [19/50] Step [330/625] Loss: 0.078300
2026-05-21 11:39:29,563 [INFO] DIMTrainer -   Epoch [19/50] Step [340/625] Loss: 0.078441
2026-05-21 11:39:30,945 [INFO] DIMTrainer -   Epoch [19/50] Step [350/625] Loss: 0.078103
2026-05-21 11:39:32,275 [INFO] DIMTrainer -   Epoch [19/50] Step [360/625] Loss: 0.077582
2026-05-21 11:39:33,630 [INFO] DIMTrainer -   Epoch [19/50] Step [370/625] Loss: 0.077983
2026-05-21 11:39:34,946 [INFO] DIMTrainer -   Epoch [19/50] Step [380/625] Loss: 0.077855
2026-05-21 11:39:36,302 [INFO] DIMTrainer -   Epoch [19/50] Step [390/625] Loss: 0.078565
2026-05-21 11:39:37,640 [INFO] DIMTrainer -   Epoch [19/50] Step [400/625] Loss: 0.078280
2026-05-21 11:39:38,964 [INFO] DIMTrainer -   Epoch [19/50] Step [410/625] Loss: 0.078289
2026-05-21 11:39:40,315 [INFO] DIMTrainer -   Epoch [19/50] Step [420/625] Loss: 0.079144
2026-05-21 11:39:41,634 [INFO] DIMTrainer -   Epoch [19/50] Step [430/625] Loss: 0.078808
2026-05-21 11:39:42,934 [INFO] DIMTrainer -   Epoch [19/50] Step [440/625] Loss: 0.079221
2026-05-21 11:39:44,222 [INFO] DIMTrainer -   Epoch [19/50] Step [450/625] Loss: 0.079567
2026-05-21 11:39:45,480 [INFO] DIMTrainer -   Epoch [19/50] Step [460/625] Loss: 0.080155
2026-05-21 11:39:46,762 [INFO] DIMTrainer -   Epoch [19/50] Step [470/625] Loss: 0.080548
2026-05-21 11:39:48,019 [INFO] DIMTrainer -   Epoch [19/50] Step [480/625] Loss: 0.080498
2026-05-21 11:39:49,326 [INFO] DIMTrainer -   Epoch [19/50] Step [490/625] Loss: 0.080024
2026-05-21 11:39:50,586 [INFO] DIMTrainer -   Epoch [19/50] Step [500/625] Loss: 0.079540
2026-05-21 11:39:51,877 [INFO] DIMTrainer -   Epoch [19/50] Step [510/625] Loss: 0.080039
2026-05-21 11:39:53,173 [INFO] DIMTrainer -   Epoch [19/50] Step [520/625] Loss: 0.080352
2026-05-21 11:39:54,468 [INFO] DIMTrainer -   Epoch [19/50] Step [530/625] Loss: 0.080603
2026-05-21 11:39:55,810 [INFO] DIMTrainer -   Epoch [19/50] Step [540/625] Loss: 0.080596
2026-05-21 11:39:57,299 [INFO] DIMTrainer -   Epoch [19/50] Step [550/625] Loss: 0.080859
2026-05-21 11:39:58,675 [INFO] DIMTrainer -   Epoch [19/50] Step [560/625] Loss: 0.080526
2026-05-21 11:40:00,034 [INFO] DIMTrainer -   Epoch [19/50] Step [570/625] Loss: 0.080756
2026-05-21 11:40:01,482 [INFO] DIMTrainer -   Epoch [19/50] Step [580/625] Loss: 0.080544
2026-05-21 11:40:03,008 [INFO] DIMTrainer -   Epoch [19/50] Step [590/625] Loss: 0.080608
2026-05-21 11:40:04,372 [INFO] DIMTrainer -   Epoch [19/50] Step [600/625] Loss: 0.081112
2026-05-21 11:40:05,714 [INFO] DIMTrainer -   Epoch [19/50] Step [610/625] Loss: 0.081112
2026-05-21 11:40:07,062 [INFO] DIMTrainer -   Epoch [19/50] Step [620/625] Loss: 0.080728
2026-05-21 11:40:21,720 [INFO] DIMTrainer - Epoch  19/50 | Loss=0.080692 | HR@5=0.7415 | MAP@5=0.5668 | NDCG@5=0.6106 | Time=95.7s
2026-05-21 11:40:21,748 [INFO] DIMTrainer -   [EarlyStopping] No improvement for 4/7 epochs (best NDCG@5=0.6517)
2026-05-21 11:40:23,081 [INFO] DIMTrainer -   Epoch [20/50] Step [10/625] Loss: 0.078131
2026-05-21 11:40:24,441 [INFO] DIMTrainer -   Epoch [20/50] Step [20/625] Loss: 0.073599
2026-05-21 11:40:25,780 [INFO] DIMTrainer -   Epoch [20/50] Step [30/625] Loss: 0.066505
2026-05-21 11:40:27,105 [INFO] DIMTrainer -   Epoch [20/50] Step [40/625] Loss: 0.067968
2026-05-21 11:40:28,443 [INFO] DIMTrainer -   Epoch [20/50] Step [50/625] Loss: 0.069811
2026-05-21 11:40:29,806 [INFO] DIMTrainer -   Epoch [20/50] Step [60/625] Loss: 0.070303
2026-05-21 11:40:31,134 [INFO] DIMTrainer -   Epoch [20/50] Step [70/625] Loss: 0.078714
2026-05-21 11:40:32,500 [INFO] DIMTrainer -   Epoch [20/50] Step [80/625] Loss: 0.082284
2026-05-21 11:40:33,842 [INFO] DIMTrainer -   Epoch [20/50] Step [90/625] Loss: 0.081430
2026-05-21 11:40:35,151 [INFO] DIMTrainer -   Epoch [20/50] Step [100/625] Loss: 0.079601
2026-05-21 11:40:36,506 [INFO] DIMTrainer -   Epoch [20/50] Step [110/625] Loss: 0.077446
2026-05-21 11:40:37,831 [INFO] DIMTrainer -   Epoch [20/50] Step [120/625] Loss: 0.079127
2026-05-21 11:40:39,182 [INFO] DIMTrainer -   Epoch [20/50] Step [130/625] Loss: 0.078675
2026-05-21 11:40:40,495 [INFO] DIMTrainer -   Epoch [20/50] Step [140/625] Loss: 0.080882
2026-05-21 11:40:41,768 [INFO] DIMTrainer -   Epoch [20/50] Step [150/625] Loss: 0.081946
2026-05-21 11:40:43,051 [INFO] DIMTrainer -   Epoch [20/50] Step [160/625] Loss: 0.081272
2026-05-21 11:40:44,330 [INFO] DIMTrainer -   Epoch [20/50] Step [170/625] Loss: 0.080798
2026-05-21 11:40:45,703 [INFO] DIMTrainer -   Epoch [20/50] Step [180/625] Loss: 0.080100
2026-05-21 11:40:47,010 [INFO] DIMTrainer -   Epoch [20/50] Step [190/625] Loss: 0.081063
2026-05-21 11:40:48,357 [INFO] DIMTrainer -   Epoch [20/50] Step [200/625] Loss: 0.081916
2026-05-21 11:40:49,713 [INFO] DIMTrainer -   Epoch [20/50] Step [210/625] Loss: 0.081540
2026-05-21 11:40:51,037 [INFO] DIMTrainer -   Epoch [20/50] Step [220/625] Loss: 0.081547
2026-05-21 11:40:52,385 [INFO] DIMTrainer -   Epoch [20/50] Step [230/625] Loss: 0.081629
2026-05-21 11:40:53,750 [INFO] DIMTrainer -   Epoch [20/50] Step [240/625] Loss: 0.081329
2026-05-21 11:40:55,107 [INFO] DIMTrainer -   Epoch [20/50] Step [250/625] Loss: 0.080040
2026-05-21 11:40:56,452 [INFO] DIMTrainer -   Epoch [20/50] Step [260/625] Loss: 0.079507
2026-05-21 11:40:57,783 [INFO] DIMTrainer -   Epoch [20/50] Step [270/625] Loss: 0.079304
2026-05-21 11:40:59,334 [INFO] DIMTrainer -   Epoch [20/50] Step [280/625] Loss: 0.078924
2026-05-21 11:41:00,718 [INFO] DIMTrainer -   Epoch [20/50] Step [290/625] Loss: 0.079491
2026-05-21 11:41:01,984 [INFO] DIMTrainer -   Epoch [20/50] Step [300/625] Loss: 0.079386
2026-05-21 11:41:03,274 [INFO] DIMTrainer -   Epoch [20/50] Step [310/625] Loss: 0.079613
2026-05-21 11:41:04,535 [INFO] DIMTrainer -   Epoch [20/50] Step [320/625] Loss: 0.078896
2026-05-21 11:41:05,827 [INFO] DIMTrainer -   Epoch [20/50] Step [330/625] Loss: 0.078633
2026-05-21 11:41:07,099 [INFO] DIMTrainer -   Epoch [20/50] Step [340/625] Loss: 0.078368
2026-05-21 11:41:08,398 [INFO] DIMTrainer -   Epoch [20/50] Step [350/625] Loss: 0.078482
2026-05-21 11:41:09,702 [INFO] DIMTrainer -   Epoch [20/50] Step [360/625] Loss: 0.078336
2026-05-21 11:41:10,967 [INFO] DIMTrainer -   Epoch [20/50] Step [370/625] Loss: 0.078282
2026-05-21 11:41:12,252 [INFO] DIMTrainer -   Epoch [20/50] Step [380/625] Loss: 0.077933
2026-05-21 11:41:13,553 [INFO] DIMTrainer -   Epoch [20/50] Step [390/625] Loss: 0.078056
2026-05-21 11:41:14,905 [INFO] DIMTrainer -   Epoch [20/50] Step [400/625] Loss: 0.078195
2026-05-21 11:41:16,252 [INFO] DIMTrainer -   Epoch [20/50] Step [410/625] Loss: 0.077895
2026-05-21 11:41:17,567 [INFO] DIMTrainer -   Epoch [20/50] Step [420/625] Loss: 0.077440
2026-05-21 11:41:18,922 [INFO] DIMTrainer -   Epoch [20/50] Step [430/625] Loss: 0.077227
2026-05-21 11:41:20,259 [INFO] DIMTrainer -   Epoch [20/50] Step [440/625] Loss: 0.077216
2026-05-21 11:41:21,618 [INFO] DIMTrainer -   Epoch [20/50] Step [450/625] Loss: 0.076818
2026-05-21 11:41:22,970 [INFO] DIMTrainer -   Epoch [20/50] Step [460/625] Loss: 0.076848
2026-05-21 11:41:24,334 [INFO] DIMTrainer -   Epoch [20/50] Step [470/625] Loss: 0.076721
2026-05-21 11:41:25,718 [INFO] DIMTrainer -   Epoch [20/50] Step [480/625] Loss: 0.076951
2026-05-21 11:41:27,033 [INFO] DIMTrainer -   Epoch [20/50] Step [490/625] Loss: 0.076951
2026-05-21 11:41:28,390 [INFO] DIMTrainer -   Epoch [20/50] Step [500/625] Loss: 0.077370
2026-05-21 11:41:29,771 [INFO] DIMTrainer -   Epoch [20/50] Step [510/625] Loss: 0.077458
2026-05-21 11:41:31,096 [INFO] DIMTrainer -   Epoch [20/50] Step [520/625] Loss: 0.077404
2026-05-21 11:41:32,456 [INFO] DIMTrainer -   Epoch [20/50] Step [530/625] Loss: 0.077263
2026-05-21 11:41:33,775 [INFO] DIMTrainer -   Epoch [20/50] Step [540/625] Loss: 0.076714
2026-05-21 11:41:35,061 [INFO] DIMTrainer -   Epoch [20/50] Step [550/625] Loss: 0.076569
2026-05-21 11:41:36,359 [INFO] DIMTrainer -   Epoch [20/50] Step [560/625] Loss: 0.077217
2026-05-21 11:41:37,609 [INFO] DIMTrainer -   Epoch [20/50] Step [570/625] Loss: 0.077228
2026-05-21 11:41:38,905 [INFO] DIMTrainer -   Epoch [20/50] Step [580/625] Loss: 0.077203
2026-05-21 11:41:40,164 [INFO] DIMTrainer -   Epoch [20/50] Step [590/625] Loss: 0.077076
2026-05-21 11:41:41,461 [INFO] DIMTrainer -   Epoch [20/50] Step [600/625] Loss: 0.076964
2026-05-21 11:41:42,792 [INFO] DIMTrainer -   Epoch [20/50] Step [610/625] Loss: 0.077094
2026-05-21 11:41:44,132 [INFO] DIMTrainer -   Epoch [20/50] Step [620/625] Loss: 0.077504
2026-05-21 11:41:59,007 [INFO] DIMTrainer - Epoch  20/50 | Loss=0.077385 | HR@5=0.7985 | MAP@5=0.6240 | NDCG@5=0.6675 | Time=97.3s
2026-05-21 11:42:00,513 [INFO] DIMTrainer -   Epoch [21/50] Step [10/625] Loss: 0.063606
2026-05-21 11:42:01,923 [INFO] DIMTrainer -   Epoch [21/50] Step [20/625] Loss: 0.069134
2026-05-21 11:42:03,206 [INFO] DIMTrainer -   Epoch [21/50] Step [30/625] Loss: 0.074593
2026-05-21 11:42:04,468 [INFO] DIMTrainer -   Epoch [21/50] Step [40/625] Loss: 0.077083
2026-05-21 11:42:05,759 [INFO] DIMTrainer -   Epoch [21/50] Step [50/625] Loss: 0.072292
2026-05-21 11:42:07,020 [INFO] DIMTrainer -   Epoch [21/50] Step [60/625] Loss: 0.071756
2026-05-21 11:42:08,357 [INFO] DIMTrainer -   Epoch [21/50] Step [70/625] Loss: 0.076524
2026-05-21 11:42:09,682 [INFO] DIMTrainer -   Epoch [21/50] Step [80/625] Loss: 0.080642
2026-05-21 11:42:10,994 [INFO] DIMTrainer -   Epoch [21/50] Step [90/625] Loss: 0.081314
2026-05-21 11:42:12,332 [INFO] DIMTrainer -   Epoch [21/50] Step [100/625] Loss: 0.079316
2026-05-21 11:42:13,629 [INFO] DIMTrainer -   Epoch [21/50] Step [110/625] Loss: 0.078318
2026-05-21 11:42:14,962 [INFO] DIMTrainer -   Epoch [21/50] Step [120/625] Loss: 0.077744
2026-05-21 11:42:16,278 [INFO] DIMTrainer -   Epoch [21/50] Step [130/625] Loss: 0.077122
2026-05-21 11:42:17,609 [INFO] DIMTrainer -   Epoch [21/50] Step [140/625] Loss: 0.075424
2026-05-21 11:42:18,944 [INFO] DIMTrainer -   Epoch [21/50] Step [150/625] Loss: 0.075326
2026-05-21 11:42:20,244 [INFO] DIMTrainer -   Epoch [21/50] Step [160/625] Loss: 0.077057
2026-05-21 11:42:21,572 [INFO] DIMTrainer -   Epoch [21/50] Step [170/625] Loss: 0.077464
2026-05-21 11:42:22,885 [INFO] DIMTrainer -   Epoch [21/50] Step [180/625] Loss: 0.076185
2026-05-21 11:42:24,200 [INFO] DIMTrainer -   Epoch [21/50] Step [190/625] Loss: 0.076906
2026-05-21 11:42:25,520 [INFO] DIMTrainer -   Epoch [21/50] Step [200/625] Loss: 0.075957
2026-05-21 11:42:26,782 [INFO] DIMTrainer -   Epoch [21/50] Step [210/625] Loss: 0.074891
2026-05-21 11:42:28,067 [INFO] DIMTrainer -   Epoch [21/50] Step [220/625] Loss: 0.075213
2026-05-21 11:42:29,334 [INFO] DIMTrainer -   Epoch [21/50] Step [230/625] Loss: 0.074507
2026-05-21 11:42:30,648 [INFO] DIMTrainer -   Epoch [21/50] Step [240/625] Loss: 0.074968
2026-05-21 11:42:31,921 [INFO] DIMTrainer -   Epoch [21/50] Step [250/625] Loss: 0.074693
2026-05-21 11:42:33,175 [INFO] DIMTrainer -   Epoch [21/50] Step [260/625] Loss: 0.074310
2026-05-21 11:42:34,457 [INFO] DIMTrainer -   Epoch [21/50] Step [270/625] Loss: 0.073520
2026-05-21 11:42:35,737 [INFO] DIMTrainer -   Epoch [21/50] Step [280/625] Loss: 0.074024
2026-05-21 11:42:37,072 [INFO] DIMTrainer -   Epoch [21/50] Step [290/625] Loss: 0.074107
2026-05-21 11:42:38,388 [INFO] DIMTrainer -   Epoch [21/50] Step [300/625] Loss: 0.073792
2026-05-21 11:42:39,724 [INFO] DIMTrainer -   Epoch [21/50] Step [310/625] Loss: 0.073924
2026-05-21 11:42:41,078 [INFO] DIMTrainer -   Epoch [21/50] Step [320/625] Loss: 0.074222
2026-05-21 11:42:42,395 [INFO] DIMTrainer -   Epoch [21/50] Step [330/625] Loss: 0.074456
2026-05-21 11:42:43,732 [INFO] DIMTrainer -   Epoch [21/50] Step [340/625] Loss: 0.073922
2026-05-21 11:42:45,043 [INFO] DIMTrainer -   Epoch [21/50] Step [350/625] Loss: 0.073690
2026-05-21 11:42:46,376 [INFO] DIMTrainer -   Epoch [21/50] Step [360/625] Loss: 0.073704
2026-05-21 11:42:47,689 [INFO] DIMTrainer -   Epoch [21/50] Step [370/625] Loss: 0.073379
2026-05-21 11:42:49,019 [INFO] DIMTrainer -   Epoch [21/50] Step [380/625] Loss: 0.072982
2026-05-21 11:42:50,358 [INFO] DIMTrainer -   Epoch [21/50] Step [390/625] Loss: 0.072975
2026-05-21 11:42:51,656 [INFO] DIMTrainer -   Epoch [21/50] Step [400/625] Loss: 0.072718
2026-05-21 11:42:52,938 [INFO] DIMTrainer -   Epoch [21/50] Step [410/625] Loss: 0.072419
2026-05-21 11:42:54,194 [INFO] DIMTrainer -   Epoch [21/50] Step [420/625] Loss: 0.071972
2026-05-21 11:42:55,474 [INFO] DIMTrainer -   Epoch [21/50] Step [430/625] Loss: 0.071850
2026-05-21 11:42:56,756 [INFO] DIMTrainer -   Epoch [21/50] Step [440/625] Loss: 0.072038
2026-05-21 11:42:58,020 [INFO] DIMTrainer -   Epoch [21/50] Step [450/625] Loss: 0.071540
2026-05-21 11:42:59,314 [INFO] DIMTrainer -   Epoch [21/50] Step [460/625] Loss: 0.071680
2026-05-21 11:43:00,576 [INFO] DIMTrainer -   Epoch [21/50] Step [470/625] Loss: 0.071601
2026-05-21 11:43:01,876 [INFO] DIMTrainer -   Epoch [21/50] Step [480/625] Loss: 0.071732
2026-05-21 11:43:03,137 [INFO] DIMTrainer -   Epoch [21/50] Step [490/625] Loss: 0.071272
2026-05-21 11:43:04,481 [INFO] DIMTrainer -   Epoch [21/50] Step [500/625] Loss: 0.071148
2026-05-21 11:43:05,837 [INFO] DIMTrainer -   Epoch [21/50] Step [510/625] Loss: 0.070759
2026-05-21 11:43:07,154 [INFO] DIMTrainer -   Epoch [21/50] Step [520/625] Loss: 0.070492
2026-05-21 11:43:08,514 [INFO] DIMTrainer -   Epoch [21/50] Step [530/625] Loss: 0.070567
2026-05-21 11:43:09,836 [INFO] DIMTrainer -   Epoch [21/50] Step [540/625] Loss: 0.070776
2026-05-21 11:43:11,178 [INFO] DIMTrainer -   Epoch [21/50] Step [550/625] Loss: 0.071066
2026-05-21 11:43:12,518 [INFO] DIMTrainer -   Epoch [21/50] Step [560/625] Loss: 0.071125
2026-05-21 11:43:13,844 [INFO] DIMTrainer -   Epoch [21/50] Step [570/625] Loss: 0.070978
2026-05-21 11:43:15,193 [INFO] DIMTrainer -   Epoch [21/50] Step [580/625] Loss: 0.070754
2026-05-21 11:43:16,503 [INFO] DIMTrainer -   Epoch [21/50] Step [590/625] Loss: 0.071200
2026-05-21 11:43:17,847 [INFO] DIMTrainer -   Epoch [21/50] Step [600/625] Loss: 0.071482
2026-05-21 11:43:19,155 [INFO] DIMTrainer -   Epoch [21/50] Step [610/625] Loss: 0.071473
2026-05-21 11:43:20,474 [INFO] DIMTrainer -   Epoch [21/50] Step [620/625] Loss: 0.071563
2026-05-21 11:43:34,859 [INFO] DIMTrainer - Epoch  21/50 | Loss=0.071505 | HR@5=0.7835 | MAP@5=0.6249 | NDCG@5=0.6646 | Time=95.8s
2026-05-21 11:43:34,889 [INFO] DIMTrainer -   [EarlyStopping] No improvement for 1/7 epochs (best NDCG@5=0.6675)
2026-05-21 11:43:36,221 [INFO] DIMTrainer -   Epoch [22/50] Step [10/625] Loss: 0.096281
2026-05-21 11:43:37,553 [INFO] DIMTrainer -   Epoch [22/50] Step [20/625] Loss: 0.076732
2026-05-21 11:43:38,870 [INFO] DIMTrainer -   Epoch [22/50] Step [30/625] Loss: 0.069233
2026-05-21 11:43:40,223 [INFO] DIMTrainer -   Epoch [22/50] Step [40/625] Loss: 0.069752
2026-05-21 11:43:41,555 [INFO] DIMTrainer -   Epoch [22/50] Step [50/625] Loss: 0.068873
2026-05-21 11:43:42,905 [INFO] DIMTrainer -   Epoch [22/50] Step [60/625] Loss: 0.071903
2026-05-21 11:43:44,266 [INFO] DIMTrainer -   Epoch [22/50] Step [70/625] Loss: 0.068236
2026-05-21 11:43:45,588 [INFO] DIMTrainer -   Epoch [22/50] Step [80/625] Loss: 0.065246
2026-05-21 11:43:46,927 [INFO] DIMTrainer -   Epoch [22/50] Step [90/625] Loss: 0.065068
2026-05-21 11:43:48,241 [INFO] DIMTrainer -   Epoch [22/50] Step [100/625] Loss: 0.066722
2026-05-21 11:43:49,546 [INFO] DIMTrainer -   Epoch [22/50] Step [110/625] Loss: 0.067373
2026-05-21 11:43:50,793 [INFO] DIMTrainer -   Epoch [22/50] Step [120/625] Loss: 0.066464
2026-05-21 11:43:52,078 [INFO] DIMTrainer -   Epoch [22/50] Step [130/625] Loss: 0.066614
2026-05-21 11:43:53,384 [INFO] DIMTrainer -   Epoch [22/50] Step [140/625] Loss: 0.065395
2026-05-21 11:43:54,740 [INFO] DIMTrainer -   Epoch [22/50] Step [150/625] Loss: 0.064743
2026-05-21 11:43:56,099 [INFO] DIMTrainer -   Epoch [22/50] Step [160/625] Loss: 0.067623
2026-05-21 11:43:57,418 [INFO] DIMTrainer -   Epoch [22/50] Step [170/625] Loss: 0.069208
2026-05-21 11:43:58,770 [INFO] DIMTrainer -   Epoch [22/50] Step [180/625] Loss: 0.068988
2026-05-21 11:44:00,100 [INFO] DIMTrainer -   Epoch [22/50] Step [190/625] Loss: 0.069064
2026-05-21 11:44:01,407 [INFO] DIMTrainer -   Epoch [22/50] Step [200/625] Loss: 0.070060
2026-05-21 11:44:02,823 [INFO] DIMTrainer -   Epoch [22/50] Step [210/625] Loss: 0.070026
2026-05-21 11:44:04,143 [INFO] DIMTrainer -   Epoch [22/50] Step [220/625] Loss: 0.070235
2026-05-21 11:44:05,487 [INFO] DIMTrainer -   Epoch [22/50] Step [230/625] Loss: 0.069140
2026-05-21 11:44:06,818 [INFO] DIMTrainer -   Epoch [22/50] Step [240/625] Loss: 0.069633
2026-05-21 11:44:08,139 [INFO] DIMTrainer -   Epoch [22/50] Step [250/625] Loss: 0.069455
2026-05-21 11:44:09,500 [INFO] DIMTrainer -   Epoch [22/50] Step [260/625] Loss: 0.069156
2026-05-21 11:44:10,763 [INFO] DIMTrainer -   Epoch [22/50] Step [270/625] Loss: 0.070137
2026-05-21 11:44:12,149 [INFO] DIMTrainer -   Epoch [22/50] Step [280/625] Loss: 0.069590
2026-05-21 11:44:13,449 [INFO] DIMTrainer -   Epoch [22/50] Step [290/625] Loss: 0.069293
2026-05-21 11:44:14,719 [INFO] DIMTrainer -   Epoch [22/50] Step [300/625] Loss: 0.069426
2026-05-21 11:44:16,003 [INFO] DIMTrainer -   Epoch [22/50] Step [310/625] Loss: 0.069274
2026-05-21 11:44:17,263 [INFO] DIMTrainer -   Epoch [22/50] Step [320/625] Loss: 0.069064
2026-05-21 11:44:18,556 [INFO] DIMTrainer -   Epoch [22/50] Step [330/625] Loss: 0.068542
2026-05-21 11:44:19,809 [INFO] DIMTrainer -   Epoch [22/50] Step [340/625] Loss: 0.068927
2026-05-21 11:44:21,084 [INFO] DIMTrainer -   Epoch [22/50] Step [350/625] Loss: 0.069140
2026-05-21 11:44:22,416 [INFO] DIMTrainer -   Epoch [22/50] Step [360/625] Loss: 0.068774
2026-05-21 11:44:23,740 [INFO] DIMTrainer -   Epoch [22/50] Step [370/625] Loss: 0.068528
2026-05-21 11:44:25,146 [INFO] DIMTrainer -   Epoch [22/50] Step [380/625] Loss: 0.068659
2026-05-21 11:44:26,467 [INFO] DIMTrainer -   Epoch [22/50] Step [390/625] Loss: 0.068523
2026-05-21 11:44:27,824 [INFO] DIMTrainer -   Epoch [22/50] Step [400/625] Loss: 0.069046
2026-05-21 11:44:29,144 [INFO] DIMTrainer -   Epoch [22/50] Step [410/625] Loss: 0.069439
2026-05-21 11:44:30,543 [INFO] DIMTrainer -   Epoch [22/50] Step [420/625] Loss: 0.069803
2026-05-21 11:44:31,900 [INFO] DIMTrainer -   Epoch [22/50] Step [430/625] Loss: 0.070410
2026-05-21 11:44:33,204 [INFO] DIMTrainer -   Epoch [22/50] Step [440/625] Loss: 0.070459
2026-05-21 11:44:34,541 [INFO] DIMTrainer -   Epoch [22/50] Step [450/625] Loss: 0.070366
2026-05-21 11:44:35,848 [INFO] DIMTrainer -   Epoch [22/50] Step [460/625] Loss: 0.070453
2026-05-21 11:44:37,194 [INFO] DIMTrainer -   Epoch [22/50] Step [470/625] Loss: 0.070162
2026-05-21 11:44:38,524 [INFO] DIMTrainer -   Epoch [22/50] Step [480/625] Loss: 0.069902
2026-05-21 11:44:39,850 [INFO] DIMTrainer -   Epoch [22/50] Step [490/625] Loss: 0.069597
2026-05-21 11:44:41,193 [INFO] DIMTrainer -   Epoch [22/50] Step [500/625] Loss: 0.070055
2026-05-21 11:44:42,497 [INFO] DIMTrainer -   Epoch [22/50] Step [510/625] Loss: 0.069705
2026-05-21 11:44:43,794 [INFO] DIMTrainer -   Epoch [22/50] Step [520/625] Loss: 0.069304
2026-05-21 11:44:45,043 [INFO] DIMTrainer -   Epoch [22/50] Step [530/625] Loss: 0.069091
2026-05-21 11:44:46,325 [INFO] DIMTrainer -   Epoch [22/50] Step [540/625] Loss: 0.069685
2026-05-21 11:44:47,602 [INFO] DIMTrainer -   Epoch [22/50] Step [550/625] Loss: 0.068947
2026-05-21 11:44:48,869 [INFO] DIMTrainer -   Epoch [22/50] Step [560/625] Loss: 0.068836
2026-05-21 11:44:50,159 [INFO] DIMTrainer -   Epoch [22/50] Step [570/625] Loss: 0.068638
2026-05-21 11:44:51,461 [INFO] DIMTrainer -   Epoch [22/50] Step [580/625] Loss: 0.068469
2026-05-21 11:44:52,815 [INFO] DIMTrainer -   Epoch [22/50] Step [590/625] Loss: 0.068464
2026-05-21 11:44:54,151 [INFO] DIMTrainer -   Epoch [22/50] Step [600/625] Loss: 0.068508
2026-05-21 11:44:55,472 [INFO] DIMTrainer -   Epoch [22/50] Step [610/625] Loss: 0.068427
2026-05-21 11:44:56,820 [INFO] DIMTrainer -   Epoch [22/50] Step [620/625] Loss: 0.068220
2026-05-21 11:45:11,264 [INFO] DIMTrainer - Epoch  22/50 | Loss=0.068489 | HR@5=0.7740 | MAP@5=0.5987 | NDCG@5=0.6424 | Time=96.4s
2026-05-21 11:45:11,291 [INFO] DIMTrainer -   [EarlyStopping] No improvement for 2/7 epochs (best NDCG@5=0.6675)
2026-05-21 11:45:12,645 [INFO] DIMTrainer -   Epoch [23/50] Step [10/625] Loss: 0.059895
2026-05-21 11:45:13,929 [INFO] DIMTrainer -   Epoch [23/50] Step [20/625] Loss: 0.056947
2026-05-21 11:45:15,246 [INFO] DIMTrainer -   Epoch [23/50] Step [30/625] Loss: 0.051994
2026-05-21 11:45:16,598 [INFO] DIMTrainer -   Epoch [23/50] Step [40/625] Loss: 0.051812
2026-05-21 11:45:17,908 [INFO] DIMTrainer -   Epoch [23/50] Step [50/625] Loss: 0.055935
2026-05-21 11:45:19,247 [INFO] DIMTrainer -   Epoch [23/50] Step [60/625] Loss: 0.060560
2026-05-21 11:45:20,572 [INFO] DIMTrainer -   Epoch [23/50] Step [70/625] Loss: 0.060154
2026-05-21 11:45:21,918 [INFO] DIMTrainer -   Epoch [23/50] Step [80/625] Loss: 0.060912
2026-05-21 11:45:23,275 [INFO] DIMTrainer -   Epoch [23/50] Step [90/625] Loss: 0.062928
2026-05-21 11:45:24,627 [INFO] DIMTrainer -   Epoch [23/50] Step [100/625] Loss: 0.063178
2026-05-21 11:45:25,994 [INFO] DIMTrainer -   Epoch [23/50] Step [110/625] Loss: 0.060779
2026-05-21 11:45:27,300 [INFO] DIMTrainer -   Epoch [23/50] Step [120/625] Loss: 0.062969
2026-05-21 11:45:28,654 [INFO] DIMTrainer -   Epoch [23/50] Step [130/625] Loss: 0.063879
2026-05-21 11:45:30,041 [INFO] DIMTrainer -   Epoch [23/50] Step [140/625] Loss: 0.064309
2026-05-21 11:45:31,354 [INFO] DIMTrainer -   Epoch [23/50] Step [150/625] Loss: 0.065921
2026-05-21 11:45:32,637 [INFO] DIMTrainer -   Epoch [23/50] Step [160/625] Loss: 0.066651
2026-05-21 11:45:33,892 [INFO] DIMTrainer -   Epoch [23/50] Step [170/625] Loss: 0.065949
2026-05-21 11:45:35,186 [INFO] DIMTrainer -   Epoch [23/50] Step [180/625] Loss: 0.066173
2026-05-21 11:45:36,473 [INFO] DIMTrainer -   Epoch [23/50] Step [190/625] Loss: 0.065836
2026-05-21 11:45:37,748 [INFO] DIMTrainer -   Epoch [23/50] Step [200/625] Loss: 0.065103
2026-05-21 11:45:39,034 [INFO] DIMTrainer -   Epoch [23/50] Step [210/625] Loss: 0.064944
2026-05-21 11:45:40,306 [INFO] DIMTrainer -   Epoch [23/50] Step [220/625] Loss: 0.065648
2026-05-21 11:45:41,604 [INFO] DIMTrainer -   Epoch [23/50] Step [230/625] Loss: 0.066136
2026-05-21 11:45:42,885 [INFO] DIMTrainer -   Epoch [23/50] Step [240/625] Loss: 0.065460
2026-05-21 11:45:44,221 [INFO] DIMTrainer -   Epoch [23/50] Step [250/625] Loss: 0.064543
2026-05-21 11:45:45,588 [INFO] DIMTrainer -   Epoch [23/50] Step [260/625] Loss: 0.064670
2026-05-21 11:45:46,908 [INFO] DIMTrainer -   Epoch [23/50] Step [270/625] Loss: 0.064755
2026-05-21 11:45:48,247 [INFO] DIMTrainer -   Epoch [23/50] Step [280/625] Loss: 0.064623
2026-05-21 11:45:49,572 [INFO] DIMTrainer -   Epoch [23/50] Step [290/625] Loss: 0.064660
2026-05-21 11:45:50,949 [INFO] DIMTrainer -   Epoch [23/50] Step [300/625] Loss: 0.064537
2026-05-21 11:45:52,301 [INFO] DIMTrainer -   Epoch [23/50] Step [310/625] Loss: 0.064747
2026-05-21 11:45:53,631 [INFO] DIMTrainer -   Epoch [23/50] Step [320/625] Loss: 0.064935
2026-05-21 11:45:54,993 [INFO] DIMTrainer -   Epoch [23/50] Step [330/625] Loss: 0.065821
2026-05-21 11:45:56,320 [INFO] DIMTrainer -   Epoch [23/50] Step [340/625] Loss: 0.065137
2026-05-21 11:45:57,680 [INFO] DIMTrainer -   Epoch [23/50] Step [350/625] Loss: 0.065414
2026-05-21 11:45:59,041 [INFO] DIMTrainer -   Epoch [23/50] Step [360/625] Loss: 0.066669
2026-05-21 11:46:00,360 [INFO] DIMTrainer -   Epoch [23/50] Step [370/625] Loss: 0.066364
2026-05-21 11:46:01,668 [INFO] DIMTrainer -   Epoch [23/50] Step [380/625] Loss: 0.066689
2026-05-21 11:46:02,933 [INFO] DIMTrainer -   Epoch [23/50] Step [390/625] Loss: 0.066353
2026-05-21 11:46:04,226 [INFO] DIMTrainer -   Epoch [23/50] Step [400/625] Loss: 0.066817
2026-05-21 11:46:05,507 [INFO] DIMTrainer -   Epoch [23/50] Step [410/625] Loss: 0.066543
2026-05-21 11:46:06,782 [INFO] DIMTrainer -   Epoch [23/50] Step [420/625] Loss: 0.066267
2026-05-21 11:46:08,088 [INFO] DIMTrainer -   Epoch [23/50] Step [430/625] Loss: 0.065927
2026-05-21 11:46:09,353 [INFO] DIMTrainer -   Epoch [23/50] Step [440/625] Loss: 0.066121
2026-05-21 11:46:10,678 [INFO] DIMTrainer -   Epoch [23/50] Step [450/625] Loss: 0.066778
2026-05-21 11:46:11,947 [INFO] DIMTrainer -   Epoch [23/50] Step [460/625] Loss: 0.066958
2026-05-21 11:46:13,307 [INFO] DIMTrainer -   Epoch [23/50] Step [470/625] Loss: 0.067453
2026-05-21 11:46:14,667 [INFO] DIMTrainer -   Epoch [23/50] Step [480/625] Loss: 0.067130
2026-05-21 11:46:15,994 [INFO] DIMTrainer -   Epoch [23/50] Step [490/625] Loss: 0.067073
2026-05-21 11:46:17,346 [INFO] DIMTrainer -   Epoch [23/50] Step [500/625] Loss: 0.066840
2026-05-21 11:46:18,677 [INFO] DIMTrainer -   Epoch [23/50] Step [510/625] Loss: 0.066595
2026-05-21 11:46:20,017 [INFO] DIMTrainer -   Epoch [23/50] Step [520/625] Loss: 0.066449
2026-05-21 11:46:21,366 [INFO] DIMTrainer -   Epoch [23/50] Step [530/625] Loss: 0.066455
2026-05-21 11:46:22,684 [INFO] DIMTrainer -   Epoch [23/50] Step [540/625] Loss: 0.066376
2026-05-21 11:46:24,035 [INFO] DIMTrainer -   Epoch [23/50] Step [550/625] Loss: 0.067097
2026-05-21 11:46:25,412 [INFO] DIMTrainer -   Epoch [23/50] Step [560/625] Loss: 0.067203
2026-05-21 11:46:26,770 [INFO] DIMTrainer -   Epoch [23/50] Step [570/625] Loss: 0.066979
2026-05-21 11:46:28,120 [INFO] DIMTrainer -   Epoch [23/50] Step [580/625] Loss: 0.067362
2026-05-21 11:46:29,461 [INFO] DIMTrainer -   Epoch [23/50] Step [590/625] Loss: 0.067707
2026-05-21 11:46:30,749 [INFO] DIMTrainer -   Epoch [23/50] Step [600/625] Loss: 0.067861
2026-05-21 11:46:32,008 [INFO] DIMTrainer -   Epoch [23/50] Step [610/625] Loss: 0.067938
2026-05-21 11:46:33,298 [INFO] DIMTrainer -   Epoch [23/50] Step [620/625] Loss: 0.067674
2026-05-21 11:46:47,617 [INFO] DIMTrainer - Epoch  23/50 | Loss=0.067416 | HR@5=0.8140 | MAP@5=0.6438 | NDCG@5=0.6864 | Time=96.3s
2026-05-21 11:46:49,006 [INFO] DIMTrainer -   Epoch [24/50] Step [10/625] Loss: 0.069938
2026-05-21 11:46:50,362 [INFO] DIMTrainer -   Epoch [24/50] Step [20/625] Loss: 0.070598
2026-05-21 11:46:51,675 [INFO] DIMTrainer -   Epoch [24/50] Step [30/625] Loss: 0.065181
2026-05-21 11:46:53,021 [INFO] DIMTrainer -   Epoch [24/50] Step [40/625] Loss: 0.070515
2026-05-21 11:46:54,359 [INFO] DIMTrainer -   Epoch [24/50] Step [50/625] Loss: 0.069168
2026-05-21 11:46:55,708 [INFO] DIMTrainer -   Epoch [24/50] Step [60/625] Loss: 0.069264
2026-05-21 11:46:57,054 [INFO] DIMTrainer -   Epoch [24/50] Step [70/625] Loss: 0.066120
2026-05-21 11:46:58,328 [INFO] DIMTrainer -   Epoch [24/50] Step [80/625] Loss: 0.066437
2026-05-21 11:46:59,642 [INFO] DIMTrainer -   Epoch [24/50] Step [90/625] Loss: 0.066399
2026-05-21 11:47:00,914 [INFO] DIMTrainer -   Epoch [24/50] Step [100/625] Loss: 0.065605
2026-05-21 11:47:02,243 [INFO] DIMTrainer -   Epoch [24/50] Step [110/625] Loss: 0.064990
2026-05-21 11:47:03,592 [INFO] DIMTrainer -   Epoch [24/50] Step [120/625] Loss: 0.064865
2026-05-21 11:47:04,921 [INFO] DIMTrainer -   Epoch [24/50] Step [130/625] Loss: 0.063969
2026-05-21 11:47:06,267 [INFO] DIMTrainer -   Epoch [24/50] Step [140/625] Loss: 0.062856
2026-05-21 11:47:07,575 [INFO] DIMTrainer -   Epoch [24/50] Step [150/625] Loss: 0.064505
2026-05-21 11:47:08,934 [INFO] DIMTrainer -   Epoch [24/50] Step [160/625] Loss: 0.065669
2026-05-21 11:47:10,265 [INFO] DIMTrainer -   Epoch [24/50] Step [170/625] Loss: 0.065802
2026-05-21 11:47:11,582 [INFO] DIMTrainer -   Epoch [24/50] Step [180/625] Loss: 0.065216
2026-05-21 11:47:12,929 [INFO] DIMTrainer -   Epoch [24/50] Step [190/625] Loss: 0.064885
2026-05-21 11:47:14,229 [INFO] DIMTrainer -   Epoch [24/50] Step [200/625] Loss: 0.064682
2026-05-21 11:47:15,569 [INFO] DIMTrainer -   Epoch [24/50] Step [210/625] Loss: 0.065350
2026-05-21 11:47:16,908 [INFO] DIMTrainer -   Epoch [24/50] Step [220/625] Loss: 0.065626
2026-05-21 11:47:18,202 [INFO] DIMTrainer -   Epoch [24/50] Step [230/625] Loss: 0.064633
2026-05-21 11:47:19,484 [INFO] DIMTrainer -   Epoch [24/50] Step [240/625] Loss: 0.065158
2026-05-21 11:47:20,732 [INFO] DIMTrainer -   Epoch [24/50] Step [250/625] Loss: 0.064976
2026-05-21 11:47:22,019 [INFO] DIMTrainer -   Epoch [24/50] Step [260/625] Loss: 0.064754
2026-05-21 11:47:23,285 [INFO] DIMTrainer -   Epoch [24/50] Step [270/625] Loss: 0.064070
2026-05-21 11:47:24,639 [INFO] DIMTrainer -   Epoch [24/50] Step [280/625] Loss: 0.064422
2026-05-21 11:47:25,938 [INFO] DIMTrainer -   Epoch [24/50] Step [290/625] Loss: 0.064239
2026-05-21 11:47:27,197 [INFO] DIMTrainer -   Epoch [24/50] Step [300/625] Loss: 0.063562
2026-05-21 11:47:28,492 [INFO] DIMTrainer -   Epoch [24/50] Step [310/625] Loss: 0.063516
2026-05-21 11:47:29,785 [INFO] DIMTrainer -   Epoch [24/50] Step [320/625] Loss: 0.064104
2026-05-21 11:47:31,117 [INFO] DIMTrainer -   Epoch [24/50] Step [330/625] Loss: 0.064407
2026-05-21 11:47:32,464 [INFO] DIMTrainer -   Epoch [24/50] Step [340/625] Loss: 0.064127
2026-05-21 11:47:33,803 [INFO] DIMTrainer -   Epoch [24/50] Step [350/625] Loss: 0.065096
2026-05-21 11:47:35,155 [INFO] DIMTrainer -   Epoch [24/50] Step [360/625] Loss: 0.065342
2026-05-21 11:47:36,476 [INFO] DIMTrainer -   Epoch [24/50] Step [370/625] Loss: 0.064964
2026-05-21 11:47:37,830 [INFO] DIMTrainer -   Epoch [24/50] Step [380/625] Loss: 0.065212
2026-05-21 11:47:39,177 [INFO] DIMTrainer -   Epoch [24/50] Step [390/625] Loss: 0.065141
2026-05-21 11:47:40,502 [INFO] DIMTrainer -   Epoch [24/50] Step [400/625] Loss: 0.064326
2026-05-21 11:47:41,847 [INFO] DIMTrainer -   Epoch [24/50] Step [410/625] Loss: 0.064045
2026-05-21 11:47:43,146 [INFO] DIMTrainer -   Epoch [24/50] Step [420/625] Loss: 0.063625
2026-05-21 11:47:44,509 [INFO] DIMTrainer -   Epoch [24/50] Step [430/625] Loss: 0.064226
2026-05-21 11:47:45,855 [INFO] DIMTrainer -   Epoch [24/50] Step [440/625] Loss: 0.064387
2026-05-21 11:47:47,161 [INFO] DIMTrainer -   Epoch [24/50] Step [450/625] Loss: 0.064361
2026-05-21 11:47:48,507 [INFO] DIMTrainer -   Epoch [24/50] Step [460/625] Loss: 0.064576
2026-05-21 11:47:49,822 [INFO] DIMTrainer -   Epoch [24/50] Step [470/625] Loss: 0.064268
2026-05-21 11:47:51,149 [INFO] DIMTrainer -   Epoch [24/50] Step [480/625] Loss: 0.063713
2026-05-21 11:47:52,415 [INFO] DIMTrainer -   Epoch [24/50] Step [490/625] Loss: 0.063630
2026-05-21 11:47:53,673 [INFO] DIMTrainer -   Epoch [24/50] Step [500/625] Loss: 0.063675
2026-05-21 11:47:54,980 [INFO] DIMTrainer -   Epoch [24/50] Step [510/625] Loss: 0.063340
2026-05-21 11:47:56,229 [INFO] DIMTrainer -   Epoch [24/50] Step [520/625] Loss: 0.063121
2026-05-21 11:47:57,520 [INFO] DIMTrainer -   Epoch [24/50] Step [530/625] Loss: 0.063201
2026-05-21 11:47:58,774 [INFO] DIMTrainer -   Epoch [24/50] Step [540/625] Loss: 0.062888
2026-05-21 11:48:00,127 [INFO] DIMTrainer -   Epoch [24/50] Step [550/625] Loss: 0.063200
2026-05-21 11:48:01,488 [INFO] DIMTrainer -   Epoch [24/50] Step [560/625] Loss: 0.063150
2026-05-21 11:48:02,805 [INFO] DIMTrainer -   Epoch [24/50] Step [570/625] Loss: 0.063142
2026-05-21 11:48:04,141 [INFO] DIMTrainer -   Epoch [24/50] Step [580/625] Loss: 0.063096
2026-05-21 11:48:05,475 [INFO] DIMTrainer -   Epoch [24/50] Step [590/625] Loss: 0.062888
2026-05-21 11:48:06,828 [INFO] DIMTrainer -   Epoch [24/50] Step [600/625] Loss: 0.062818
2026-05-21 11:48:08,176 [INFO] DIMTrainer -   Epoch [24/50] Step [610/625] Loss: 0.063157
2026-05-21 11:48:09,501 [INFO] DIMTrainer -   Epoch [24/50] Step [620/625] Loss: 0.063262
2026-05-21 11:48:23,940 [INFO] DIMTrainer - Epoch  24/50 | Loss=0.063127 | HR@5=0.7635 | MAP@5=0.6079 | NDCG@5=0.6471 | Time=96.3s
2026-05-21 11:48:23,968 [INFO] DIMTrainer -   [EarlyStopping] No improvement for 1/7 epochs (best NDCG@5=0.6864)
2026-05-21 11:48:25,342 [INFO] DIMTrainer -   Epoch [25/50] Step [10/625] Loss: 0.063368
2026-05-21 11:48:26,657 [INFO] DIMTrainer -   Epoch [25/50] Step [20/625] Loss: 0.066377
2026-05-21 11:48:27,944 [INFO] DIMTrainer -   Epoch [25/50] Step [30/625] Loss: 0.068778
2026-05-21 11:48:29,315 [INFO] DIMTrainer -   Epoch [25/50] Step [40/625] Loss: 0.067290
2026-05-21 11:48:30,697 [INFO] DIMTrainer -   Epoch [25/50] Step [50/625] Loss: 0.066424
2026-05-21 11:48:32,007 [INFO] DIMTrainer -   Epoch [25/50] Step [60/625] Loss: 0.069687
2026-05-21 11:48:33,363 [INFO] DIMTrainer -   Epoch [25/50] Step [70/625] Loss: 0.070301
2026-05-21 11:48:34,680 [INFO] DIMTrainer -   Epoch [25/50] Step [80/625] Loss: 0.070751
2026-05-21 11:48:36,019 [INFO] DIMTrainer -   Epoch [25/50] Step [90/625] Loss: 0.071214
2026-05-21 11:48:37,358 [INFO] DIMTrainer -   Epoch [25/50] Step [100/625] Loss: 0.070475
2026-05-21 11:48:38,676 [INFO] DIMTrainer -   Epoch [25/50] Step [110/625] Loss: 0.069561
2026-05-21 11:48:40,025 [INFO] DIMTrainer -   Epoch [25/50] Step [120/625] Loss: 0.069188
2026-05-21 11:48:41,289 [INFO] DIMTrainer -   Epoch [25/50] Step [130/625] Loss: 0.068425
2026-05-21 11:48:42,584 [INFO] DIMTrainer -   Epoch [25/50] Step [140/625] Loss: 0.068872
2026-05-21 11:48:43,875 [INFO] DIMTrainer -   Epoch [25/50] Step [150/625] Loss: 0.067527
2026-05-21 11:48:45,132 [INFO] DIMTrainer -   Epoch [25/50] Step [160/625] Loss: 0.066938
2026-05-21 11:48:46,425 [INFO] DIMTrainer -   Epoch [25/50] Step [170/625] Loss: 0.066775
2026-05-21 11:48:47,691 [INFO] DIMTrainer -   Epoch [25/50] Step [180/625] Loss: 0.066782
2026-05-21 11:48:49,019 [INFO] DIMTrainer -   Epoch [25/50] Step [190/625] Loss: 0.065919
2026-05-21 11:48:50,338 [INFO] DIMTrainer -   Epoch [25/50] Step [200/625] Loss: 0.066233
2026-05-21 11:48:51,701 [INFO] DIMTrainer -   Epoch [25/50] Step [210/625] Loss: 0.066352
2026-05-21 11:48:53,057 [INFO] DIMTrainer -   Epoch [25/50] Step [220/625] Loss: 0.065827
2026-05-21 11:48:54,368 [INFO] DIMTrainer -   Epoch [25/50] Step [230/625] Loss: 0.066411
2026-05-21 11:48:55,710 [INFO] DIMTrainer -   Epoch [25/50] Step [240/625] Loss: 0.065565
2026-05-21 11:48:57,039 [INFO] DIMTrainer -   Epoch [25/50] Step [250/625] Loss: 0.064505
2026-05-21 11:48:58,387 [INFO] DIMTrainer -   Epoch [25/50] Step [260/625] Loss: 0.064427
2026-05-21 11:48:59,688 [INFO] DIMTrainer -   Epoch [25/50] Step [270/625] Loss: 0.064090
2026-05-21 11:49:01,050 [INFO] DIMTrainer -   Epoch [25/50] Step [280/625] Loss: 0.063487
2026-05-21 11:49:02,374 [INFO] DIMTrainer -   Epoch [25/50] Step [290/625] Loss: 0.063505
2026-05-21 11:49:03,731 [INFO] DIMTrainer -   Epoch [25/50] Step [300/625] Loss: 0.064138
2026-05-21 11:49:05,086 [INFO] DIMTrainer -   Epoch [25/50] Step [310/625] Loss: 0.063879
2026-05-21 11:49:06,413 [INFO] DIMTrainer -   Epoch [25/50] Step [320/625] Loss: 0.064742
2026-05-21 11:49:07,763 [INFO] DIMTrainer -   Epoch [25/50] Step [330/625] Loss: 0.064336
2026-05-21 11:49:09,099 [INFO] DIMTrainer -   Epoch [25/50] Step [340/625] Loss: 0.064077
2026-05-21 11:49:10,402 [INFO] DIMTrainer -   Epoch [25/50] Step [350/625] Loss: 0.064252
2026-05-21 11:49:11,747 [INFO] DIMTrainer -   Epoch [25/50] Step [360/625] Loss: 0.063951
2026-05-21 11:49:13,040 [INFO] DIMTrainer -   Epoch [25/50] Step [370/625] Loss: 0.064268
2026-05-21 11:49:14,340 [INFO] DIMTrainer -   Epoch [25/50] Step [380/625] Loss: 0.063836
2026-05-21 11:49:15,604 [INFO] DIMTrainer -   Epoch [25/50] Step [390/625] Loss: 0.063513
2026-05-21 11:49:16,900 [INFO] DIMTrainer -   Epoch [25/50] Step [400/625] Loss: 0.063835
2026-05-21 11:49:18,190 [INFO] DIMTrainer -   Epoch [25/50] Step [410/625] Loss: 0.064149
2026-05-21 11:49:19,474 [INFO] DIMTrainer -   Epoch [25/50] Step [420/625] Loss: 0.064203
2026-05-21 11:49:20,759 [INFO] DIMTrainer -   Epoch [25/50] Step [430/625] Loss: 0.063950
2026-05-21 11:49:22,069 [INFO] DIMTrainer -   Epoch [25/50] Step [440/625] Loss: 0.063894
2026-05-21 11:49:23,437 [INFO] DIMTrainer -   Epoch [25/50] Step [450/625] Loss: 0.064065
2026-05-21 11:49:24,854 [INFO] DIMTrainer -   Epoch [25/50] Step [460/625] Loss: 0.064503
2026-05-21 11:49:26,193 [INFO] DIMTrainer -   Epoch [25/50] Step [470/625] Loss: 0.064762
2026-05-21 11:49:27,565 [INFO] DIMTrainer -   Epoch [25/50] Step [480/625] Loss: 0.064562
2026-05-21 11:49:28,896 [INFO] DIMTrainer -   Epoch [25/50] Step [490/625] Loss: 0.064476
2026-05-21 11:49:30,292 [INFO] DIMTrainer -   Epoch [25/50] Step [500/625] Loss: 0.064306
2026-05-21 11:49:31,636 [INFO] DIMTrainer -   Epoch [25/50] Step [510/625] Loss: 0.064550
2026-05-21 11:49:32,964 [INFO] DIMTrainer -   Epoch [25/50] Step [520/625] Loss: 0.064318
2026-05-21 11:49:34,305 [INFO] DIMTrainer -   Epoch [25/50] Step [530/625] Loss: 0.064223
2026-05-21 11:49:35,617 [INFO] DIMTrainer -   Epoch [25/50] Step [540/625] Loss: 0.063521
2026-05-21 11:49:36,964 [INFO] DIMTrainer -   Epoch [25/50] Step [550/625] Loss: 0.063327
2026-05-21 11:49:38,291 [INFO] DIMTrainer -   Epoch [25/50] Step [560/625] Loss: 0.063421
2026-05-21 11:49:39,569 [INFO] DIMTrainer -   Epoch [25/50] Step [570/625] Loss: 0.063642
2026-05-21 11:49:40,875 [INFO] DIMTrainer -   Epoch [25/50] Step [580/625] Loss: 0.063577
2026-05-21 11:49:42,132 [INFO] DIMTrainer -   Epoch [25/50] Step [590/625] Loss: 0.063222
2026-05-21 11:49:43,426 [INFO] DIMTrainer -   Epoch [25/50] Step [600/625] Loss: 0.062990
2026-05-21 11:49:44,684 [INFO] DIMTrainer -   Epoch [25/50] Step [610/625] Loss: 0.062839
2026-05-21 11:49:45,979 [INFO] DIMTrainer -   Epoch [25/50] Step [620/625] Loss: 0.063001
2026-05-21 11:50:00,304 [INFO] DIMTrainer - Epoch  25/50 | Loss=0.063177 | HR@5=0.8060 | MAP@5=0.6129 | NDCG@5=0.6615 | Time=96.3s
2026-05-21 11:50:00,333 [INFO] DIMTrainer -   [EarlyStopping] No improvement for 2/7 epochs (best NDCG@5=0.6864)
2026-05-21 11:50:01,704 [INFO] DIMTrainer -   Epoch [26/50] Step [10/625] Loss: 0.075917
2026-05-21 11:50:03,065 [INFO] DIMTrainer -   Epoch [26/50] Step [20/625] Loss: 0.065961
2026-05-21 11:50:04,389 [INFO] DIMTrainer -   Epoch [26/50] Step [30/625] Loss: 0.070479
2026-05-21 11:50:05,751 [INFO] DIMTrainer -   Epoch [26/50] Step [40/625] Loss: 0.064693
2026-05-21 11:50:07,014 [INFO] DIMTrainer -   Epoch [26/50] Step [50/625] Loss: 0.059324
2026-05-21 11:50:08,306 [INFO] DIMTrainer -   Epoch [26/50] Step [60/625] Loss: 0.056310
2026-05-21 11:50:09,599 [INFO] DIMTrainer -   Epoch [26/50] Step [70/625] Loss: 0.056107
2026-05-21 11:50:10,900 [INFO] DIMTrainer -   Epoch [26/50] Step [80/625] Loss: 0.055766
2026-05-21 11:50:12,253 [INFO] DIMTrainer -   Epoch [26/50] Step [90/625] Loss: 0.056420
2026-05-21 11:50:13,569 [INFO] DIMTrainer -   Epoch [26/50] Step [100/625] Loss: 0.054850
2026-05-21 11:50:14,913 [INFO] DIMTrainer -   Epoch [26/50] Step [110/625] Loss: 0.055197
2026-05-21 11:50:16,256 [INFO] DIMTrainer -   Epoch [26/50] Step [120/625] Loss: 0.056539
2026-05-21 11:50:17,578 [INFO] DIMTrainer -   Epoch [26/50] Step [130/625] Loss: 0.057795
2026-05-21 11:50:18,927 [INFO] DIMTrainer -   Epoch [26/50] Step [140/625] Loss: 0.057962
2026-05-21 11:50:20,254 [INFO] DIMTrainer -   Epoch [26/50] Step [150/625] Loss: 0.056876
2026-05-21 11:50:21,619 [INFO] DIMTrainer -   Epoch [26/50] Step [160/625] Loss: 0.056339
2026-05-21 11:50:22,976 [INFO] DIMTrainer -   Epoch [26/50] Step [170/625] Loss: 0.055917
2026-05-21 11:50:24,333 [INFO] DIMTrainer -   Epoch [26/50] Step [180/625] Loss: 0.058358
2026-05-21 11:50:25,704 [INFO] DIMTrainer -   Epoch [26/50] Step [190/625] Loss: 0.057696
2026-05-21 11:50:27,026 [INFO] DIMTrainer -   Epoch [26/50] Step [200/625] Loss: 0.058812
2026-05-21 11:50:28,324 [INFO] DIMTrainer -   Epoch [26/50] Step [210/625] Loss: 0.059003
2026-05-21 11:50:29,648 [INFO] DIMTrainer -   Epoch [26/50] Step [220/625] Loss: 0.059556
2026-05-21 11:50:30,918 [INFO] DIMTrainer -   Epoch [26/50] Step [230/625] Loss: 0.059924
2026-05-21 11:50:32,201 [INFO] DIMTrainer -   Epoch [26/50] Step [240/625] Loss: 0.059223
2026-05-21 11:50:33,451 [INFO] DIMTrainer -   Epoch [26/50] Step [250/625] Loss: 0.060942
2026-05-21 11:50:34,752 [INFO] DIMTrainer -   Epoch [26/50] Step [260/625] Loss: 0.061270
2026-05-21 11:50:36,027 [INFO] DIMTrainer -   Epoch [26/50] Step [270/625] Loss: 0.061480
2026-05-21 11:50:37,300 [INFO] DIMTrainer -   Epoch [26/50] Step [280/625] Loss: 0.062291
2026-05-21 11:50:38,581 [INFO] DIMTrainer -   Epoch [26/50] Step [290/625] Loss: 0.062345
2026-05-21 11:50:39,899 [INFO] DIMTrainer -   Epoch [26/50] Step [300/625] Loss: 0.062538
2026-05-21 11:50:41,255 [INFO] DIMTrainer -   Epoch [26/50] Step [310/625] Loss: 0.062669
2026-05-21 11:50:42,572 [INFO] DIMTrainer -   Epoch [26/50] Step [320/625] Loss: 0.062600
2026-05-21 11:50:43,917 [INFO] DIMTrainer -   Epoch [26/50] Step [330/625] Loss: 0.062641
2026-05-21 11:50:45,286 [INFO] DIMTrainer -   Epoch [26/50] Step [340/625] Loss: 0.062947
2026-05-21 11:50:46,599 [INFO] DIMTrainer -   Epoch [26/50] Step [350/625] Loss: 0.062100
2026-05-21 11:50:47,952 [INFO] DIMTrainer -   Epoch [26/50] Step [360/625] Loss: 0.061727
2026-05-21 11:50:49,265 [INFO] DIMTrainer -   Epoch [26/50] Step [370/625] Loss: 0.062138
2026-05-21 11:50:50,603 [INFO] DIMTrainer -   Epoch [26/50] Step [380/625] Loss: 0.062481
2026-05-21 11:50:51,953 [INFO] DIMTrainer -   Epoch [26/50] Step [390/625] Loss: 0.062038
2026-05-21 11:50:53,260 [INFO] DIMTrainer -   Epoch [26/50] Step [400/625] Loss: 0.061976
2026-05-21 11:50:54,612 [INFO] DIMTrainer -   Epoch [26/50] Step [410/625] Loss: 0.062031
2026-05-21 11:50:55,921 [INFO] DIMTrainer -   Epoch [26/50] Step [420/625] Loss: 0.062499
2026-05-21 11:50:57,270 [INFO] DIMTrainer -   Epoch [26/50] Step [430/625] Loss: 0.062958
2026-05-21 11:50:58,613 [INFO] DIMTrainer -   Epoch [26/50] Step [440/625] Loss: 0.063079
2026-05-21 11:50:59,911 [INFO] DIMTrainer -   Epoch [26/50] Step [450/625] Loss: 0.063029
2026-05-21 11:51:01,223 [INFO] DIMTrainer -   Epoch [26/50] Step [460/625] Loss: 0.062884
2026-05-21 11:51:02,500 [INFO] DIMTrainer -   Epoch [26/50] Step [470/625] Loss: 0.062539
2026-05-21 11:51:03,794 [INFO] DIMTrainer -   Epoch [26/50] Step [480/625] Loss: 0.062468
2026-05-21 11:51:05,063 [INFO] DIMTrainer -   Epoch [26/50] Step [490/625] Loss: 0.062613
2026-05-21 11:51:06,323 [INFO] DIMTrainer -   Epoch [26/50] Step [500/625] Loss: 0.062316
2026-05-21 11:51:07,622 [INFO] DIMTrainer -   Epoch [26/50] Step [510/625] Loss: 0.062218
2026-05-21 11:51:08,939 [INFO] DIMTrainer -   Epoch [26/50] Step [520/625] Loss: 0.062139
2026-05-21 11:51:10,278 [INFO] DIMTrainer -   Epoch [26/50] Step [530/625] Loss: 0.062610
2026-05-21 11:51:11,595 [INFO] DIMTrainer -   Epoch [26/50] Step [540/625] Loss: 0.062778
2026-05-21 11:51:12,946 [INFO] DIMTrainer -   Epoch [26/50] Step [550/625] Loss: 0.062903
2026-05-21 11:51:14,291 [INFO] DIMTrainer -   Epoch [26/50] Step [560/625] Loss: 0.062685
2026-05-21 11:51:15,612 [INFO] DIMTrainer -   Epoch [26/50] Step [570/625] Loss: 0.062539
2026-05-21 11:51:16,974 [INFO] DIMTrainer -   Epoch [26/50] Step [580/625] Loss: 0.062439
2026-05-21 11:51:18,299 [INFO] DIMTrainer -   Epoch [26/50] Step [590/625] Loss: 0.061803
2026-05-21 11:51:19,643 [INFO] DIMTrainer -   Epoch [26/50] Step [600/625] Loss: 0.061661
2026-05-21 11:51:20,985 [INFO] DIMTrainer -   Epoch [26/50] Step [610/625] Loss: 0.061508
2026-05-21 11:51:22,307 [INFO] DIMTrainer -   Epoch [26/50] Step [620/625] Loss: 0.061412
2026-05-21 11:51:36,837 [INFO] DIMTrainer - Epoch  26/50 | Loss=0.061346 | HR@5=0.8105 | MAP@5=0.6337 | NDCG@5=0.6780 | Time=96.5s
2026-05-21 11:51:36,865 [INFO] DIMTrainer -   [EarlyStopping] No improvement for 3/7 epochs (best NDCG@5=0.6864)
2026-05-21 11:51:38,186 [INFO] DIMTrainer -   Epoch [27/50] Step [10/625] Loss: 0.041308
2026-05-21 11:51:39,505 [INFO] DIMTrainer -   Epoch [27/50] Step [20/625] Loss: 0.045809
2026-05-21 11:51:40,834 [INFO] DIMTrainer -   Epoch [27/50] Step [30/625] Loss: 0.047252
2026-05-21 11:51:42,161 [INFO] DIMTrainer -   Epoch [27/50] Step [40/625] Loss: 0.054381
2026-05-21 11:51:43,512 [INFO] DIMTrainer -   Epoch [27/50] Step [50/625] Loss: 0.053171
2026-05-21 11:51:44,830 [INFO] DIMTrainer -   Epoch [27/50] Step [60/625] Loss: 0.053463
2026-05-21 11:51:46,174 [INFO] DIMTrainer -   Epoch [27/50] Step [70/625] Loss: 0.053741
2026-05-21 11:51:47,528 [INFO] DIMTrainer -   Epoch [27/50] Step [80/625] Loss: 0.053423
2026-05-21 11:51:48,844 [INFO] DIMTrainer -   Epoch [27/50] Step [90/625] Loss: 0.052988
2026-05-21 11:51:50,159 [INFO] DIMTrainer -   Epoch [27/50] Step [100/625] Loss: 0.053819
2026-05-21 11:51:51,429 [INFO] DIMTrainer -   Epoch [27/50] Step [110/625] Loss: 0.055030
2026-05-21 11:51:52,746 [INFO] DIMTrainer -   Epoch [27/50] Step [120/625] Loss: 0.054460
2026-05-21 11:51:54,017 [INFO] DIMTrainer -   Epoch [27/50] Step [130/625] Loss: 0.054957
2026-05-21 11:51:55,297 [INFO] DIMTrainer -   Epoch [27/50] Step [140/625] Loss: 0.055832
2026-05-21 11:51:56,594 [INFO] DIMTrainer -   Epoch [27/50] Step [150/625] Loss: 0.055897
2026-05-21 11:51:57,878 [INFO] DIMTrainer -   Epoch [27/50] Step [160/625] Loss: 0.055731
2026-05-21 11:51:59,187 [INFO] DIMTrainer -   Epoch [27/50] Step [170/625] Loss: 0.055123
2026-05-21 11:52:00,468 [INFO] DIMTrainer -   Epoch [27/50] Step [180/625] Loss: 0.055584
2026-05-21 11:52:01,811 [INFO] DIMTrainer -   Epoch [27/50] Step [190/625] Loss: 0.055141
2026-05-21 11:52:03,166 [INFO] DIMTrainer -   Epoch [27/50] Step [200/625] Loss: 0.054649
2026-05-21 11:52:04,484 [INFO] DIMTrainer -   Epoch [27/50] Step [210/625] Loss: 0.054154
2026-05-21 11:52:05,845 [INFO] DIMTrainer -   Epoch [27/50] Step [220/625] Loss: 0.053589
2026-05-21 11:52:07,183 [INFO] DIMTrainer -   Epoch [27/50] Step [230/625] Loss: 0.053315
2026-05-21 11:52:08,541 [INFO] DIMTrainer -   Epoch [27/50] Step [240/625] Loss: 0.053146
2026-05-21 11:52:09,898 [INFO] DIMTrainer -   Epoch [27/50] Step [250/625] Loss: 0.053488
2026-05-21 11:52:11,217 [INFO] DIMTrainer -   Epoch [27/50] Step [260/625] Loss: 0.053129
2026-05-21 11:52:12,568 [INFO] DIMTrainer -   Epoch [27/50] Step [270/625] Loss: 0.053112
2026-05-21 11:52:13,893 [INFO] DIMTrainer -   Epoch [27/50] Step [280/625] Loss: 0.054019
2026-05-21 11:52:15,233 [INFO] DIMTrainer -   Epoch [27/50] Step [290/625] Loss: 0.053802
2026-05-21 11:52:16,582 [INFO] DIMTrainer -   Epoch [27/50] Step [300/625] Loss: 0.054023
2026-05-21 11:52:17,876 [INFO] DIMTrainer -   Epoch [27/50] Step [310/625] Loss: 0.054231
2026-05-21 11:52:19,171 [INFO] DIMTrainer -   Epoch [27/50] Step [320/625] Loss: 0.054234
2026-05-21 11:52:20,435 [INFO] DIMTrainer -   Epoch [27/50] Step [330/625] Loss: 0.054822
2026-05-21 11:52:21,715 [INFO] DIMTrainer -   Epoch [27/50] Step [340/625] Loss: 0.054692
2026-05-21 11:52:22,994 [INFO] DIMTrainer -   Epoch [27/50] Step [350/625] Loss: 0.055038
2026-05-21 11:52:24,293 [INFO] DIMTrainer -   Epoch [27/50] Step [360/625] Loss: 0.055203
2026-05-21 11:52:25,622 [INFO] DIMTrainer -   Epoch [27/50] Step [370/625] Loss: 0.055590
2026-05-21 11:52:26,876 [INFO] DIMTrainer -   Epoch [27/50] Step [380/625] Loss: 0.056224
2026-05-21 11:52:28,161 [INFO] DIMTrainer -   Epoch [27/50] Step [390/625] Loss: 0.056720
2026-05-21 11:52:29,450 [INFO] DIMTrainer -   Epoch [27/50] Step [400/625] Loss: 0.056763
2026-05-21 11:52:30,811 [INFO] DIMTrainer -   Epoch [27/50] Step [410/625] Loss: 0.057301
2026-05-21 11:52:32,153 [INFO] DIMTrainer -   Epoch [27/50] Step [420/625] Loss: 0.057757
2026-05-21 11:52:33,465 [INFO] DIMTrainer -   Epoch [27/50] Step [430/625] Loss: 0.058276
2026-05-21 11:52:34,813 [INFO] DIMTrainer -   Epoch [27/50] Step [440/625] Loss: 0.057971
2026-05-21 11:52:36,129 [INFO] DIMTrainer -   Epoch [27/50] Step [450/625] Loss: 0.057962
2026-05-21 11:52:37,482 [INFO] DIMTrainer -   Epoch [27/50] Step [460/625] Loss: 0.057993
2026-05-21 11:52:38,812 [INFO] DIMTrainer -   Epoch [27/50] Step [470/625] Loss: 0.058020
2026-05-21 11:52:40,135 [INFO] DIMTrainer -   Epoch [27/50] Step [480/625] Loss: 0.057669
2026-05-21 11:52:41,469 [INFO] DIMTrainer -   Epoch [27/50] Step [490/625] Loss: 0.057452
2026-05-21 11:52:42,776 [INFO] DIMTrainer -   Epoch [27/50] Step [500/625] Loss: 0.056999
2026-05-21 11:52:44,114 [INFO] DIMTrainer -   Epoch [27/50] Step [510/625] Loss: 0.056868
2026-05-21 11:52:45,460 [INFO] DIMTrainer -   Epoch [27/50] Step [520/625] Loss: 0.056956
2026-05-21 11:52:46,751 [INFO] DIMTrainer -   Epoch [27/50] Step [530/625] Loss: 0.057094
2026-05-21 11:52:48,046 [INFO] DIMTrainer -   Epoch [27/50] Step [540/625] Loss: 0.057328
2026-05-21 11:52:49,294 [INFO] DIMTrainer -   Epoch [27/50] Step [550/625] Loss: 0.056952
2026-05-21 11:52:50,592 [INFO] DIMTrainer -   Epoch [27/50] Step [560/625] Loss: 0.057020
2026-05-21 11:52:51,849 [INFO] DIMTrainer -   Epoch [27/50] Step [570/625] Loss: 0.057658
2026-05-21 11:52:53,124 [INFO] DIMTrainer -   Epoch [27/50] Step [580/625] Loss: 0.057723
2026-05-21 11:52:54,419 [INFO] DIMTrainer -   Epoch [27/50] Step [590/625] Loss: 0.057502
2026-05-21 11:52:55,673 [INFO] DIMTrainer -   Epoch [27/50] Step [600/625] Loss: 0.057387
2026-05-21 11:52:56,988 [INFO] DIMTrainer -   Epoch [27/50] Step [610/625] Loss: 0.057788
2026-05-21 11:52:58,241 [INFO] DIMTrainer -   Epoch [27/50] Step [620/625] Loss: 0.057721
2026-05-21 11:53:12,581 [INFO] DIMTrainer - Epoch  27/50 | Loss=0.057704 | HR@5=0.7630 | MAP@5=0.5756 | NDCG@5=0.6222 | Time=95.7s
2026-05-21 11:53:12,610 [INFO] DIMTrainer -   [EarlyStopping] No improvement for 4/7 epochs (best NDCG@5=0.6864)
2026-05-21 11:53:13,925 [INFO] DIMTrainer -   Epoch [28/50] Step [10/625] Loss: 0.054833
2026-05-21 11:53:15,217 [INFO] DIMTrainer -   Epoch [28/50] Step [20/625] Loss: 0.085847
2026-05-21 11:53:16,472 [INFO] DIMTrainer -   Epoch [28/50] Step [30/625] Loss: 0.081043
2026-05-21 11:53:17,759 [INFO] DIMTrainer -   Epoch [28/50] Step [40/625] Loss: 0.074668
2026-05-21 11:53:19,113 [INFO] DIMTrainer -   Epoch [28/50] Step [50/625] Loss: 0.071460
2026-05-21 11:53:20,436 [INFO] DIMTrainer -   Epoch [28/50] Step [60/625] Loss: 0.065777
2026-05-21 11:53:21,805 [INFO] DIMTrainer -   Epoch [28/50] Step [70/625] Loss: 0.064301
2026-05-21 11:53:23,119 [INFO] DIMTrainer -   Epoch [28/50] Step [80/625] Loss: 0.061105
2026-05-21 11:53:24,507 [INFO] DIMTrainer -   Epoch [28/50] Step [90/625] Loss: 0.060740
2026-05-21 11:53:25,873 [INFO] DIMTrainer -   Epoch [28/50] Step [100/625] Loss: 0.058123
2026-05-21 11:53:27,192 [INFO] DIMTrainer -   Epoch [28/50] Step [110/625] Loss: 0.057403
2026-05-21 11:53:28,547 [INFO] DIMTrainer -   Epoch [28/50] Step [120/625] Loss: 0.057921
2026-05-21 11:53:29,928 [INFO] DIMTrainer -   Epoch [28/50] Step [130/625] Loss: 0.056372
2026-05-21 11:53:31,256 [INFO] DIMTrainer -   Epoch [28/50] Step [140/625] Loss: 0.057444
2026-05-21 11:53:32,599 [INFO] DIMTrainer -   Epoch [28/50] Step [150/625] Loss: 0.057293
2026-05-21 11:53:33,912 [INFO] DIMTrainer -   Epoch [28/50] Step [160/625] Loss: 0.056161
2026-05-21 11:53:35,227 [INFO] DIMTrainer -   Epoch [28/50] Step [170/625] Loss: 0.056094
2026-05-21 11:53:36,493 [INFO] DIMTrainer -   Epoch [28/50] Step [180/625] Loss: 0.057238
2026-05-21 11:53:37,782 [INFO] DIMTrainer -   Epoch [28/50] Step [190/625] Loss: 0.056724
2026-05-21 11:53:39,082 [INFO] DIMTrainer -   Epoch [28/50] Step [200/625] Loss: 0.056736
2026-05-21 11:53:40,343 [INFO] DIMTrainer -   Epoch [28/50] Step [210/625] Loss: 0.057811
2026-05-21 11:53:41,627 [INFO] DIMTrainer -   Epoch [28/50] Step [220/625] Loss: 0.057773
2026-05-21 11:53:42,892 [INFO] DIMTrainer -   Epoch [28/50] Step [230/625] Loss: 0.057479
2026-05-21 11:53:44,212 [INFO] DIMTrainer -   Epoch [28/50] Step [240/625] Loss: 0.057711
2026-05-21 11:53:45,535 [INFO] DIMTrainer -   Epoch [28/50] Step [250/625] Loss: 0.058269
2026-05-21 11:53:46,826 [INFO] DIMTrainer -   Epoch [28/50] Step [260/625] Loss: 0.057751
2026-05-21 11:53:48,166 [INFO] DIMTrainer -   Epoch [28/50] Step [270/625] Loss: 0.058263
2026-05-21 11:53:49,482 [INFO] DIMTrainer -   Epoch [28/50] Step [280/625] Loss: 0.058293
2026-05-21 11:53:50,854 [INFO] DIMTrainer -   Epoch [28/50] Step [290/625] Loss: 0.057747
2026-05-21 11:53:52,172 [INFO] DIMTrainer -   Epoch [28/50] Step [300/625] Loss: 0.057280
2026-05-21 11:53:53,510 [INFO] DIMTrainer -   Epoch [28/50] Step [310/625] Loss: 0.057629
2026-05-21 11:53:54,866 [INFO] DIMTrainer -   Epoch [28/50] Step [320/625] Loss: 0.057793
2026-05-21 11:53:56,168 [INFO] DIMTrainer -   Epoch [28/50] Step [330/625] Loss: 0.057778
2026-05-21 11:53:57,525 [INFO] DIMTrainer -   Epoch [28/50] Step [340/625] Loss: 0.057774
2026-05-21 11:53:58,853 [INFO] DIMTrainer -   Epoch [28/50] Step [350/625] Loss: 0.058531
2026-05-21 11:54:00,223 [INFO] DIMTrainer -   Epoch [28/50] Step [360/625] Loss: 0.058479
2026-05-21 11:54:01,583 [INFO] DIMTrainer -   Epoch [28/50] Step [370/625] Loss: 0.058876
2026-05-21 11:54:02,907 [INFO] DIMTrainer -   Epoch [28/50] Step [380/625] Loss: 0.059073
2026-05-21 11:54:04,258 [INFO] DIMTrainer -   Epoch [28/50] Step [390/625] Loss: 0.059354
2026-05-21 11:54:05,586 [INFO] DIMTrainer -   Epoch [28/50] Step [400/625] Loss: 0.059518
2026-05-21 11:54:06,927 [INFO] DIMTrainer -   Epoch [28/50] Step [410/625] Loss: 0.059037
2026-05-21 11:54:08,246 [INFO] DIMTrainer -   Epoch [28/50] Step [420/625] Loss: 0.059114
2026-05-21 11:54:09,504 [INFO] DIMTrainer -   Epoch [28/50] Step [430/625] Loss: 0.058774
2026-05-21 11:54:10,795 [INFO] DIMTrainer -   Epoch [28/50] Step [440/625] Loss: 0.058347
2026-05-21 11:54:12,044 [INFO] DIMTrainer -   Epoch [28/50] Step [450/625] Loss: 0.058232
2026-05-21 11:54:13,376 [INFO] DIMTrainer -   Epoch [28/50] Step [460/625] Loss: 0.058016
2026-05-21 11:54:14,657 [INFO] DIMTrainer -   Epoch [28/50] Step [470/625] Loss: 0.057883
2026-05-21 11:54:15,943 [INFO] DIMTrainer -   Epoch [28/50] Step [480/625] Loss: 0.058252
2026-05-21 11:54:17,283 [INFO] DIMTrainer -   Epoch [28/50] Step [490/625] Loss: 0.058387
2026-05-21 11:54:18,608 [INFO] DIMTrainer -   Epoch [28/50] Step [500/625] Loss: 0.058634
2026-05-21 11:54:19,940 [INFO] DIMTrainer -   Epoch [28/50] Step [510/625] Loss: 0.058299
2026-05-21 11:54:21,277 [INFO] DIMTrainer -   Epoch [28/50] Step [520/625] Loss: 0.058005
2026-05-21 11:54:22,598 [INFO] DIMTrainer -   Epoch [28/50] Step [530/625] Loss: 0.057689
2026-05-21 11:54:23,947 [INFO] DIMTrainer -   Epoch [28/50] Step [540/625] Loss: 0.057472
2026-05-21 11:54:25,327 [INFO] DIMTrainer -   Epoch [28/50] Step [550/625] Loss: 0.057167
2026-05-21 11:54:26,669 [INFO] DIMTrainer -   Epoch [28/50] Step [560/625] Loss: 0.057170
2026-05-21 11:54:28,014 [INFO] DIMTrainer -   Epoch [28/50] Step [570/625] Loss: 0.057544
2026-05-21 11:54:29,342 [INFO] DIMTrainer -   Epoch [28/50] Step [580/625] Loss: 0.057204
2026-05-21 11:54:30,720 [INFO] DIMTrainer -   Epoch [28/50] Step [590/625] Loss: 0.057269
2026-05-21 11:54:32,037 [INFO] DIMTrainer -   Epoch [28/50] Step [600/625] Loss: 0.057229
2026-05-21 11:54:33,399 [INFO] DIMTrainer -   Epoch [28/50] Step [610/625] Loss: 0.056901
2026-05-21 11:54:34,738 [INFO] DIMTrainer -   Epoch [28/50] Step [620/625] Loss: 0.056913
2026-05-21 11:54:49,022 [INFO] DIMTrainer - Epoch  28/50 | Loss=0.056742 | HR@5=0.8325 | MAP@5=0.6502 | NDCG@5=0.6959 | Time=96.4s
2026-05-21 11:54:50,460 [INFO] DIMTrainer -   Epoch [29/50] Step [10/625] Loss: 0.053963
2026-05-21 11:54:51,748 [INFO] DIMTrainer -   Epoch [29/50] Step [20/625] Loss: 0.048834
2026-05-21 11:54:53,066 [INFO] DIMTrainer -   Epoch [29/50] Step [30/625] Loss: 0.050176
2026-05-21 11:54:54,383 [INFO] DIMTrainer -   Epoch [29/50] Step [40/625] Loss: 0.055155
2026-05-21 11:54:55,730 [INFO] DIMTrainer -   Epoch [29/50] Step [50/625] Loss: 0.051241
2026-05-21 11:54:57,065 [INFO] DIMTrainer -   Epoch [29/50] Step [60/625] Loss: 0.054176
2026-05-21 11:54:58,322 [INFO] DIMTrainer -   Epoch [29/50] Step [70/625] Loss: 0.057179
2026-05-21 11:54:59,641 [INFO] DIMTrainer -   Epoch [29/50] Step [80/625] Loss: 0.058477
2026-05-21 11:55:00,935 [INFO] DIMTrainer -   Epoch [29/50] Step [90/625] Loss: 0.056628
2026-05-21 11:55:02,231 [INFO] DIMTrainer -   Epoch [29/50] Step [100/625] Loss: 0.055823
2026-05-21 11:55:03,504 [INFO] DIMTrainer -   Epoch [29/50] Step [110/625] Loss: 0.055177
2026-05-21 11:55:04,811 [INFO] DIMTrainer -   Epoch [29/50] Step [120/625] Loss: 0.056291
2026-05-21 11:55:06,111 [INFO] DIMTrainer -   Epoch [29/50] Step [130/625] Loss: 0.055638
2026-05-21 11:55:07,381 [INFO] DIMTrainer -   Epoch [29/50] Step [140/625] Loss: 0.055184
2026-05-21 11:55:08,682 [INFO] DIMTrainer -   Epoch [29/50] Step [150/625] Loss: 0.054895
2026-05-21 11:55:09,998 [INFO] DIMTrainer -   Epoch [29/50] Step [160/625] Loss: 0.055875
2026-05-21 11:55:11,359 [INFO] DIMTrainer -   Epoch [29/50] Step [170/625] Loss: 0.055474
2026-05-21 11:55:12,715 [INFO] DIMTrainer -   Epoch [29/50] Step [180/625] Loss: 0.054585
2026-05-21 11:55:14,039 [INFO] DIMTrainer -   Epoch [29/50] Step [190/625] Loss: 0.054196
2026-05-21 11:55:15,387 [INFO] DIMTrainer -   Epoch [29/50] Step [200/625] Loss: 0.055249
2026-05-21 11:55:16,704 [INFO] DIMTrainer -   Epoch [29/50] Step [210/625] Loss: 0.055153
2026-05-21 11:55:18,052 [INFO] DIMTrainer -   Epoch [29/50] Step [220/625] Loss: 0.055212
2026-05-21 11:55:19,394 [INFO] DIMTrainer -   Epoch [29/50] Step [230/625] Loss: 0.054414
2026-05-21 11:55:20,712 [INFO] DIMTrainer -   Epoch [29/50] Step [240/625] Loss: 0.054115
2026-05-21 11:55:22,065 [INFO] DIMTrainer -   Epoch [29/50] Step [250/625] Loss: 0.053652
2026-05-21 11:55:23,392 [INFO] DIMTrainer -   Epoch [29/50] Step [260/625] Loss: 0.053401
2026-05-21 11:55:24,805 [INFO] DIMTrainer -   Epoch [29/50] Step [270/625] Loss: 0.053170
2026-05-21 11:55:26,147 [INFO] DIMTrainer -   Epoch [29/50] Step [280/625] Loss: 0.053719
2026-05-21 11:55:27,414 [INFO] DIMTrainer -   Epoch [29/50] Step [290/625] Loss: 0.053317
2026-05-21 11:55:28,710 [INFO] DIMTrainer -   Epoch [29/50] Step [300/625] Loss: 0.052625
2026-05-21 11:55:30,020 [INFO] DIMTrainer -   Epoch [29/50] Step [310/625] Loss: 0.052609
2026-05-21 11:55:31,313 [INFO] DIMTrainer -   Epoch [29/50] Step [320/625] Loss: 0.052379
2026-05-21 11:55:32,597 [INFO] DIMTrainer -   Epoch [29/50] Step [330/625] Loss: 0.052947
2026-05-21 11:55:33,880 [INFO] DIMTrainer -   Epoch [29/50] Step [340/625] Loss: 0.053310
2026-05-21 11:55:35,172 [INFO] DIMTrainer -   Epoch [29/50] Step [350/625] Loss: 0.053159
2026-05-21 11:55:36,435 [INFO] DIMTrainer -   Epoch [29/50] Step [360/625] Loss: 0.053257
2026-05-21 11:55:37,732 [INFO] DIMTrainer -   Epoch [29/50] Step [370/625] Loss: 0.053465
2026-05-21 11:55:39,056 [INFO] DIMTrainer -   Epoch [29/50] Step [380/625] Loss: 0.054074
2026-05-21 11:55:40,403 [INFO] DIMTrainer -   Epoch [29/50] Step [390/625] Loss: 0.054282
2026-05-21 11:55:41,763 [INFO] DIMTrainer -   Epoch [29/50] Step [400/625] Loss: 0.055100
2026-05-21 11:55:43,091 [INFO] DIMTrainer -   Epoch [29/50] Step [410/625] Loss: 0.054848
2026-05-21 11:55:44,455 [INFO] DIMTrainer -   Epoch [29/50] Step [420/625] Loss: 0.055256
2026-05-21 11:55:45,791 [INFO] DIMTrainer -   Epoch [29/50] Step [430/625] Loss: 0.055307
2026-05-21 11:55:47,151 [INFO] DIMTrainer -   Epoch [29/50] Step [440/625] Loss: 0.055520
2026-05-21 11:55:48,523 [INFO] DIMTrainer -   Epoch [29/50] Step [450/625] Loss: 0.055389
2026-05-21 11:55:49,858 [INFO] DIMTrainer -   Epoch [29/50] Step [460/625] Loss: 0.055370
2026-05-21 11:55:51,228 [INFO] DIMTrainer -   Epoch [29/50] Step [470/625] Loss: 0.055203
2026-05-21 11:55:52,592 [INFO] DIMTrainer -   Epoch [29/50] Step [480/625] Loss: 0.055357
2026-05-21 11:55:53,949 [INFO] DIMTrainer -   Epoch [29/50] Step [490/625] Loss: 0.055729
2026-05-21 11:55:55,283 [INFO] DIMTrainer -   Epoch [29/50] Step [500/625] Loss: 0.055866
2026-05-21 11:55:56,556 [INFO] DIMTrainer -   Epoch [29/50] Step [510/625] Loss: 0.056084
2026-05-21 11:55:57,868 [INFO] DIMTrainer -   Epoch [29/50] Step [520/625] Loss: 0.055662
2026-05-21 11:55:59,146 [INFO] DIMTrainer -   Epoch [29/50] Step [530/625] Loss: 0.056165
2026-05-21 11:56:00,459 [INFO] DIMTrainer -   Epoch [29/50] Step [540/625] Loss: 0.055990
2026-05-21 11:56:01,759 [INFO] DIMTrainer -   Epoch [29/50] Step [550/625] Loss: 0.056269
2026-05-21 11:56:03,050 [INFO] DIMTrainer -   Epoch [29/50] Step [560/625] Loss: 0.056316
2026-05-21 11:56:04,399 [INFO] DIMTrainer -   Epoch [29/50] Step [570/625] Loss: 0.056306
2026-05-21 11:56:05,728 [INFO] DIMTrainer -   Epoch [29/50] Step [580/625] Loss: 0.056532
2026-05-21 11:56:07,088 [INFO] DIMTrainer -   Epoch [29/50] Step [590/625] Loss: 0.056571
2026-05-21 11:56:08,440 [INFO] DIMTrainer -   Epoch [29/50] Step [600/625] Loss: 0.056270
2026-05-21 11:56:10,089 [INFO] DIMTrainer -   Epoch [29/50] Step [610/625] Loss: 0.056208
2026-05-21 11:56:11,442 [INFO] DIMTrainer -   Epoch [29/50] Step [620/625] Loss: 0.056166
2026-05-21 11:56:25,912 [INFO] DIMTrainer - Epoch  29/50 | Loss=0.056189 | HR@5=0.8360 | MAP@5=0.6483 | NDCG@5=0.6953 | Time=96.8s
2026-05-21 11:56:25,939 [INFO] DIMTrainer -   [EarlyStopping] No improvement for 1/7 epochs (best NDCG@5=0.6959)
2026-05-21 11:56:27,271 [INFO] DIMTrainer -   Epoch [30/50] Step [10/625] Loss: 0.041421
2026-05-21 11:56:28,624 [INFO] DIMTrainer -   Epoch [30/50] Step [20/625] Loss: 0.063446
2026-05-21 11:56:30,011 [INFO] DIMTrainer -   Epoch [30/50] Step [30/625] Loss: 0.056312
2026-05-21 11:56:31,346 [INFO] DIMTrainer -   Epoch [30/50] Step [40/625] Loss: 0.056406
2026-05-21 11:56:32,698 [INFO] DIMTrainer -   Epoch [30/50] Step [50/625] Loss: 0.055966
2026-05-21 11:56:34,015 [INFO] DIMTrainer -   Epoch [30/50] Step [60/625] Loss: 0.056090
2026-05-21 11:56:35,371 [INFO] DIMTrainer -   Epoch [30/50] Step [70/625] Loss: 0.055062
2026-05-21 11:56:36,709 [INFO] DIMTrainer -   Epoch [30/50] Step [80/625] Loss: 0.055694
2026-05-21 11:56:38,034 [INFO] DIMTrainer -   Epoch [30/50] Step [90/625] Loss: 0.054248
2026-05-21 11:56:39,382 [INFO] DIMTrainer -   Epoch [30/50] Step [100/625] Loss: 0.052685
2026-05-21 11:56:40,698 [INFO] DIMTrainer -   Epoch [30/50] Step [110/625] Loss: 0.054473
2026-05-21 11:56:42,062 [INFO] DIMTrainer -   Epoch [30/50] Step [120/625] Loss: 0.054534
2026-05-21 11:56:43,402 [INFO] DIMTrainer -   Epoch [30/50] Step [130/625] Loss: 0.053102
2026-05-21 11:56:44,713 [INFO] DIMTrainer -   Epoch [30/50] Step [140/625] Loss: 0.054566
2026-05-21 11:56:46,031 [INFO] DIMTrainer -   Epoch [30/50] Step [150/625] Loss: 0.055713
2026-05-21 11:56:47,284 [INFO] DIMTrainer -   Epoch [30/50] Step [160/625] Loss: 0.055834
2026-05-21 11:56:48,575 [INFO] DIMTrainer -   Epoch [30/50] Step [170/625] Loss: 0.055827
2026-05-21 11:56:49,849 [INFO] DIMTrainer -   Epoch [30/50] Step [180/625] Loss: 0.054898
2026-05-21 11:56:51,145 [INFO] DIMTrainer -   Epoch [30/50] Step [190/625] Loss: 0.055579
2026-05-21 11:56:52,440 [INFO] DIMTrainer -   Epoch [30/50] Step [200/625] Loss: 0.055398
2026-05-21 11:56:53,690 [INFO] DIMTrainer -   Epoch [30/50] Step [210/625] Loss: 0.054911
2026-05-21 11:56:54,983 [INFO] DIMTrainer -   Epoch [30/50] Step [220/625] Loss: 0.053846
2026-05-21 11:56:56,246 [INFO] DIMTrainer -   Epoch [30/50] Step [230/625] Loss: 0.054049
2026-05-21 11:56:57,586 [INFO] DIMTrainer -   Epoch [30/50] Step [240/625] Loss: 0.053435
2026-05-21 11:56:58,939 [INFO] DIMTrainer -   Epoch [30/50] Step [250/625] Loss: 0.052873
2026-05-21 11:57:00,256 [INFO] DIMTrainer -   Epoch [30/50] Step [260/625] Loss: 0.052315
2026-05-21 11:57:01,603 [INFO] DIMTrainer -   Epoch [30/50] Step [270/625] Loss: 0.052141
2026-05-21 11:57:02,916 [INFO] DIMTrainer -   Epoch [30/50] Step [280/625] Loss: 0.052220
2026-05-21 11:57:04,267 [INFO] DIMTrainer -   Epoch [30/50] Step [290/625] Loss: 0.052103
2026-05-21 11:57:05,605 [INFO] DIMTrainer -   Epoch [30/50] Step [300/625] Loss: 0.051365
2026-05-21 11:57:06,937 [INFO] DIMTrainer -   Epoch [30/50] Step [310/625] Loss: 0.051201
2026-05-21 11:57:08,283 [INFO] DIMTrainer -   Epoch [30/50] Step [320/625] Loss: 0.051431
2026-05-21 11:57:09,591 [INFO] DIMTrainer -   Epoch [30/50] Step [330/625] Loss: 0.051965
2026-05-21 11:57:10,946 [INFO] DIMTrainer -   Epoch [30/50] Step [340/625] Loss: 0.051977
2026-05-21 11:57:12,287 [INFO] DIMTrainer -   Epoch [30/50] Step [350/625] Loss: 0.051683
2026-05-21 11:57:13,620 [INFO] DIMTrainer -   Epoch [30/50] Step [360/625] Loss: 0.052011
2026-05-21 11:57:14,995 [INFO] DIMTrainer -   Epoch [30/50] Step [370/625] Loss: 0.052453
2026-05-21 11:57:16,319 [INFO] DIMTrainer -   Epoch [30/50] Step [380/625] Loss: 0.052307
2026-05-21 11:57:17,627 [INFO] DIMTrainer -   Epoch [30/50] Step [390/625] Loss: 0.052794
2026-05-21 11:57:18,898 [INFO] DIMTrainer -   Epoch [30/50] Step [400/625] Loss: 0.053603
2026-05-21 11:57:20,163 [INFO] DIMTrainer -   Epoch [30/50] Step [410/625] Loss: 0.053673
2026-05-21 11:57:21,456 [INFO] DIMTrainer -   Epoch [30/50] Step [420/625] Loss: 0.053956
2026-05-21 11:57:22,717 [INFO] DIMTrainer -   Epoch [30/50] Step [430/625] Loss: 0.054356
2026-05-21 11:57:24,015 [INFO] DIMTrainer -   Epoch [30/50] Step [440/625] Loss: 0.054233
2026-05-21 11:57:25,358 [INFO] DIMTrainer -   Epoch [30/50] Step [450/625] Loss: 0.054283
2026-05-21 11:57:26,714 [INFO] DIMTrainer -   Epoch [30/50] Step [460/625] Loss: 0.054148
2026-05-21 11:57:28,077 [INFO] DIMTrainer -   Epoch [30/50] Step [470/625] Loss: 0.054135
2026-05-21 11:57:29,419 [INFO] DIMTrainer -   Epoch [30/50] Step [480/625] Loss: 0.054056
2026-05-21 11:57:30,784 [INFO] DIMTrainer -   Epoch [30/50] Step [490/625] Loss: 0.053937
2026-05-21 11:57:32,099 [INFO] DIMTrainer -   Epoch [30/50] Step [500/625] Loss: 0.053881
2026-05-21 11:57:33,447 [INFO] DIMTrainer -   Epoch [30/50] Step [510/625] Loss: 0.053956
2026-05-21 11:57:34,811 [INFO] DIMTrainer -   Epoch [30/50] Step [520/625] Loss: 0.053848
2026-05-21 11:57:36,140 [INFO] DIMTrainer -   Epoch [30/50] Step [530/625] Loss: 0.053476
2026-05-21 11:57:37,493 [INFO] DIMTrainer -   Epoch [30/50] Step [540/625] Loss: 0.053294
2026-05-21 11:57:38,841 [INFO] DIMTrainer -   Epoch [30/50] Step [550/625] Loss: 0.053132
2026-05-21 11:57:40,189 [INFO] DIMTrainer -   Epoch [30/50] Step [560/625] Loss: 0.053484
2026-05-21 11:57:41,559 [INFO] DIMTrainer -   Epoch [30/50] Step [570/625] Loss: 0.053209
2026-05-21 11:57:42,892 [INFO] DIMTrainer -   Epoch [30/50] Step [580/625] Loss: 0.053138
2026-05-21 11:57:44,250 [INFO] DIMTrainer -   Epoch [30/50] Step [590/625] Loss: 0.053103
2026-05-21 11:57:45,600 [INFO] DIMTrainer -   Epoch [30/50] Step [600/625] Loss: 0.053096
2026-05-21 11:57:46,894 [INFO] DIMTrainer -   Epoch [30/50] Step [610/625] Loss: 0.053051
2026-05-21 11:57:48,193 [INFO] DIMTrainer -   Epoch [30/50] Step [620/625] Loss: 0.053011
2026-05-21 11:58:02,509 [INFO] DIMTrainer - Epoch  30/50 | Loss=0.053139 | HR@5=0.8215 | MAP@5=0.6275 | NDCG@5=0.6760 | Time=96.6s
2026-05-21 11:58:02,540 [INFO] DIMTrainer -   [EarlyStopping] No improvement for 2/7 epochs (best NDCG@5=0.6959)
2026-05-21 11:58:03,944 [INFO] DIMTrainer -   Epoch [31/50] Step [10/625] Loss: 0.046992
2026-05-21 11:58:05,292 [INFO] DIMTrainer -   Epoch [31/50] Step [20/625] Loss: 0.044926
2026-05-21 11:58:06,620 [INFO] DIMTrainer -   Epoch [31/50] Step [30/625] Loss: 0.047272
2026-05-21 11:58:07,920 [INFO] DIMTrainer -   Epoch [31/50] Step [40/625] Loss: 0.049569
2026-05-21 11:58:09,191 [INFO] DIMTrainer -   Epoch [31/50] Step [50/625] Loss: 0.055879
2026-05-21 11:58:10,484 [INFO] DIMTrainer -   Epoch [31/50] Step [60/625] Loss: 0.057088
2026-05-21 11:58:11,762 [INFO] DIMTrainer -   Epoch [31/50] Step [70/625] Loss: 0.057366
2026-05-21 11:58:13,049 [INFO] DIMTrainer -   Epoch [31/50] Step [80/625] Loss: 0.057088
2026-05-21 11:58:14,322 [INFO] DIMTrainer -   Epoch [31/50] Step [90/625] Loss: 0.057514
2026-05-21 11:58:15,619 [INFO] DIMTrainer -   Epoch [31/50] Step [100/625] Loss: 0.056151
2026-05-21 11:58:16,932 [INFO] DIMTrainer -   Epoch [31/50] Step [110/625] Loss: 0.055823
2026-05-21 11:58:18,212 [INFO] DIMTrainer -   Epoch [31/50] Step [120/625] Loss: 0.054682
2026-05-21 11:58:19,582 [INFO] DIMTrainer -   Epoch [31/50] Step [130/625] Loss: 0.053844
2026-05-21 11:58:20,913 [INFO] DIMTrainer -   Epoch [31/50] Step [140/625] Loss: 0.052844
2026-05-21 11:58:22,288 [INFO] DIMTrainer -   Epoch [31/50] Step [150/625] Loss: 0.052534
2026-05-21 11:58:23,752 [INFO] DIMTrainer -   Epoch [31/50] Step [160/625] Loss: 0.053710
2026-05-21 11:58:25,132 [INFO] DIMTrainer -   Epoch [31/50] Step [170/625] Loss: 0.052694
2026-05-21 11:58:26,498 [INFO] DIMTrainer -   Epoch [31/50] Step [180/625] Loss: 0.052975
2026-05-21 11:58:27,844 [INFO] DIMTrainer -   Epoch [31/50] Step [190/625] Loss: 0.053894
2026-05-21 11:58:29,193 [INFO] DIMTrainer -   Epoch [31/50] Step [200/625] Loss: 0.053916
2026-05-21 11:58:30,603 [INFO] DIMTrainer -   Epoch [31/50] Step [210/625] Loss: 0.054160
2026-05-21 11:58:31,925 [INFO] DIMTrainer -   Epoch [31/50] Step [220/625] Loss: 0.054314
2026-05-21 11:58:33,275 [INFO] DIMTrainer -   Epoch [31/50] Step [230/625] Loss: 0.053961
2026-05-21 11:58:34,639 [INFO] DIMTrainer -   Epoch [31/50] Step [240/625] Loss: 0.053883
2026-05-21 11:58:35,949 [INFO] DIMTrainer -   Epoch [31/50] Step [250/625] Loss: 0.052735
2026-05-21 11:58:37,246 [INFO] DIMTrainer -   Epoch [31/50] Step [260/625] Loss: 0.052543
2026-05-21 11:58:38,529 [INFO] DIMTrainer -   Epoch [31/50] Step [270/625] Loss: 0.052634
2026-05-21 11:58:39,875 [INFO] DIMTrainer -   Epoch [31/50] Step [280/625] Loss: 0.052478
2026-05-21 11:58:41,225 [INFO] DIMTrainer -   Epoch [31/50] Step [290/625] Loss: 0.052985
2026-05-21 11:58:42,526 [INFO] DIMTrainer -   Epoch [31/50] Step [300/625] Loss: 0.052759
2026-05-21 11:58:43,842 [INFO] DIMTrainer -   Epoch [31/50] Step [310/625] Loss: 0.052384
2026-05-21 11:58:45,127 [INFO] DIMTrainer -   Epoch [31/50] Step [320/625] Loss: 0.052497
2026-05-21 11:58:46,435 [INFO] DIMTrainer -   Epoch [31/50] Step [330/625] Loss: 0.052338
2026-05-21 11:58:47,730 [INFO] DIMTrainer -   Epoch [31/50] Step [340/625] Loss: 0.051670
2026-05-21 11:58:49,095 [INFO] DIMTrainer -   Epoch [31/50] Step [350/625] Loss: 0.051152
2026-05-21 11:58:50,455 [INFO] DIMTrainer -   Epoch [31/50] Step [360/625] Loss: 0.050730
2026-05-21 11:58:51,785 [INFO] DIMTrainer -   Epoch [31/50] Step [370/625] Loss: 0.050673
2026-05-21 11:58:53,150 [INFO] DIMTrainer -   Epoch [31/50] Step [380/625] Loss: 0.051329
2026-05-21 11:58:54,484 [INFO] DIMTrainer -   Epoch [31/50] Step [390/625] Loss: 0.051892
2026-05-21 11:58:55,839 [INFO] DIMTrainer -   Epoch [31/50] Step [400/625] Loss: 0.051907
2026-05-21 11:58:57,192 [INFO] DIMTrainer -   Epoch [31/50] Step [410/625] Loss: 0.051454
2026-05-21 11:58:58,526 [INFO] DIMTrainer -   Epoch [31/50] Step [420/625] Loss: 0.051190
2026-05-21 11:58:59,891 [INFO] DIMTrainer -   Epoch [31/50] Step [430/625] Loss: 0.051530
2026-05-21 11:59:01,216 [INFO] DIMTrainer -   Epoch [31/50] Step [440/625] Loss: 0.050992
2026-05-21 11:59:02,636 [INFO] DIMTrainer -   Epoch [31/50] Step [450/625] Loss: 0.050845
2026-05-21 11:59:03,998 [INFO] DIMTrainer -   Epoch [31/50] Step [460/625] Loss: 0.050878
2026-05-21 11:59:05,291 [INFO] DIMTrainer -   Epoch [31/50] Step [470/625] Loss: 0.050748
2026-05-21 11:59:06,597 [INFO] DIMTrainer -   Epoch [31/50] Step [480/625] Loss: 0.050598
2026-05-21 11:59:07,874 [INFO] DIMTrainer -   Epoch [31/50] Step [490/625] Loss: 0.050581
2026-05-21 11:59:09,172 [INFO] DIMTrainer -   Epoch [31/50] Step [500/625] Loss: 0.050954
2026-05-21 11:59:10,463 [INFO] DIMTrainer -   Epoch [31/50] Step [510/625] Loss: 0.051339
2026-05-21 11:59:11,765 [INFO] DIMTrainer -   Epoch [31/50] Step [520/625] Loss: 0.051620
2026-05-21 11:59:13,143 [INFO] DIMTrainer -   Epoch [31/50] Step [530/625] Loss: 0.051337
2026-05-21 11:59:14,508 [INFO] DIMTrainer -   Epoch [31/50] Step [540/625] Loss: 0.051367
2026-05-21 11:59:15,865 [INFO] DIMTrainer -   Epoch [31/50] Step [550/625] Loss: 0.051538
2026-05-21 11:59:17,223 [INFO] DIMTrainer -   Epoch [31/50] Step [560/625] Loss: 0.051344
2026-05-21 11:59:18,534 [INFO] DIMTrainer -   Epoch [31/50] Step [570/625] Loss: 0.051616
2026-05-21 11:59:19,899 [INFO] DIMTrainer -   Epoch [31/50] Step [580/625] Loss: 0.051373
2026-05-21 11:59:21,213 [INFO] DIMTrainer -   Epoch [31/50] Step [590/625] Loss: 0.051381
2026-05-21 11:59:22,568 [INFO] DIMTrainer -   Epoch [31/50] Step [600/625] Loss: 0.051232
2026-05-21 11:59:23,938 [INFO] DIMTrainer -   Epoch [31/50] Step [610/625] Loss: 0.051120
2026-05-21 11:59:25,315 [INFO] DIMTrainer -   Epoch [31/50] Step [620/625] Loss: 0.051287
2026-05-21 11:59:39,595 [INFO] DIMTrainer - Epoch  31/50 | Loss=0.051216 | HR@5=0.8140 | MAP@5=0.6051 | NDCG@5=0.6574 | Time=97.1s
2026-05-21 11:59:39,622 [INFO] DIMTrainer -   [EarlyStopping] No improvement for 3/7 epochs (best NDCG@5=0.6959)
2026-05-21 11:59:40,979 [INFO] DIMTrainer -   Epoch [32/50] Step [10/625] Loss: 0.043572
2026-05-21 11:59:42,331 [INFO] DIMTrainer -   Epoch [32/50] Step [20/625] Loss: 0.039696
2026-05-21 11:59:43,650 [INFO] DIMTrainer -   Epoch [32/50] Step [30/625] Loss: 0.048984
2026-05-21 11:59:45,002 [INFO] DIMTrainer -   Epoch [32/50] Step [40/625] Loss: 0.052114
2026-05-21 11:59:46,314 [INFO] DIMTrainer -   Epoch [32/50] Step [50/625] Loss: 0.052244
2026-05-21 11:59:47,663 [INFO] DIMTrainer -   Epoch [32/50] Step [60/625] Loss: 0.053211
2026-05-21 11:59:49,021 [INFO] DIMTrainer -   Epoch [32/50] Step [70/625] Loss: 0.052251
2026-05-21 11:59:50,339 [INFO] DIMTrainer -   Epoch [32/50] Step [80/625] Loss: 0.053179
2026-05-21 11:59:51,681 [INFO] DIMTrainer -   Epoch [32/50] Step [90/625] Loss: 0.052905
2026-05-21 11:59:52,984 [INFO] DIMTrainer -   Epoch [32/50] Step [100/625] Loss: 0.052533
2026-05-21 11:59:54,296 [INFO] DIMTrainer -   Epoch [32/50] Step [110/625] Loss: 0.053615
2026-05-21 11:59:55,586 [INFO] DIMTrainer -   Epoch [32/50] Step [120/625] Loss: 0.053098
2026-05-21 11:59:56,869 [INFO] DIMTrainer -   Epoch [32/50] Step [130/625] Loss: 0.051615
2026-05-21 11:59:58,163 [INFO] DIMTrainer -   Epoch [32/50] Step [140/625] Loss: 0.051913
2026-05-21 11:59:59,433 [INFO] DIMTrainer -   Epoch [32/50] Step [150/625] Loss: 0.052369
2026-05-21 12:00:00,741 [INFO] DIMTrainer -   Epoch [32/50] Step [160/625] Loss: 0.052010
2026-05-21 12:00:02,013 [INFO] DIMTrainer -   Epoch [32/50] Step [170/625] Loss: 0.051868
2026-05-21 12:00:03,320 [INFO] DIMTrainer -   Epoch [32/50] Step [180/625] Loss: 0.051501
2026-05-21 12:00:04,617 [INFO] DIMTrainer -   Epoch [32/50] Step [190/625] Loss: 0.051040
2026-05-21 12:00:05,896 [INFO] DIMTrainer -   Epoch [32/50] Step [200/625] Loss: 0.051267
2026-05-21 12:00:07,246 [INFO] DIMTrainer -   Epoch [32/50] Step [210/625] Loss: 0.050616
2026-05-21 12:00:08,561 [INFO] DIMTrainer -   Epoch [32/50] Step [220/625] Loss: 0.050905
2026-05-21 12:00:09,915 [INFO] DIMTrainer -   Epoch [32/50] Step [230/625] Loss: 0.050353
2026-05-21 12:00:11,267 [INFO] DIMTrainer -   Epoch [32/50] Step [240/625] Loss: 0.050529
2026-05-21 12:00:12,597 [INFO] DIMTrainer -   Epoch [32/50] Step [250/625] Loss: 0.050224
2026-05-21 12:00:13,957 [INFO] DIMTrainer -   Epoch [32/50] Step [260/625] Loss: 0.050684
2026-05-21 12:00:15,280 [INFO] DIMTrainer -   Epoch [32/50] Step [270/625] Loss: 0.050478
2026-05-21 12:00:16,647 [INFO] DIMTrainer -   Epoch [32/50] Step [280/625] Loss: 0.050942
2026-05-21 12:00:18,014 [INFO] DIMTrainer -   Epoch [32/50] Step [290/625] Loss: 0.050431
2026-05-21 12:00:19,329 [INFO] DIMTrainer -   Epoch [32/50] Step [300/625] Loss: 0.050163
2026-05-21 12:00:20,682 [INFO] DIMTrainer -   Epoch [32/50] Step [310/625] Loss: 0.049737
2026-05-21 12:00:22,003 [INFO] DIMTrainer -   Epoch [32/50] Step [320/625] Loss: 0.049927
2026-05-21 12:00:23,366 [INFO] DIMTrainer -   Epoch [32/50] Step [330/625] Loss: 0.049874
2026-05-21 12:00:24,790 [INFO] DIMTrainer -   Epoch [32/50] Step [340/625] Loss: 0.049695
2026-05-21 12:00:26,133 [INFO] DIMTrainer -   Epoch [32/50] Step [350/625] Loss: 0.050095
2026-05-21 12:00:27,483 [INFO] DIMTrainer -   Epoch [32/50] Step [360/625] Loss: 0.050327
2026-05-21 12:00:28,767 [INFO] DIMTrainer -   Epoch [32/50] Step [370/625] Loss: 0.050095
2026-05-21 12:00:30,130 [INFO] DIMTrainer -   Epoch [32/50] Step [380/625] Loss: 0.049555
2026-05-21 12:00:31,425 [INFO] DIMTrainer -   Epoch [32/50] Step [390/625] Loss: 0.049628
2026-05-21 12:00:32,693 [INFO] DIMTrainer -   Epoch [32/50] Step [400/625] Loss: 0.049821
2026-05-21 12:00:33,998 [INFO] DIMTrainer -   Epoch [32/50] Step [410/625] Loss: 0.049679
2026-05-21 12:00:35,292 [INFO] DIMTrainer -   Epoch [32/50] Step [420/625] Loss: 0.049475
2026-05-21 12:00:36,649 [INFO] DIMTrainer -   Epoch [32/50] Step [430/625] Loss: 0.049239
2026-05-21 12:00:38,008 [INFO] DIMTrainer -   Epoch [32/50] Step [440/625] Loss: 0.049527
2026-05-21 12:00:39,336 [INFO] DIMTrainer -   Epoch [32/50] Step [450/625] Loss: 0.049347
2026-05-21 12:00:40,702 [INFO] DIMTrainer -   Epoch [32/50] Step [460/625] Loss: 0.049040
2026-05-21 12:00:42,039 [INFO] DIMTrainer -   Epoch [32/50] Step [470/625] Loss: 0.048813
2026-05-21 12:00:43,390 [INFO] DIMTrainer -   Epoch [32/50] Step [480/625] Loss: 0.048950
2026-05-21 12:00:44,707 [INFO] DIMTrainer -   Epoch [32/50] Step [490/625] Loss: 0.048727
2026-05-21 12:00:46,105 [INFO] DIMTrainer -   Epoch [32/50] Step [500/625] Loss: 0.048494
2026-05-21 12:00:47,559 [INFO] DIMTrainer -   Epoch [32/50] Step [510/625] Loss: 0.048484
2026-05-21 12:00:48,906 [INFO] DIMTrainer -   Epoch [32/50] Step [520/625] Loss: 0.048622
2026-05-21 12:00:50,282 [INFO] DIMTrainer -   Epoch [32/50] Step [530/625] Loss: 0.048424
2026-05-21 12:00:51,606 [INFO] DIMTrainer -   Epoch [32/50] Step [540/625] Loss: 0.048376
2026-05-21 12:00:52,988 [INFO] DIMTrainer -   Epoch [32/50] Step [550/625] Loss: 0.048427
2026-05-21 12:00:54,363 [INFO] DIMTrainer -   Epoch [32/50] Step [560/625] Loss: 0.048030
2026-05-21 12:00:55,741 [INFO] DIMTrainer -   Epoch [32/50] Step [570/625] Loss: 0.047902
2026-05-21 12:00:57,076 [INFO] DIMTrainer -   Epoch [32/50] Step [580/625] Loss: 0.047631
2026-05-21 12:00:58,406 [INFO] DIMTrainer -   Epoch [32/50] Step [590/625] Loss: 0.047834
2026-05-21 12:00:59,704 [INFO] DIMTrainer -   Epoch [32/50] Step [600/625] Loss: 0.047893
2026-05-21 12:01:01,016 [INFO] DIMTrainer -   Epoch [32/50] Step [610/625] Loss: 0.048047
2026-05-21 12:01:02,306 [INFO] DIMTrainer -   Epoch [32/50] Step [620/625] Loss: 0.048256
2026-05-21 12:01:16,670 [INFO] DIMTrainer - Epoch  32/50 | Loss=0.048379 | HR@5=0.7880 | MAP@5=0.6084 | NDCG@5=0.6534 | Time=97.0s
2026-05-21 12:01:16,698 [INFO] DIMTrainer -   [EarlyStopping] No improvement for 4/7 epochs (best NDCG@5=0.6959)
2026-05-21 12:01:18,000 [INFO] DIMTrainer -   Epoch [33/50] Step [10/625] Loss: 0.059070
2026-05-21 12:01:19,304 [INFO] DIMTrainer -   Epoch [33/50] Step [20/625] Loss: 0.056188
2026-05-21 12:01:20,569 [INFO] DIMTrainer -   Epoch [33/50] Step [30/625] Loss: 0.055224
2026-05-21 12:01:21,879 [INFO] DIMTrainer -   Epoch [33/50] Step [40/625] Loss: 0.053691
2026-05-21 12:01:23,166 [INFO] DIMTrainer -   Epoch [33/50] Step [50/625] Loss: 0.051729
2026-05-21 12:01:24,463 [INFO] DIMTrainer -   Epoch [33/50] Step [60/625] Loss: 0.051358
2026-05-21 12:01:25,798 [INFO] DIMTrainer -   Epoch [33/50] Step [70/625] Loss: 0.050184
2026-05-21 12:01:27,064 [INFO] DIMTrainer -   Epoch [33/50] Step [80/625] Loss: 0.051388
2026-05-21 12:01:28,374 [INFO] DIMTrainer -   Epoch [33/50] Step [90/625] Loss: 0.052442
2026-05-21 12:01:29,743 [INFO] DIMTrainer -   Epoch [33/50] Step [100/625] Loss: 0.051630
2026-05-21 12:01:31,074 [INFO] DIMTrainer -   Epoch [33/50] Step [110/625] Loss: 0.051584
2026-05-21 12:01:32,429 [INFO] DIMTrainer -   Epoch [33/50] Step [120/625] Loss: 0.051034
2026-05-21 12:01:33,768 [INFO] DIMTrainer -   Epoch [33/50] Step [130/625] Loss: 0.051794
2026-05-21 12:01:35,142 [INFO] DIMTrainer -   Epoch [33/50] Step [140/625] Loss: 0.051132
2026-05-21 12:01:36,503 [INFO] DIMTrainer -   Epoch [33/50] Step [150/625] Loss: 0.050445
2026-05-21 12:01:37,826 [INFO] DIMTrainer -   Epoch [33/50] Step [160/625] Loss: 0.051402
2026-05-21 12:01:39,194 [INFO] DIMTrainer -   Epoch [33/50] Step [170/625] Loss: 0.051690
2026-05-21 12:01:40,512 [INFO] DIMTrainer -   Epoch [33/50] Step [180/625] Loss: 0.051833
2026-05-21 12:01:41,869 [INFO] DIMTrainer -   Epoch [33/50] Step [190/625] Loss: 0.052387
2026-05-21 12:01:43,224 [INFO] DIMTrainer -   Epoch [33/50] Step [200/625] Loss: 0.052291
2026-05-21 12:01:44,543 [INFO] DIMTrainer -   Epoch [33/50] Step [210/625] Loss: 0.051747
2026-05-21 12:01:45,846 [INFO] DIMTrainer -   Epoch [33/50] Step [220/625] Loss: 0.051621
2026-05-21 12:01:47,129 [INFO] DIMTrainer -   Epoch [33/50] Step [230/625] Loss: 0.051607
2026-05-21 12:01:48,436 [INFO] DIMTrainer -   Epoch [33/50] Step [240/625] Loss: 0.051492
2026-05-21 12:01:49,766 [INFO] DIMTrainer -   Epoch [33/50] Step [250/625] Loss: 0.051108
2026-05-21 12:01:51,060 [INFO] DIMTrainer -   Epoch [33/50] Step [260/625] Loss: 0.050604
2026-05-21 12:01:52,370 [INFO] DIMTrainer -   Epoch [33/50] Step [270/625] Loss: 0.050507
2026-05-21 12:01:53,648 [INFO] DIMTrainer -   Epoch [33/50] Step [280/625] Loss: 0.050687
2026-05-21 12:01:55,000 [INFO] DIMTrainer -   Epoch [33/50] Step [290/625] Loss: 0.050978
2026-05-21 12:01:56,271 [INFO] DIMTrainer -   Epoch [33/50] Step [300/625] Loss: 0.050898
2026-05-21 12:01:57,586 [INFO] DIMTrainer -   Epoch [33/50] Step [310/625] Loss: 0.050904
2026-05-21 12:01:58,955 [INFO] DIMTrainer -   Epoch [33/50] Step [320/625] Loss: 0.050488
2026-05-21 12:02:00,292 [INFO] DIMTrainer -   Epoch [33/50] Step [330/625] Loss: 0.049963
2026-05-21 12:02:01,652 [INFO] DIMTrainer -   Epoch [33/50] Step [340/625] Loss: 0.049783
2026-05-21 12:02:02,988 [INFO] DIMTrainer -   Epoch [33/50] Step [350/625] Loss: 0.049615
2026-05-21 12:02:04,346 [INFO] DIMTrainer -   Epoch [33/50] Step [360/625] Loss: 0.050205
2026-05-21 12:02:05,702 [INFO] DIMTrainer -   Epoch [33/50] Step [370/625] Loss: 0.050079
2026-05-21 12:02:07,030 [INFO] DIMTrainer -   Epoch [33/50] Step [380/625] Loss: 0.050664
2026-05-21 12:02:08,386 [INFO] DIMTrainer -   Epoch [33/50] Step [390/625] Loss: 0.050404
2026-05-21 12:02:09,719 [INFO] DIMTrainer -   Epoch [33/50] Step [400/625] Loss: 0.050121
2026-05-21 12:02:11,068 [INFO] DIMTrainer -   Epoch [33/50] Step [410/625] Loss: 0.049675
2026-05-21 12:02:12,428 [INFO] DIMTrainer -   Epoch [33/50] Step [420/625] Loss: 0.049364
2026-05-21 12:02:13,745 [INFO] DIMTrainer -   Epoch [33/50] Step [430/625] Loss: 0.049016
2026-05-21 12:02:15,064 [INFO] DIMTrainer -   Epoch [33/50] Step [440/625] Loss: 0.048697
2026-05-21 12:02:16,334 [INFO] DIMTrainer -   Epoch [33/50] Step [450/625] Loss: 0.048792
2026-05-21 12:02:17,621 [INFO] DIMTrainer -   Epoch [33/50] Step [460/625] Loss: 0.048613
2026-05-21 12:02:18,917 [INFO] DIMTrainer -   Epoch [33/50] Step [470/625] Loss: 0.048544
2026-05-21 12:02:20,181 [INFO] DIMTrainer -   Epoch [33/50] Step [480/625] Loss: 0.048309
2026-05-21 12:02:21,495 [INFO] DIMTrainer -   Epoch [33/50] Step [490/625] Loss: 0.048680
2026-05-21 12:02:22,834 [INFO] DIMTrainer -   Epoch [33/50] Step [500/625] Loss: 0.048544
2026-05-21 12:02:24,194 [INFO] DIMTrainer -   Epoch [33/50] Step [510/625] Loss: 0.048225
2026-05-21 12:02:25,611 [INFO] DIMTrainer -   Epoch [33/50] Step [520/625] Loss: 0.048385
2026-05-21 12:02:26,946 [INFO] DIMTrainer -   Epoch [33/50] Step [530/625] Loss: 0.048146
2026-05-21 12:02:28,300 [INFO] DIMTrainer -   Epoch [33/50] Step [540/625] Loss: 0.048175
2026-05-21 12:02:29,657 [INFO] DIMTrainer -   Epoch [33/50] Step [550/625] Loss: 0.047869
2026-05-21 12:02:31,014 [INFO] DIMTrainer -   Epoch [33/50] Step [560/625] Loss: 0.047596
2026-05-21 12:02:32,354 [INFO] DIMTrainer -   Epoch [33/50] Step [570/625] Loss: 0.047514
2026-05-21 12:02:33,686 [INFO] DIMTrainer -   Epoch [33/50] Step [580/625] Loss: 0.047845
2026-05-21 12:02:35,052 [INFO] DIMTrainer -   Epoch [33/50] Step [590/625] Loss: 0.048102
2026-05-21 12:02:36,373 [INFO] DIMTrainer -   Epoch [33/50] Step [600/625] Loss: 0.048083
2026-05-21 12:02:37,723 [INFO] DIMTrainer -   Epoch [33/50] Step [610/625] Loss: 0.048211
2026-05-21 12:02:39,100 [INFO] DIMTrainer -   Epoch [33/50] Step [620/625] Loss: 0.048211
2026-05-21 12:02:53,584 [INFO] DIMTrainer - Epoch  33/50 | Loss=0.048394 | HR@5=0.8040 | MAP@5=0.6314 | NDCG@5=0.6749 | Time=96.9s
2026-05-21 12:02:53,614 [INFO] DIMTrainer -   [EarlyStopping] No improvement for 5/7 epochs (best NDCG@5=0.6959)
2026-05-21 12:02:54,986 [INFO] DIMTrainer -   Epoch [34/50] Step [10/625] Loss: 0.052640
2026-05-21 12:02:56,369 [INFO] DIMTrainer -   Epoch [34/50] Step [20/625] Loss: 0.048943
2026-05-21 12:02:57,756 [INFO] DIMTrainer -   Epoch [34/50] Step [30/625] Loss: 0.049673
2026-05-21 12:02:59,135 [INFO] DIMTrainer -   Epoch [34/50] Step [40/625] Loss: 0.045626
2026-05-21 12:03:00,454 [INFO] DIMTrainer -   Epoch [34/50] Step [50/625] Loss: 0.044661
2026-05-21 12:03:01,819 [INFO] DIMTrainer -   Epoch [34/50] Step [60/625] Loss: 0.042955
2026-05-21 12:03:03,156 [INFO] DIMTrainer -   Epoch [34/50] Step [70/625] Loss: 0.044681
2026-05-21 12:03:04,558 [INFO] DIMTrainer -   Epoch [34/50] Step [80/625] Loss: 0.043197
2026-05-21 12:03:05,877 [INFO] DIMTrainer -   Epoch [34/50] Step [90/625] Loss: 0.042241
2026-05-21 12:03:07,155 [INFO] DIMTrainer -   Epoch [34/50] Step [100/625] Loss: 0.042599
2026-05-21 12:03:08,462 [INFO] DIMTrainer -   Epoch [34/50] Step [110/625] Loss: 0.043006
2026-05-21 12:03:09,869 [INFO] DIMTrainer -   Epoch [34/50] Step [120/625] Loss: 0.043931
2026-05-21 12:03:11,154 [INFO] DIMTrainer -   Epoch [34/50] Step [130/625] Loss: 0.044409
2026-05-21 12:03:12,454 [INFO] DIMTrainer -   Epoch [34/50] Step [140/625] Loss: 0.044550
2026-05-21 12:03:13,716 [INFO] DIMTrainer -   Epoch [34/50] Step [150/625] Loss: 0.045190
2026-05-21 12:03:15,025 [INFO] DIMTrainer -   Epoch [34/50] Step [160/625] Loss: 0.045286
2026-05-21 12:03:16,328 [INFO] DIMTrainer -   Epoch [34/50] Step [170/625] Loss: 0.044859
2026-05-21 12:03:17,692 [INFO] DIMTrainer -   Epoch [34/50] Step [180/625] Loss: 0.044137
2026-05-21 12:03:19,034 [INFO] DIMTrainer -   Epoch [34/50] Step [190/625] Loss: 0.044376
2026-05-21 12:03:20,371 [INFO] DIMTrainer -   Epoch [34/50] Step [200/625] Loss: 0.043722
2026-05-21 12:03:21,758 [INFO] DIMTrainer -   Epoch [34/50] Step [210/625] Loss: 0.044317
2026-05-21 12:03:23,063 [INFO] DIMTrainer -   Epoch [34/50] Step [220/625] Loss: 0.043832
2026-05-21 12:03:24,449 [INFO] DIMTrainer -   Epoch [34/50] Step [230/625] Loss: 0.043548
2026-05-21 12:03:25,835 [INFO] DIMTrainer -   Epoch [34/50] Step [240/625] Loss: 0.043013
2026-05-21 12:03:27,155 [INFO] DIMTrainer -   Epoch [34/50] Step [250/625] Loss: 0.043472
2026-05-21 12:03:28,507 [INFO] DIMTrainer -   Epoch [34/50] Step [260/625] Loss: 0.043141
2026-05-21 12:03:29,870 [INFO] DIMTrainer -   Epoch [34/50] Step [270/625] Loss: 0.042719
2026-05-21 12:03:31,199 [INFO] DIMTrainer -   Epoch [34/50] Step [280/625] Loss: 0.042969
2026-05-21 12:03:32,548 [INFO] DIMTrainer -   Epoch [34/50] Step [290/625] Loss: 0.042917
2026-05-21 12:03:33,860 [INFO] DIMTrainer -   Epoch [34/50] Step [300/625] Loss: 0.042732
2026-05-21 12:03:35,280 [INFO] DIMTrainer -   Epoch [34/50] Step [310/625] Loss: 0.042396
2026-05-21 12:03:36,670 [INFO] DIMTrainer -   Epoch [34/50] Step [320/625] Loss: 0.043086
2026-05-21 12:03:37,961 [INFO] DIMTrainer -   Epoch [34/50] Step [330/625] Loss: 0.043320
2026-05-21 12:03:39,258 [INFO] DIMTrainer -   Epoch [34/50] Step [340/625] Loss: 0.043112
2026-05-21 12:03:40,516 [INFO] DIMTrainer -   Epoch [34/50] Step [350/625] Loss: 0.043739
2026-05-21 12:03:41,816 [INFO] DIMTrainer -   Epoch [34/50] Step [360/625] Loss: 0.043926
2026-05-21 12:03:43,080 [INFO] DIMTrainer -   Epoch [34/50] Step [370/625] Loss: 0.043793
2026-05-21 12:03:44,403 [INFO] DIMTrainer -   Epoch [34/50] Step [380/625] Loss: 0.043721
2026-05-21 12:03:45,728 [INFO] DIMTrainer -   Epoch [34/50] Step [390/625] Loss: 0.043806
2026-05-21 12:03:47,055 [INFO] DIMTrainer -   Epoch [34/50] Step [400/625] Loss: 0.044456
2026-05-21 12:03:48,405 [INFO] DIMTrainer -   Epoch [34/50] Step [410/625] Loss: 0.044229
2026-05-21 12:03:49,725 [INFO] DIMTrainer -   Epoch [34/50] Step [420/625] Loss: 0.044311
2026-05-21 12:03:51,069 [INFO] DIMTrainer -   Epoch [34/50] Step [430/625] Loss: 0.044382
2026-05-21 12:03:52,406 [INFO] DIMTrainer -   Epoch [34/50] Step [440/625] Loss: 0.044362
2026-05-21 12:03:53,729 [INFO] DIMTrainer -   Epoch [34/50] Step [450/625] Loss: 0.044321
2026-05-21 12:03:55,091 [INFO] DIMTrainer -   Epoch [34/50] Step [460/625] Loss: 0.044274
2026-05-21 12:03:56,413 [INFO] DIMTrainer -   Epoch [34/50] Step [470/625] Loss: 0.044284
2026-05-21 12:03:57,779 [INFO] DIMTrainer -   Epoch [34/50] Step [480/625] Loss: 0.044258
2026-05-21 12:03:59,138 [INFO] DIMTrainer -   Epoch [34/50] Step [490/625] Loss: 0.044259
2026-05-21 12:04:00,461 [INFO] DIMTrainer -   Epoch [34/50] Step [500/625] Loss: 0.043996
2026-05-21 12:04:01,823 [INFO] DIMTrainer -   Epoch [34/50] Step [510/625] Loss: 0.044046
2026-05-21 12:04:03,149 [INFO] DIMTrainer -   Epoch [34/50] Step [520/625] Loss: 0.044059
2026-05-21 12:04:04,511 [INFO] DIMTrainer -   Epoch [34/50] Step [530/625] Loss: 0.043873
2026-05-21 12:04:05,869 [INFO] DIMTrainer -   Epoch [34/50] Step [540/625] Loss: 0.043748
2026-05-21 12:04:07,134 [INFO] DIMTrainer -   Epoch [34/50] Step [550/625] Loss: 0.044124
2026-05-21 12:04:08,426 [INFO] DIMTrainer -   Epoch [34/50] Step [560/625] Loss: 0.044057
2026-05-21 12:04:09,688 [INFO] DIMTrainer -   Epoch [34/50] Step [570/625] Loss: 0.044099
2026-05-21 12:04:10,992 [INFO] DIMTrainer -   Epoch [34/50] Step [580/625] Loss: 0.043940
2026-05-21 12:04:12,315 [INFO] DIMTrainer -   Epoch [34/50] Step [590/625] Loss: 0.044002
2026-05-21 12:04:13,620 [INFO] DIMTrainer -   Epoch [34/50] Step [600/625] Loss: 0.043778
2026-05-21 12:04:14,961 [INFO] DIMTrainer -   Epoch [34/50] Step [610/625] Loss: 0.043787
2026-05-21 12:04:16,297 [INFO] DIMTrainer -   Epoch [34/50] Step [620/625] Loss: 0.043791
2026-05-21 12:04:30,851 [INFO] DIMTrainer - Epoch  34/50 | Loss=0.043735 | HR@5=0.8085 | MAP@5=0.6230 | NDCG@5=0.6695 | Time=97.2s
2026-05-21 12:04:30,880 [INFO] DIMTrainer -   [EarlyStopping] No improvement for 6/7 epochs (best NDCG@5=0.6959)
2026-05-21 12:04:32,203 [INFO] DIMTrainer -   Epoch [35/50] Step [10/625] Loss: 0.046426
2026-05-21 12:04:33,512 [INFO] DIMTrainer -   Epoch [35/50] Step [20/625] Loss: 0.040762
2026-05-21 12:04:34,812 [INFO] DIMTrainer -   Epoch [35/50] Step [30/625] Loss: 0.041604
2026-05-21 12:04:36,083 [INFO] DIMTrainer -   Epoch [35/50] Step [40/625] Loss: 0.041296
2026-05-21 12:04:37,403 [INFO] DIMTrainer -   Epoch [35/50] Step [50/625] Loss: 0.039706
2026-05-21 12:04:38,678 [INFO] DIMTrainer -   Epoch [35/50] Step [60/625] Loss: 0.040784
2026-05-21 12:04:40,045 [INFO] DIMTrainer -   Epoch [35/50] Step [70/625] Loss: 0.039938
2026-05-21 12:04:41,405 [INFO] DIMTrainer -   Epoch [35/50] Step [80/625] Loss: 0.040956
2026-05-21 12:04:42,760 [INFO] DIMTrainer -   Epoch [35/50] Step [90/625] Loss: 0.041990
2026-05-21 12:04:44,148 [INFO] DIMTrainer -   Epoch [35/50] Step [100/625] Loss: 0.040840
2026-05-21 12:04:45,509 [INFO] DIMTrainer -   Epoch [35/50] Step [110/625] Loss: 0.040769
2026-05-21 12:04:46,897 [INFO] DIMTrainer -   Epoch [35/50] Step [120/625] Loss: 0.043109
2026-05-21 12:04:48,319 [INFO] DIMTrainer -   Epoch [35/50] Step [130/625] Loss: 0.044217
2026-05-21 12:04:49,685 [INFO] DIMTrainer -   Epoch [35/50] Step [140/625] Loss: 0.046332
2026-05-21 12:04:51,057 [INFO] DIMTrainer -   Epoch [35/50] Step [150/625] Loss: 0.045495
2026-05-21 12:04:52,420 [INFO] DIMTrainer -   Epoch [35/50] Step [160/625] Loss: 0.045953
2026-05-21 12:04:53,757 [INFO] DIMTrainer -   Epoch [35/50] Step [170/625] Loss: 0.044945
2026-05-21 12:04:55,112 [INFO] DIMTrainer -   Epoch [35/50] Step [180/625] Loss: 0.044250
2026-05-21 12:04:56,388 [INFO] DIMTrainer -   Epoch [35/50] Step [190/625] Loss: 0.044188
2026-05-21 12:04:57,682 [INFO] DIMTrainer -   Epoch [35/50] Step [200/625] Loss: 0.044026
2026-05-21 12:04:58,942 [INFO] DIMTrainer -   Epoch [35/50] Step [210/625] Loss: 0.043865
2026-05-21 12:05:00,242 [INFO] DIMTrainer -   Epoch [35/50] Step [220/625] Loss: 0.043773
2026-05-21 12:05:01,547 [INFO] DIMTrainer -   Epoch [35/50] Step [230/625] Loss: 0.043151
2026-05-21 12:05:02,820 [INFO] DIMTrainer -   Epoch [35/50] Step [240/625] Loss: 0.043080
2026-05-21 12:05:04,128 [INFO] DIMTrainer -   Epoch [35/50] Step [250/625] Loss: 0.043154
2026-05-21 12:05:05,411 [INFO] DIMTrainer -   Epoch [35/50] Step [260/625] Loss: 0.043522
2026-05-21 12:05:06,725 [INFO] DIMTrainer -   Epoch [35/50] Step [270/625] Loss: 0.044245
2026-05-21 12:05:08,044 [INFO] DIMTrainer -   Epoch [35/50] Step [280/625] Loss: 0.045212
2026-05-21 12:05:09,371 [INFO] DIMTrainer -   Epoch [35/50] Step [290/625] Loss: 0.046128
2026-05-21 12:05:10,716 [INFO] DIMTrainer -   Epoch [35/50] Step [300/625] Loss: 0.045812
2026-05-21 12:05:12,033 [INFO] DIMTrainer -   Epoch [35/50] Step [310/625] Loss: 0.045468
2026-05-21 12:05:13,389 [INFO] DIMTrainer -   Epoch [35/50] Step [320/625] Loss: 0.046259
2026-05-21 12:05:14,736 [INFO] DIMTrainer -   Epoch [35/50] Step [330/625] Loss: 0.045876
2026-05-21 12:05:16,066 [INFO] DIMTrainer -   Epoch [35/50] Step [340/625] Loss: 0.045333
2026-05-21 12:05:17,415 [INFO] DIMTrainer -   Epoch [35/50] Step [350/625] Loss: 0.044650
2026-05-21 12:05:18,740 [INFO] DIMTrainer -   Epoch [35/50] Step [360/625] Loss: 0.044366
2026-05-21 12:05:20,072 [INFO] DIMTrainer -   Epoch [35/50] Step [370/625] Loss: 0.044079
2026-05-21 12:05:21,399 [INFO] DIMTrainer -   Epoch [35/50] Step [380/625] Loss: 0.044243
2026-05-21 12:05:22,726 [INFO] DIMTrainer -   Epoch [35/50] Step [390/625] Loss: 0.043916
2026-05-21 12:05:24,092 [INFO] DIMTrainer -   Epoch [35/50] Step [400/625] Loss: 0.043585
2026-05-21 12:05:25,407 [INFO] DIMTrainer -   Epoch [35/50] Step [410/625] Loss: 0.043783
2026-05-21 12:05:26,713 [INFO] DIMTrainer -   Epoch [35/50] Step [420/625] Loss: 0.043493
2026-05-21 12:05:27,999 [INFO] DIMTrainer -   Epoch [35/50] Step [430/625] Loss: 0.043470
2026-05-21 12:05:29,275 [INFO] DIMTrainer -   Epoch [35/50] Step [440/625] Loss: 0.043827
2026-05-21 12:05:30,615 [INFO] DIMTrainer -   Epoch [35/50] Step [450/625] Loss: 0.044107
2026-05-21 12:05:31,902 [INFO] DIMTrainer -   Epoch [35/50] Step [460/625] Loss: 0.044441
2026-05-21 12:05:33,252 [INFO] DIMTrainer -   Epoch [35/50] Step [470/625] Loss: 0.044333
2026-05-21 12:05:34,593 [INFO] DIMTrainer -   Epoch [35/50] Step [480/625] Loss: 0.044178
2026-05-21 12:05:35,948 [INFO] DIMTrainer -   Epoch [35/50] Step [490/625] Loss: 0.044218
2026-05-21 12:05:37,304 [INFO] DIMTrainer -   Epoch [35/50] Step [500/625] Loss: 0.044351
2026-05-21 12:05:38,638 [INFO] DIMTrainer -   Epoch [35/50] Step [510/625] Loss: 0.044255
2026-05-21 12:05:40,002 [INFO] DIMTrainer -   Epoch [35/50] Step [520/625] Loss: 0.044205
2026-05-21 12:05:41,359 [INFO] DIMTrainer -   Epoch [35/50] Step [530/625] Loss: 0.043912
2026-05-21 12:05:42,706 [INFO] DIMTrainer -   Epoch [35/50] Step [540/625] Loss: 0.043751
2026-05-21 12:05:44,073 [INFO] DIMTrainer -   Epoch [35/50] Step [550/625] Loss: 0.043582
2026-05-21 12:05:45,407 [INFO] DIMTrainer -   Epoch [35/50] Step [560/625] Loss: 0.043733
2026-05-21 12:05:46,767 [INFO] DIMTrainer -   Epoch [35/50] Step [570/625] Loss: 0.044021
2026-05-21 12:05:48,135 [INFO] DIMTrainer -   Epoch [35/50] Step [580/625] Loss: 0.044709
2026-05-21 12:05:49,463 [INFO] DIMTrainer -   Epoch [35/50] Step [590/625] Loss: 0.044814
2026-05-21 12:05:50,824 [INFO] DIMTrainer -   Epoch [35/50] Step [600/625] Loss: 0.044859
2026-05-21 12:05:52,146 [INFO] DIMTrainer -   Epoch [35/50] Step [610/625] Loss: 0.044838
2026-05-21 12:05:53,523 [INFO] DIMTrainer -   Epoch [35/50] Step [620/625] Loss: 0.044850
2026-05-21 12:06:07,965 [INFO] DIMTrainer - Epoch  35/50 | Loss=0.045030 | HR@5=0.8575 | MAP@5=0.6754 | NDCG@5=0.7206 | Time=97.1s
2026-05-21 12:06:09,401 [INFO] DIMTrainer -   Epoch [36/50] Step [10/625] Loss: 0.043070
2026-05-21 12:06:10,775 [INFO] DIMTrainer -   Epoch [36/50] Step [20/625] Loss: 0.041396
2026-05-21 12:06:12,106 [INFO] DIMTrainer -   Epoch [36/50] Step [30/625] Loss: 0.041778
2026-05-21 12:06:13,475 [INFO] DIMTrainer -   Epoch [36/50] Step [40/625] Loss: 0.040160
2026-05-21 12:06:14,789 [INFO] DIMTrainer -   Epoch [36/50] Step [50/625] Loss: 0.040843
2026-05-21 12:06:16,062 [INFO] DIMTrainer -   Epoch [36/50] Step [60/625] Loss: 0.043726
2026-05-21 12:06:17,376 [INFO] DIMTrainer -   Epoch [36/50] Step [70/625] Loss: 0.043533
2026-05-21 12:06:18,644 [INFO] DIMTrainer -   Epoch [36/50] Step [80/625] Loss: 0.042869
2026-05-21 12:06:19,953 [INFO] DIMTrainer -   Epoch [36/50] Step [90/625] Loss: 0.043271
2026-05-21 12:06:21,231 [INFO] DIMTrainer -   Epoch [36/50] Step [100/625] Loss: 0.043597
2026-05-21 12:06:22,533 [INFO] DIMTrainer -   Epoch [36/50] Step [110/625] Loss: 0.045127
2026-05-21 12:06:23,845 [INFO] DIMTrainer -   Epoch [36/50] Step [120/625] Loss: 0.045612
2026-05-21 12:06:25,179 [INFO] DIMTrainer -   Epoch [36/50] Step [130/625] Loss: 0.046825
2026-05-21 12:06:26,503 [INFO] DIMTrainer -   Epoch [36/50] Step [140/625] Loss: 0.047066
2026-05-21 12:06:27,833 [INFO] DIMTrainer -   Epoch [36/50] Step [150/625] Loss: 0.046567
2026-05-21 12:06:29,199 [INFO] DIMTrainer -   Epoch [36/50] Step [160/625] Loss: 0.046225
2026-05-21 12:06:30,590 [INFO] DIMTrainer -   Epoch [36/50] Step [170/625] Loss: 0.047117
2026-05-21 12:06:31,920 [INFO] DIMTrainer -   Epoch [36/50] Step [180/625] Loss: 0.047255
2026-05-21 12:06:33,275 [INFO] DIMTrainer -   Epoch [36/50] Step [190/625] Loss: 0.046965
2026-05-21 12:06:34,605 [INFO] DIMTrainer -   Epoch [36/50] Step [200/625] Loss: 0.046585
2026-05-21 12:06:35,959 [INFO] DIMTrainer -   Epoch [36/50] Step [210/625] Loss: 0.047453
2026-05-21 12:06:37,335 [INFO] DIMTrainer -   Epoch [36/50] Step [220/625] Loss: 0.048629
2026-05-21 12:06:38,665 [INFO] DIMTrainer -   Epoch [36/50] Step [230/625] Loss: 0.047800
2026-05-21 12:06:40,040 [INFO] DIMTrainer -   Epoch [36/50] Step [240/625] Loss: 0.047882
2026-05-21 12:06:50,860 [INFO] DIMTrainer -   Epoch [36/50] Step [250/625] Loss: 0.047174
2026-05-21 12:06:52,892 [INFO] DIMTrainer -   Epoch [36/50] Step [260/625] Loss: 0.046751
2026-05-21 12:06:55,000 [INFO] DIMTrainer -   Epoch [36/50] Step [270/625] Loss: 0.047095
2026-05-21 12:06:57,090 [INFO] DIMTrainer -   Epoch [36/50] Step [280/625] Loss: 0.047287
2026-05-21 12:06:59,217 [INFO] DIMTrainer -   Epoch [36/50] Step [290/625] Loss: 0.047507
2026-05-21 12:07:01,382 [INFO] DIMTrainer -   Epoch [36/50] Step [300/625] Loss: 0.047004
2026-05-21 12:07:03,502 [INFO] DIMTrainer -   Epoch [36/50] Step [310/625] Loss: 0.046491
2026-05-21 12:07:05,669 [INFO] DIMTrainer -   Epoch [36/50] Step [320/625] Loss: 0.046303
2026-05-21 12:07:07,918 [INFO] DIMTrainer -   Epoch [36/50] Step [330/625] Loss: 0.046709
2026-05-21 12:07:10,142 [INFO] DIMTrainer -   Epoch [36/50] Step [340/625] Loss: 0.047140
2026-05-21 12:07:12,392 [INFO] DIMTrainer -   Epoch [36/50] Step [350/625] Loss: 0.046992
2026-05-21 12:07:14,594 [INFO] DIMTrainer -   Epoch [36/50] Step [360/625] Loss: 0.046919
2026-05-21 12:07:16,819 [INFO] DIMTrainer -   Epoch [36/50] Step [370/625] Loss: 0.046622
2026-05-21 12:07:18,992 [INFO] DIMTrainer -   Epoch [36/50] Step [380/625] Loss: 0.046627
2026-05-21 12:07:21,142 [INFO] DIMTrainer -   Epoch [36/50] Step [390/625] Loss: 0.046698
2026-05-21 12:07:23,255 [INFO] DIMTrainer -   Epoch [36/50] Step [400/625] Loss: 0.046327
2026-05-21 12:07:25,449 [INFO] DIMTrainer -   Epoch [36/50] Step [410/625] Loss: 0.046499
2026-05-21 12:14:51,949 [INFO] DIMTrainer -   Epoch [36/50] Step [420/625] Loss: 0.046339
2026-05-21 12:14:54,134 [INFO] DIMTrainer -   Epoch [36/50] Step [430/625] Loss: 0.046106
2026-05-21 12:14:55,984 [INFO] DIMTrainer -   Epoch [36/50] Step [440/625] Loss: 0.045834
2026-05-21 12:14:58,066 [INFO] DIMTrainer -   Epoch [36/50] Step [450/625] Loss: 0.045972
2026-05-21 12:15:00,253 [INFO] DIMTrainer -   Epoch [36/50] Step [460/625] Loss: 0.045810
2026-05-21 12:15:02,559 [INFO] DIMTrainer -   Epoch [36/50] Step [470/625] Loss: 0.045641
2026-05-21 12:15:04,764 [INFO] DIMTrainer -   Epoch [36/50] Step [480/625] Loss: 0.045446
2026-05-21 12:15:06,826 [INFO] DIMTrainer -   Epoch [36/50] Step [490/625] Loss: 0.045500
2026-05-21 12:15:08,889 [INFO] DIMTrainer -   Epoch [36/50] Step [500/625] Loss: 0.045493
2026-05-21 12:15:10,990 [INFO] DIMTrainer -   Epoch [36/50] Step [510/625] Loss: 0.045656
2026-05-21 12:15:13,067 [INFO] DIMTrainer -   Epoch [36/50] Step [520/625] Loss: 0.045593
2026-05-21 12:15:15,143 [INFO] DIMTrainer -   Epoch [36/50] Step [530/625] Loss: 0.045490
2026-05-21 12:15:17,275 [INFO] DIMTrainer -   Epoch [36/50] Step [540/625] Loss: 0.045337
2026-05-21 12:15:19,526 [INFO] DIMTrainer -   Epoch [36/50] Step [550/625] Loss: 0.045698
2026-05-21 12:15:21,871 [INFO] DIMTrainer -   Epoch [36/50] Step [560/625] Loss: 0.045964
2026-05-21 12:15:24,220 [INFO] DIMTrainer -   Epoch [36/50] Step [570/625] Loss: 0.045826
2026-05-21 12:15:26,418 [INFO] DIMTrainer -   Epoch [36/50] Step [580/625] Loss: 0.045560
2026-05-21 12:15:28,493 [INFO] DIMTrainer -   Epoch [36/50] Step [590/625] Loss: 0.045379
2026-05-21 12:15:30,544 [INFO] DIMTrainer -   Epoch [36/50] Step [600/625] Loss: 0.045226
2026-05-21 12:15:32,610 [INFO] DIMTrainer -   Epoch [36/50] Step [610/625] Loss: 0.045039
2026-05-21 12:15:34,664 [INFO] DIMTrainer -   Epoch [36/50] Step [620/625] Loss: 0.044838
2026-05-21 12:15:55,590 [INFO] DIMTrainer - Epoch  36/50 | Loss=0.044804 | HR@5=0.8140 | MAP@5=0.6634 | NDCG@5=0.7013 | Time=587.6s
2026-05-21 12:15:55,638 [INFO] DIMTrainer -   [EarlyStopping] No improvement for 1/7 epochs (best NDCG@5=0.7206)
2026-05-21 12:15:57,753 [INFO] DIMTrainer -   Epoch [37/50] Step [10/625] Loss: 0.035851
2026-05-21 12:15:59,993 [INFO] DIMTrainer -   Epoch [37/50] Step [20/625] Loss: 0.033895
2026-05-21 12:16:02,208 [INFO] DIMTrainer -   Epoch [37/50] Step [30/625] Loss: 0.031307
2026-05-21 12:16:04,307 [INFO] DIMTrainer -   Epoch [37/50] Step [40/625] Loss: 0.039387
2026-05-21 12:16:06,390 [INFO] DIMTrainer -   Epoch [37/50] Step [50/625] Loss: 0.039895
2026-05-21 12:16:08,528 [INFO] DIMTrainer -   Epoch [37/50] Step [60/625] Loss: 0.039664
2026-05-21 12:16:10,624 [INFO] DIMTrainer -   Epoch [37/50] Step [70/625] Loss: 0.042591
2026-05-21 12:16:12,708 [INFO] DIMTrainer -   Epoch [37/50] Step [80/625] Loss: 0.043564
2026-05-21 12:16:14,780 [INFO] DIMTrainer -   Epoch [37/50] Step [90/625] Loss: 0.043387
2026-05-21 12:16:17,052 [INFO] DIMTrainer -   Epoch [37/50] Step [100/625] Loss: 0.042961
2026-05-21 12:16:19,309 [INFO] DIMTrainer -   Epoch [37/50] Step [110/625] Loss: 0.043040
2026-05-21 12:16:21,574 [INFO] DIMTrainer -   Epoch [37/50] Step [120/625] Loss: 0.043037
2026-05-21 12:16:23,828 [INFO] DIMTrainer -   Epoch [37/50] Step [130/625] Loss: 0.042124
2026-05-21 12:16:26,092 [INFO] DIMTrainer -   Epoch [37/50] Step [140/625] Loss: 0.041455
2026-05-21 12:16:28,339 [INFO] DIMTrainer -   Epoch [37/50] Step [150/625] Loss: 0.041792
2026-05-21 12:16:30,479 [INFO] DIMTrainer -   Epoch [37/50] Step [160/625] Loss: 0.041398
2026-05-21 12:16:32,691 [INFO] DIMTrainer -   Epoch [37/50] Step [170/625] Loss: 0.041923
2026-05-21 12:16:34,830 [INFO] DIMTrainer -   Epoch [37/50] Step [180/625] Loss: 0.041772
2026-05-21 12:16:36,848 [INFO] DIMTrainer -   Epoch [37/50] Step [190/625] Loss: 0.042256
2026-05-21 12:16:38,907 [INFO] DIMTrainer -   Epoch [37/50] Step [200/625] Loss: 0.042469
2026-05-21 12:16:40,958 [INFO] DIMTrainer -   Epoch [37/50] Step [210/625] Loss: 0.042653
2026-05-21 12:16:43,134 [INFO] DIMTrainer -   Epoch [37/50] Step [220/625] Loss: 0.041834
2026-05-21 12:16:45,388 [INFO] DIMTrainer -   Epoch [37/50] Step [230/625] Loss: 0.041345
2026-05-21 12:16:47,619 [INFO] DIMTrainer -   Epoch [37/50] Step [240/625] Loss: 0.041031
2026-05-21 12:16:49,768 [INFO] DIMTrainer -   Epoch [37/50] Step [250/625] Loss: 0.041071
2026-05-21 12:16:51,859 [INFO] DIMTrainer -   Epoch [37/50] Step [260/625] Loss: 0.041361
2026-05-21 12:16:53,958 [INFO] DIMTrainer -   Epoch [37/50] Step [270/625] Loss: 0.042079
2026-05-21 12:16:56,035 [INFO] DIMTrainer -   Epoch [37/50] Step [280/625] Loss: 0.041708
2026-05-21 12:16:58,111 [INFO] DIMTrainer -   Epoch [37/50] Step [290/625] Loss: 0.041661
2026-05-21 12:17:00,199 [INFO] DIMTrainer -   Epoch [37/50] Step [300/625] Loss: 0.042095
2026-05-21 12:17:02,324 [INFO] DIMTrainer -   Epoch [37/50] Step [310/625] Loss: 0.042870
2026-05-21 12:17:04,546 [INFO] DIMTrainer -   Epoch [37/50] Step [320/625] Loss: 0.042849
2026-05-21 12:17:06,796 [INFO] DIMTrainer -   Epoch [37/50] Step [330/625] Loss: 0.042628
2026-05-21 12:17:09,029 [INFO] DIMTrainer -   Epoch [37/50] Step [340/625] Loss: 0.042976
2026-05-21 12:17:11,277 [INFO] DIMTrainer -   Epoch [37/50] Step [350/625] Loss: 0.042774
2026-05-21 12:17:13,528 [INFO] DIMTrainer -   Epoch [37/50] Step [360/625] Loss: 0.042647
2026-05-21 12:17:15,770 [INFO] DIMTrainer -   Epoch [37/50] Step [370/625] Loss: 0.042294
2026-05-21 12:17:17,843 [INFO] DIMTrainer -   Epoch [37/50] Step [380/625] Loss: 0.042165
2026-05-21 12:17:19,920 [INFO] DIMTrainer -   Epoch [37/50] Step [390/625] Loss: 0.042113
2026-05-21 12:17:21,996 [INFO] DIMTrainer -   Epoch [37/50] Step [400/625] Loss: 0.043226
2026-05-21 12:17:24,141 [INFO] DIMTrainer -   Epoch [37/50] Step [410/625] Loss: 0.043092
2026-05-21 12:17:26,331 [INFO] DIMTrainer -   Epoch [37/50] Step [420/625] Loss: 0.043495
2026-05-21 12:17:28,394 [INFO] DIMTrainer -   Epoch [37/50] Step [430/625] Loss: 0.043637
2026-05-21 12:17:30,598 [INFO] DIMTrainer -   Epoch [37/50] Step [440/625] Loss: 0.043571
2026-05-21 12:17:32,833 [INFO] DIMTrainer -   Epoch [37/50] Step [450/625] Loss: 0.043981
2026-05-21 12:17:35,056 [INFO] DIMTrainer -   Epoch [37/50] Step [460/625] Loss: 0.043961
2026-05-21 12:17:37,196 [INFO] DIMTrainer -   Epoch [37/50] Step [470/625] Loss: 0.044147
2026-05-21 12:17:39,280 [INFO] DIMTrainer -   Epoch [37/50] Step [480/625] Loss: 0.044467
2026-05-21 12:17:41,368 [INFO] DIMTrainer -   Epoch [37/50] Step [490/625] Loss: 0.044720
2026-05-21 12:17:43,441 [INFO] DIMTrainer -   Epoch [37/50] Step [500/625] Loss: 0.044779
2026-05-21 12:17:45,592 [INFO] DIMTrainer -   Epoch [37/50] Step [510/625] Loss: 0.044509
2026-05-21 12:17:47,646 [INFO] DIMTrainer -   Epoch [37/50] Step [520/625] Loss: 0.044433
2026-05-21 12:17:49,809 [INFO] DIMTrainer -   Epoch [37/50] Step [530/625] Loss: 0.044224
2026-05-21 12:17:52,089 [INFO] DIMTrainer -   Epoch [37/50] Step [540/625] Loss: 0.044061
2026-05-21 12:17:54,324 [INFO] DIMTrainer -   Epoch [37/50] Step [550/625] Loss: 0.044385
2026-05-21 12:17:56,558 [INFO] DIMTrainer -   Epoch [37/50] Step [560/625] Loss: 0.044667
2026-05-21 12:17:58,726 [INFO] DIMTrainer -   Epoch [37/50] Step [570/625] Loss: 0.044644
2026-05-21 12:18:00,896 [INFO] DIMTrainer -   Epoch [37/50] Step [580/625] Loss: 0.044362
2026-05-21 12:18:03,071 [INFO] DIMTrainer -   Epoch [37/50] Step [590/625] Loss: 0.044274
2026-05-21 12:18:05,231 [INFO] DIMTrainer -   Epoch [37/50] Step [600/625] Loss: 0.043975
2026-05-21 12:18:07,358 [INFO] DIMTrainer -   Epoch [37/50] Step [610/625] Loss: 0.043911
2026-05-21 12:18:09,545 [INFO] DIMTrainer -   Epoch [37/50] Step [620/625] Loss: 0.043671
2026-05-21 12:18:32,358 [INFO] DIMTrainer - Epoch  37/50 | Loss=0.043603 | HR@5=0.8180 | MAP@5=0.6626 | NDCG@5=0.7015 | Time=156.7s
2026-05-21 12:18:32,408 [INFO] DIMTrainer -   [EarlyStopping] No improvement for 2/7 epochs (best NDCG@5=0.7206)
2026-05-21 12:18:34,693 [INFO] DIMTrainer -   Epoch [38/50] Step [10/625] Loss: 0.036429
2026-05-21 12:18:36,839 [INFO] DIMTrainer -   Epoch [38/50] Step [20/625] Loss: 0.048798
2026-05-21 12:18:38,970 [INFO] DIMTrainer -   Epoch [38/50] Step [30/625] Loss: 0.044324
2026-05-21 12:18:41,190 [INFO] DIMTrainer -   Epoch [38/50] Step [40/625] Loss: 0.041095
2026-05-21 12:18:43,347 [INFO] DIMTrainer -   Epoch [38/50] Step [50/625] Loss: 0.040900
2026-05-21 12:18:45,463 [INFO] DIMTrainer -   Epoch [38/50] Step [60/625] Loss: 0.039156
2026-05-21 12:18:47,852 [INFO] DIMTrainer -   Epoch [38/50] Step [70/625] Loss: 0.041303
2026-05-21 12:18:50,087 [INFO] DIMTrainer -   Epoch [38/50] Step [80/625] Loss: 0.042822
2026-05-21 12:18:52,283 [INFO] DIMTrainer -   Epoch [38/50] Step [90/625] Loss: 0.042717
2026-05-21 12:18:54,499 [INFO] DIMTrainer -   Epoch [38/50] Step [100/625] Loss: 0.042557
2026-05-21 12:18:56,608 [INFO] DIMTrainer -   Epoch [38/50] Step [110/625] Loss: 0.040867
2026-05-21 12:18:58,687 [INFO] DIMTrainer -   Epoch [38/50] Step [120/625] Loss: 0.040385
2026-05-21 12:19:00,754 [INFO] DIMTrainer -   Epoch [38/50] Step [130/625] Loss: 0.040880
2026-05-21 12:19:02,853 [INFO] DIMTrainer -   Epoch [38/50] Step [140/625] Loss: 0.040671
2026-05-21 12:19:04,933 [INFO] DIMTrainer -   Epoch [38/50] Step [150/625] Loss: 0.042114
2026-05-21 12:19:07,013 [INFO] DIMTrainer -   Epoch [38/50] Step [160/625] Loss: 0.042635
2026-05-21 12:19:09,079 [INFO] DIMTrainer -   Epoch [38/50] Step [170/625] Loss: 0.042804
2026-05-21 12:19:11,163 [INFO] DIMTrainer -   Epoch [38/50] Step [180/625] Loss: 0.043647
2026-05-21 12:19:13,270 [INFO] DIMTrainer -   Epoch [38/50] Step [190/625] Loss: 0.043835
2026-05-21 12:19:15,381 [INFO] DIMTrainer -   Epoch [38/50] Step [200/625] Loss: 0.043390
2026-05-21 12:19:17,608 [INFO] DIMTrainer -   Epoch [38/50] Step [210/625] Loss: 0.043973
2026-05-21 12:19:19,851 [INFO] DIMTrainer -   Epoch [38/50] Step [220/625] Loss: 0.043300
2026-05-21 12:19:22,124 [INFO] DIMTrainer -   Epoch [38/50] Step [230/625] Loss: 0.043669
2026-05-21 12:19:24,246 [INFO] DIMTrainer -   Epoch [38/50] Step [240/625] Loss: 0.042815
2026-05-21 12:19:26,373 [INFO] DIMTrainer -   Epoch [38/50] Step [250/625] Loss: 0.043045
2026-05-21 12:19:28,524 [INFO] DIMTrainer -   Epoch [38/50] Step [260/625] Loss: 0.043070
2026-05-21 12:19:30,702 [INFO] DIMTrainer -   Epoch [38/50] Step [270/625] Loss: 0.042627
2026-05-21 12:19:32,811 [INFO] DIMTrainer -   Epoch [38/50] Step [280/625] Loss: 0.041989
2026-05-21 12:19:34,944 [INFO] DIMTrainer -   Epoch [38/50] Step [290/625] Loss: 0.041857
2026-05-21 12:19:37,085 [INFO] DIMTrainer -   Epoch [38/50] Step [300/625] Loss: 0.041731
2026-05-21 12:19:39,190 [INFO] DIMTrainer -   Epoch [38/50] Step [310/625] Loss: 0.041327
2026-05-21 12:19:41,426 [INFO] DIMTrainer -   Epoch [38/50] Step [320/625] Loss: 0.040783
2026-05-21 12:19:43,543 [INFO] DIMTrainer -   Epoch [38/50] Step [330/625] Loss: 0.040593
2026-05-21 12:19:45,625 [INFO] DIMTrainer -   Epoch [38/50] Step [340/625] Loss: 0.040335
2026-05-21 12:19:47,840 [INFO] DIMTrainer -   Epoch [38/50] Step [350/625] Loss: 0.040186
2026-05-21 12:19:50,014 [INFO] DIMTrainer -   Epoch [38/50] Step [360/625] Loss: 0.040871
2026-05-21 12:19:52,126 [INFO] DIMTrainer -   Epoch [38/50] Step [370/625] Loss: 0.041204
2026-05-21 12:19:54,210 [INFO] DIMTrainer -   Epoch [38/50] Step [380/625] Loss: 0.041242
2026-05-21 12:19:56,348 [INFO] DIMTrainer -   Epoch [38/50] Step [390/625] Loss: 0.041084
2026-05-21 12:19:58,603 [INFO] DIMTrainer -   Epoch [38/50] Step [400/625] Loss: 0.041057
2026-05-21 12:20:00,862 [INFO] DIMTrainer -   Epoch [38/50] Step [410/625] Loss: 0.041076
2026-05-21 12:20:03,061 [INFO] DIMTrainer -   Epoch [38/50] Step [420/625] Loss: 0.040941
2026-05-21 12:20:05,323 [INFO] DIMTrainer -   Epoch [38/50] Step [430/625] Loss: 0.040649
2026-05-21 12:20:07,536 [INFO] DIMTrainer -   Epoch [38/50] Step [440/625] Loss: 0.040170
2026-05-21 12:20:09,758 [INFO] DIMTrainer -   Epoch [38/50] Step [450/625] Loss: 0.040185
2026-05-21 12:20:11,844 [INFO] DIMTrainer -   Epoch [38/50] Step [460/625] Loss: 0.040181
2026-05-21 12:20:13,945 [INFO] DIMTrainer -   Epoch [38/50] Step [470/625] Loss: 0.040249
2026-05-21 12:20:16,012 [INFO] DIMTrainer -   Epoch [38/50] Step [480/625] Loss: 0.040128
2026-05-21 12:20:18,098 [INFO] DIMTrainer -   Epoch [38/50] Step [490/625] Loss: 0.040300
2026-05-21 12:20:20,203 [INFO] DIMTrainer -   Epoch [38/50] Step [500/625] Loss: 0.040351
2026-05-21 12:20:22,354 [INFO] DIMTrainer -   Epoch [38/50] Step [510/625] Loss: 0.040378
2026-05-21 12:20:24,543 [INFO] DIMTrainer -   Epoch [38/50] Step [520/625] Loss: 0.040331
2026-05-21 12:20:26,702 [INFO] DIMTrainer -   Epoch [38/50] Step [530/625] Loss: 0.040531
2026-05-21 12:20:28,919 [INFO] DIMTrainer -   Epoch [38/50] Step [540/625] Loss: 0.040870
2026-05-21 12:20:31,066 [INFO] DIMTrainer -   Epoch [38/50] Step [550/625] Loss: 0.040947
2026-05-21 12:20:33,116 [INFO] DIMTrainer -   Epoch [38/50] Step [560/625] Loss: 0.040788
2026-05-21 12:20:35,176 [INFO] DIMTrainer -   Epoch [38/50] Step [570/625] Loss: 0.040668
2026-05-21 12:20:37,266 [INFO] DIMTrainer -   Epoch [38/50] Step [580/625] Loss: 0.041118
2026-05-21 12:20:39,339 [INFO] DIMTrainer -   Epoch [38/50] Step [590/625] Loss: 0.040951
2026-05-21 12:20:41,410 [INFO] DIMTrainer -   Epoch [38/50] Step [600/625] Loss: 0.040906
2026-05-21 12:20:43,598 [INFO] DIMTrainer -   Epoch [38/50] Step [610/625] Loss: 0.040749
2026-05-21 12:20:45,841 [INFO] DIMTrainer -   Epoch [38/50] Step [620/625] Loss: 0.040613
2026-05-21 12:21:06,840 [INFO] DIMTrainer - Epoch  38/50 | Loss=0.040750 | HR@5=0.8255 | MAP@5=0.6649 | NDCG@5=0.7053 | Time=154.4s
2026-05-21 12:21:06,912 [INFO] DIMTrainer -   [EarlyStopping] No improvement for 3/7 epochs (best NDCG@5=0.7206)
2026-05-21 12:21:09,038 [INFO] DIMTrainer -   Epoch [39/50] Step [10/625] Loss: 0.029971
2026-05-21 12:21:11,281 [INFO] DIMTrainer -   Epoch [39/50] Step [20/625] Loss: 0.031325
2026-05-21 12:21:13,478 [INFO] DIMTrainer -   Epoch [39/50] Step [30/625] Loss: 0.036524
2026-05-21 12:21:15,555 [INFO] DIMTrainer -   Epoch [39/50] Step [40/625] Loss: 0.039346
2026-05-21 12:21:17,641 [INFO] DIMTrainer -   Epoch [39/50] Step [50/625] Loss: 0.038000
2026-05-21 12:21:19,740 [INFO] DIMTrainer -   Epoch [39/50] Step [60/625] Loss: 0.038297
2026-05-21 12:21:21,960 [INFO] DIMTrainer -   Epoch [39/50] Step [70/625] Loss: 0.038324
2026-05-21 12:21:24,212 [INFO] DIMTrainer -   Epoch [39/50] Step [80/625] Loss: 0.041209
2026-05-21 12:21:26,452 [INFO] DIMTrainer -   Epoch [39/50] Step [90/625] Loss: 0.042233
2026-05-21 12:21:28,693 [INFO] DIMTrainer -   Epoch [39/50] Step [100/625] Loss: 0.042011
2026-05-21 12:21:30,961 [INFO] DIMTrainer -   Epoch [39/50] Step [110/625] Loss: 0.042099
2026-05-21 12:21:33,218 [INFO] DIMTrainer -   Epoch [39/50] Step [120/625] Loss: 0.040839
2026-05-21 12:21:35,384 [INFO] DIMTrainer -   Epoch [39/50] Step [130/625] Loss: 0.040157
2026-05-21 12:21:37,547 [INFO] DIMTrainer -   Epoch [39/50] Step [140/625] Loss: 0.040095
2026-05-21 12:21:39,652 [INFO] DIMTrainer -   Epoch [39/50] Step [150/625] Loss: 0.039953
2026-05-21 12:21:41,750 [INFO] DIMTrainer -   Epoch [39/50] Step [160/625] Loss: 0.039541
2026-05-21 12:21:43,828 [INFO] DIMTrainer -   Epoch [39/50] Step [170/625] Loss: 0.039400
2026-05-21 12:21:45,907 [INFO] DIMTrainer -   Epoch [39/50] Step [180/625] Loss: 0.039750
2026-05-21 12:21:48,116 [INFO] DIMTrainer -   Epoch [39/50] Step [190/625] Loss: 0.040897
2026-05-21 12:21:50,362 [INFO] DIMTrainer -   Epoch [39/50] Step [200/625] Loss: 0.040858
2026-05-21 12:21:52,604 [INFO] DIMTrainer -   Epoch [39/50] Step [210/625] Loss: 0.040445
2026-05-21 12:21:54,758 [INFO] DIMTrainer -   Epoch [39/50] Step [220/625] Loss: 0.040228
2026-05-21 12:21:56,834 [INFO] DIMTrainer -   Epoch [39/50] Step [230/625] Loss: 0.041025
2026-05-21 12:21:58,920 [INFO] DIMTrainer -   Epoch [39/50] Step [240/625] Loss: 0.041494
2026-05-21 12:22:01,000 [INFO] DIMTrainer -   Epoch [39/50] Step [250/625] Loss: 0.041307
2026-05-21 12:22:03,107 [INFO] DIMTrainer -   Epoch [39/50] Step [260/625] Loss: 0.041232
2026-05-21 12:22:05,214 [INFO] DIMTrainer -   Epoch [39/50] Step [270/625] Loss: 0.040948
2026-05-21 12:22:07,377 [INFO] DIMTrainer -   Epoch [39/50] Step [280/625] Loss: 0.040852
2026-05-21 12:22:09,635 [INFO] DIMTrainer -   Epoch [39/50] Step [290/625] Loss: 0.040642
2026-05-21 12:22:11,905 [INFO] DIMTrainer -   Epoch [39/50] Step [300/625] Loss: 0.040516
2026-05-21 12:22:14,176 [INFO] DIMTrainer -   Epoch [39/50] Step [310/625] Loss: 0.040227
2026-05-21 12:22:16,437 [INFO] DIMTrainer -   Epoch [39/50] Step [320/625] Loss: 0.040082
2026-05-21 12:22:18,682 [INFO] DIMTrainer -   Epoch [39/50] Step [330/625] Loss: 0.039594
2026-05-21 12:22:20,896 [INFO] DIMTrainer -   Epoch [39/50] Step [340/625] Loss: 0.039923
2026-05-21 12:22:23,119 [INFO] DIMTrainer -   Epoch [39/50] Step [350/625] Loss: 0.039829
2026-05-21 12:22:25,268 [INFO] DIMTrainer -   Epoch [39/50] Step [360/625] Loss: 0.040453
2026-05-21 12:22:27,471 [INFO] DIMTrainer -   Epoch [39/50] Step [370/625] Loss: 0.040602
2026-05-21 12:22:29,613 [INFO] DIMTrainer -   Epoch [39/50] Step [380/625] Loss: 0.040651
2026-05-21 12:22:31,746 [INFO] DIMTrainer -   Epoch [39/50] Step [390/625] Loss: 0.040650
2026-05-21 12:22:33,872 [INFO] DIMTrainer -   Epoch [39/50] Step [400/625] Loss: 0.040606
2026-05-21 12:22:36,130 [INFO] DIMTrainer -   Epoch [39/50] Step [410/625] Loss: 0.040213
2026-05-21 12:22:38,404 [INFO] DIMTrainer -   Epoch [39/50] Step [420/625] Loss: 0.040200
2026-05-21 12:22:40,700 [INFO] DIMTrainer -   Epoch [39/50] Step [430/625] Loss: 0.040407
2026-05-21 12:22:42,845 [INFO] DIMTrainer -   Epoch [39/50] Step [440/625] Loss: 0.039932
2026-05-21 12:22:44,929 [INFO] DIMTrainer -   Epoch [39/50] Step [450/625] Loss: 0.039801
2026-05-21 12:22:47,041 [INFO] DIMTrainer -   Epoch [39/50] Step [460/625] Loss: 0.039744
2026-05-21 12:22:49,188 [INFO] DIMTrainer -   Epoch [39/50] Step [470/625] Loss: 0.040041
2026-05-21 12:22:51,338 [INFO] DIMTrainer -   Epoch [39/50] Step [480/625] Loss: 0.040114
2026-05-21 12:22:53,422 [INFO] DIMTrainer -   Epoch [39/50] Step [490/625] Loss: 0.039815
2026-05-21 12:22:55,600 [INFO] DIMTrainer -   Epoch [39/50] Step [500/625] Loss: 0.039609
2026-05-21 12:22:57,880 [INFO] DIMTrainer -   Epoch [39/50] Step [510/625] Loss: 0.039726
2026-05-21 12:23:00,132 [INFO] DIMTrainer -   Epoch [39/50] Step [520/625] Loss: 0.039861
2026-05-21 12:23:02,328 [INFO] DIMTrainer -   Epoch [39/50] Step [530/625] Loss: 0.040141
2026-05-21 12:23:04,487 [INFO] DIMTrainer -   Epoch [39/50] Step [540/625] Loss: 0.039965
2026-05-21 12:23:06,595 [INFO] DIMTrainer -   Epoch [39/50] Step [550/625] Loss: 0.040122
2026-05-21 12:23:08,745 [INFO] DIMTrainer -   Epoch [39/50] Step [560/625] Loss: 0.040031
2026-05-21 12:23:10,942 [INFO] DIMTrainer -   Epoch [39/50] Step [570/625] Loss: 0.040460
2026-05-21 12:23:13,142 [INFO] DIMTrainer -   Epoch [39/50] Step [580/625] Loss: 0.040493
2026-05-21 12:23:15,306 [INFO] DIMTrainer -   Epoch [39/50] Step [590/625] Loss: 0.040812
2026-05-21 12:23:17,380 [INFO] DIMTrainer -   Epoch [39/50] Step [600/625] Loss: 0.040586
2026-05-21 12:23:19,476 [INFO] DIMTrainer -   Epoch [39/50] Step [610/625] Loss: 0.040585
2026-05-21 12:23:21,661 [INFO] DIMTrainer -   Epoch [39/50] Step [620/625] Loss: 0.040329
2026-05-21 12:23:42,898 [INFO] DIMTrainer - Epoch  39/50 | Loss=0.040197 | HR@5=0.8270 | MAP@5=0.6708 | NDCG@5=0.7101 | Time=156.0s
2026-05-21 12:23:42,944 [INFO] DIMTrainer -   [EarlyStopping] No improvement for 4/7 epochs (best NDCG@5=0.7206)
2026-05-21 12:23:45,070 [INFO] DIMTrainer -   Epoch [40/50] Step [10/625] Loss: 0.046120
2026-05-21 12:23:47,260 [INFO] DIMTrainer -   Epoch [40/50] Step [20/625] Loss: 0.038768
2026-05-21 12:23:49,318 [INFO] DIMTrainer -   Epoch [40/50] Step [30/625] Loss: 0.045008
2026-05-21 12:23:51,469 [INFO] DIMTrainer -   Epoch [40/50] Step [40/625] Loss: 0.041702
2026-05-21 12:23:53,655 [INFO] DIMTrainer -   Epoch [40/50] Step [50/625] Loss: 0.042535
2026-05-21 12:23:55,882 [INFO] DIMTrainer -   Epoch [40/50] Step [60/625] Loss: 0.042697
2026-05-21 12:23:58,107 [INFO] DIMTrainer -   Epoch [40/50] Step [70/625] Loss: 0.045367
2026-05-21 12:24:00,236 [INFO] DIMTrainer -   Epoch [40/50] Step [80/625] Loss: 0.044967
2026-05-21 12:24:02,307 [INFO] DIMTrainer -   Epoch [40/50] Step [90/625] Loss: 0.045036
2026-05-21 12:24:04,370 [INFO] DIMTrainer -   Epoch [40/50] Step [100/625] Loss: 0.044908
2026-05-21 12:24:06,452 [INFO] DIMTrainer -   Epoch [40/50] Step [110/625] Loss: 0.044642
2026-05-21 12:24:08,592 [INFO] DIMTrainer -   Epoch [40/50] Step [120/625] Loss: 0.045555
2026-05-21 12:24:10,704 [INFO] DIMTrainer -   Epoch [40/50] Step [130/625] Loss: 0.044735
2026-05-21 12:24:12,811 [INFO] DIMTrainer -   Epoch [40/50] Step [140/625] Loss: 0.044123
2026-05-21 12:24:14,912 [INFO] DIMTrainer -   Epoch [40/50] Step [150/625] Loss: 0.043453
2026-05-21 12:24:17,049 [INFO] DIMTrainer -   Epoch [40/50] Step [160/625] Loss: 0.042810
2026-05-21 12:24:19,275 [INFO] DIMTrainer -   Epoch [40/50] Step [170/625] Loss: 0.043320
2026-05-21 12:24:21,562 [INFO] DIMTrainer -   Epoch [40/50] Step [180/625] Loss: 0.042550
2026-05-21 12:24:23,837 [INFO] DIMTrainer -   Epoch [40/50] Step [190/625] Loss: 0.042171
2026-05-21 12:24:26,094 [INFO] DIMTrainer -   Epoch [40/50] Step [200/625] Loss: 0.042349
2026-05-21 12:24:28,218 [INFO] DIMTrainer -   Epoch [40/50] Step [210/625] Loss: 0.042069
2026-05-21 12:24:30,318 [INFO] DIMTrainer -   Epoch [40/50] Step [220/625] Loss: 0.041738
2026-05-21 12:24:32,413 [INFO] DIMTrainer -   Epoch [40/50] Step [230/625] Loss: 0.041579
2026-05-21 12:24:34,613 [INFO] DIMTrainer -   Epoch [40/50] Step [240/625] Loss: 0.041479
2026-05-21 12:24:36,807 [INFO] DIMTrainer -   Epoch [40/50] Step [250/625] Loss: 0.041663
2026-05-21 12:24:38,846 [INFO] DIMTrainer -   Epoch [40/50] Step [260/625] Loss: 0.041048
2026-05-21 12:24:41,016 [INFO] DIMTrainer -   Epoch [40/50] Step [270/625] Loss: 0.040502
2026-05-21 12:24:43,195 [INFO] DIMTrainer -   Epoch [40/50] Step [280/625] Loss: 0.041202
2026-05-21 12:24:45,347 [INFO] DIMTrainer -   Epoch [40/50] Step [290/625] Loss: 0.041769
2026-05-21 12:24:47,470 [INFO] DIMTrainer -   Epoch [40/50] Step [300/625] Loss: 0.042097
2026-05-21 12:24:49,585 [INFO] DIMTrainer -   Epoch [40/50] Step [310/625] Loss: 0.042163
2026-05-21 12:24:51,702 [INFO] DIMTrainer -   Epoch [40/50] Step [320/625] Loss: 0.041821
2026-05-21 12:24:53,776 [INFO] DIMTrainer -   Epoch [40/50] Step [330/625] Loss: 0.041443
2026-05-21 12:24:55,872 [INFO] DIMTrainer -   Epoch [40/50] Step [340/625] Loss: 0.041377
2026-05-21 12:24:57,934 [INFO] DIMTrainer -   Epoch [40/50] Step [350/625] Loss: 0.041312
2026-05-21 12:25:00,123 [INFO] DIMTrainer -   Epoch [40/50] Step [360/625] Loss: 0.041144
2026-05-21 12:25:02,441 [INFO] DIMTrainer -   Epoch [40/50] Step [370/625] Loss: 0.040812
2026-05-21 12:25:04,761 [INFO] DIMTrainer -   Epoch [40/50] Step [380/625] Loss: 0.041026
2026-05-21 12:25:07,040 [INFO] DIMTrainer -   Epoch [40/50] Step [390/625] Loss: 0.041244
2026-05-21 12:25:09,265 [INFO] DIMTrainer -   Epoch [40/50] Step [400/625] Loss: 0.040934
2026-05-21 12:25:11,514 [INFO] DIMTrainer -   Epoch [40/50] Step [410/625] Loss: 0.040635
2026-05-21 12:25:13,697 [INFO] DIMTrainer -   Epoch [40/50] Step [420/625] Loss: 0.040739
2026-05-21 12:25:15,788 [INFO] DIMTrainer -   Epoch [40/50] Step [430/625] Loss: 0.040701
2026-05-21 12:25:17,885 [INFO] DIMTrainer -   Epoch [40/50] Step [440/625] Loss: 0.040894
2026-05-21 12:25:19,960 [INFO] DIMTrainer -   Epoch [40/50] Step [450/625] Loss: 0.040790
2026-05-21 12:25:22,041 [INFO] DIMTrainer -   Epoch [40/50] Step [460/625] Loss: 0.040551
2026-05-21 12:25:24,099 [INFO] DIMTrainer -   Epoch [40/50] Step [470/625] Loss: 0.040348
2026-05-21 12:25:26,261 [INFO] DIMTrainer -   Epoch [40/50] Step [480/625] Loss: 0.040336
2026-05-21 12:25:28,491 [INFO] DIMTrainer -   Epoch [40/50] Step [490/625] Loss: 0.040111
2026-05-21 12:25:30,712 [INFO] DIMTrainer -   Epoch [40/50] Step [500/625] Loss: 0.040247
2026-05-21 12:25:32,946 [INFO] DIMTrainer -   Epoch [40/50] Step [510/625] Loss: 0.040498
2026-05-21 12:25:35,080 [INFO] DIMTrainer -   Epoch [40/50] Step [520/625] Loss: 0.040663
2026-05-21 12:25:37,204 [INFO] DIMTrainer -   Epoch [40/50] Step [530/625] Loss: 0.040822
2026-05-21 12:25:39,311 [INFO] DIMTrainer -   Epoch [40/50] Step [540/625] Loss: 0.040836
2026-05-21 12:25:41,416 [INFO] DIMTrainer -   Epoch [40/50] Step [550/625] Loss: 0.040628
2026-05-21 12:25:43,516 [INFO] DIMTrainer -   Epoch [40/50] Step [560/625] Loss: 0.040623
2026-05-21 12:25:45,617 [INFO] DIMTrainer -   Epoch [40/50] Step [570/625] Loss: 0.040793
2026-05-21 12:25:47,863 [INFO] DIMTrainer -   Epoch [40/50] Step [580/625] Loss: 0.041084
2026-05-21 12:25:50,140 [INFO] DIMTrainer -   Epoch [40/50] Step [590/625] Loss: 0.041533
2026-05-21 12:25:52,419 [INFO] DIMTrainer -   Epoch [40/50] Step [600/625] Loss: 0.041297
2026-05-21 12:25:54,687 [INFO] DIMTrainer -   Epoch [40/50] Step [610/625] Loss: 0.041118
2026-05-21 12:25:56,931 [INFO] DIMTrainer -   Epoch [40/50] Step [620/625] Loss: 0.041018
2026-05-21 12:26:17,916 [INFO] DIMTrainer - Epoch  40/50 | Loss=0.040974 | HR@5=0.8295 | MAP@5=0.6633 | NDCG@5=0.7050 | Time=155.0s
2026-05-21 12:26:17,961 [INFO] DIMTrainer -   [EarlyStopping] No improvement for 5/7 epochs (best NDCG@5=0.7206)
2026-05-21 12:26:20,054 [INFO] DIMTrainer -   Epoch [41/50] Step [10/625] Loss: 0.035798
2026-05-21 12:26:22,293 [INFO] DIMTrainer -   Epoch [41/50] Step [20/625] Loss: 0.031769
2026-05-21 12:26:24,563 [INFO] DIMTrainer -   Epoch [41/50] Step [30/625] Loss: 0.033069
2026-05-21 12:26:26,844 [INFO] DIMTrainer -   Epoch [41/50] Step [40/625] Loss: 0.033771
2026-05-21 12:26:29,125 [INFO] DIMTrainer -   Epoch [41/50] Step [50/625] Loss: 0.033369
2026-05-21 12:26:31,379 [INFO] DIMTrainer -   Epoch [41/50] Step [60/625] Loss: 0.034240
2026-05-21 12:26:33,640 [INFO] DIMTrainer -   Epoch [41/50] Step [70/625] Loss: 0.035897
2026-05-21 12:26:35,924 [INFO] DIMTrainer -   Epoch [41/50] Step [80/625] Loss: 0.036345
2026-05-21 12:26:38,193 [INFO] DIMTrainer -   Epoch [41/50] Step [90/625] Loss: 0.035950
2026-05-21 12:26:40,381 [INFO] DIMTrainer -   Epoch [41/50] Step [100/625] Loss: 0.035874
2026-05-21 12:26:42,582 [INFO] DIMTrainer -   Epoch [41/50] Step [110/625] Loss: 0.035211
2026-05-21 12:26:44,667 [INFO] DIMTrainer -   Epoch [41/50] Step [120/625] Loss: 0.037225
2026-05-21 12:26:46,814 [INFO] DIMTrainer -   Epoch [41/50] Step [130/625] Loss: 0.036540
2026-05-21 12:26:48,979 [INFO] DIMTrainer -   Epoch [41/50] Step [140/625] Loss: 0.037346
2026-05-21 12:26:51,124 [INFO] DIMTrainer -   Epoch [41/50] Step [150/625] Loss: 0.036092
2026-05-21 12:26:53,370 [INFO] DIMTrainer -   Epoch [41/50] Step [160/625] Loss: 0.035610
2026-05-21 12:26:55,603 [INFO] DIMTrainer -   Epoch [41/50] Step [170/625] Loss: 0.036916
2026-05-21 12:26:57,850 [INFO] DIMTrainer -   Epoch [41/50] Step [180/625] Loss: 0.037515
2026-05-21 12:26:59,995 [INFO] DIMTrainer -   Epoch [41/50] Step [190/625] Loss: 0.038039
2026-05-21 12:27:02,119 [INFO] DIMTrainer -   Epoch [41/50] Step [200/625] Loss: 0.037952
2026-05-21 12:27:04,215 [INFO] DIMTrainer -   Epoch [41/50] Step [210/625] Loss: 0.037988
2026-05-21 12:27:06,335 [INFO] DIMTrainer -   Epoch [41/50] Step [220/625] Loss: 0.038410
2026-05-21 12:27:08,437 [INFO] DIMTrainer -   Epoch [41/50] Step [230/625] Loss: 0.038688
2026-05-21 12:27:10,557 [INFO] DIMTrainer -   Epoch [41/50] Step [240/625] Loss: 0.038971
2026-05-21 12:27:12,755 [INFO] DIMTrainer -   Epoch [41/50] Step [250/625] Loss: 0.039009
2026-05-21 12:27:15,016 [INFO] DIMTrainer -   Epoch [41/50] Step [260/625] Loss: 0.038966
2026-05-21 12:27:17,292 [INFO] DIMTrainer -   Epoch [41/50] Step [270/625] Loss: 0.039012
2026-05-21 12:27:19,552 [INFO] DIMTrainer -   Epoch [41/50] Step [280/625] Loss: 0.038531
2026-05-21 12:27:21,825 [INFO] DIMTrainer -   Epoch [41/50] Step [290/625] Loss: 0.038173
2026-05-21 12:27:24,103 [INFO] DIMTrainer -   Epoch [41/50] Step [300/625] Loss: 0.038618
2026-05-21 12:27:26,348 [INFO] DIMTrainer -   Epoch [41/50] Step [310/625] Loss: 0.038679
2026-05-21 12:27:28,512 [INFO] DIMTrainer -   Epoch [41/50] Step [320/625] Loss: 0.039137
2026-05-21 12:27:30,636 [INFO] DIMTrainer -   Epoch [41/50] Step [330/625] Loss: 0.039381
2026-05-21 12:27:32,720 [INFO] DIMTrainer -   Epoch [41/50] Step [340/625] Loss: 0.039274
2026-05-21 12:27:34,847 [INFO] DIMTrainer -   Epoch [41/50] Step [350/625] Loss: 0.039158
2026-05-21 12:27:36,935 [INFO] DIMTrainer -   Epoch [41/50] Step [360/625] Loss: 0.039115
2026-05-21 12:27:39,008 [INFO] DIMTrainer -   Epoch [41/50] Step [370/625] Loss: 0.038879
2026-05-21 12:27:41,274 [INFO] DIMTrainer -   Epoch [41/50] Step [380/625] Loss: 0.038757
2026-05-21 12:27:43,548 [INFO] DIMTrainer -   Epoch [41/50] Step [390/625] Loss: 0.038649
2026-05-21 12:27:45,795 [INFO] DIMTrainer -   Epoch [41/50] Step [400/625] Loss: 0.038181
2026-05-21 12:27:47,893 [INFO] DIMTrainer -   Epoch [41/50] Step [410/625] Loss: 0.037873
2026-05-21 12:27:49,987 [INFO] DIMTrainer -   Epoch [41/50] Step [420/625] Loss: 0.038382
2026-05-21 12:27:52,078 [INFO] DIMTrainer -   Epoch [41/50] Step [430/625] Loss: 0.038288
2026-05-21 12:27:54,175 [INFO] DIMTrainer -   Epoch [41/50] Step [440/625] Loss: 0.037955
2026-05-21 12:27:56,292 [INFO] DIMTrainer -   Epoch [41/50] Step [450/625] Loss: 0.038040
2026-05-21 12:27:58,388 [INFO] DIMTrainer -   Epoch [41/50] Step [460/625] Loss: 0.037973
2026-05-21 12:28:00,588 [INFO] DIMTrainer -   Epoch [41/50] Step [470/625] Loss: 0.037897
2026-05-21 12:28:02,841 [INFO] DIMTrainer -   Epoch [41/50] Step [480/625] Loss: 0.038125
2026-05-21 12:28:05,086 [INFO] DIMTrainer -   Epoch [41/50] Step [490/625] Loss: 0.038447
2026-05-21 12:28:07,270 [INFO] DIMTrainer -   Epoch [41/50] Step [500/625] Loss: 0.038343
2026-05-21 12:28:09,439 [INFO] DIMTrainer -   Epoch [41/50] Step [510/625] Loss: 0.038212
2026-05-21 12:28:11,593 [INFO] DIMTrainer -   Epoch [41/50] Step [520/625] Loss: 0.038115
2026-05-21 12:28:13,765 [INFO] DIMTrainer -   Epoch [41/50] Step [530/625] Loss: 0.038436
2026-05-21 12:28:15,941 [INFO] DIMTrainer -   Epoch [41/50] Step [540/625] Loss: 0.038466
2026-05-21 12:28:18,108 [INFO] DIMTrainer -   Epoch [41/50] Step [550/625] Loss: 0.038402
2026-05-21 12:28:20,270 [INFO] DIMTrainer -   Epoch [41/50] Step [560/625] Loss: 0.038072
2026-05-21 12:28:22,396 [INFO] DIMTrainer -   Epoch [41/50] Step [570/625] Loss: 0.038066
2026-05-21 12:28:24,528 [INFO] DIMTrainer -   Epoch [41/50] Step [580/625] Loss: 0.038192
2026-05-21 12:28:26,657 [INFO] DIMTrainer -   Epoch [41/50] Step [590/625] Loss: 0.038294
2026-05-21 12:28:28,893 [INFO] DIMTrainer -   Epoch [41/50] Step [600/625] Loss: 0.038514
2026-05-21 12:28:31,089 [INFO] DIMTrainer -   Epoch [41/50] Step [610/625] Loss: 0.038973
2026-05-21 12:28:33,284 [INFO] DIMTrainer -   Epoch [41/50] Step [620/625] Loss: 0.038992
2026-05-21 12:28:53,836 [INFO] DIMTrainer - Epoch  41/50 | Loss=0.038926 | HR@5=0.8305 | MAP@5=0.6605 | NDCG@5=0.7032 | Time=155.9s
2026-05-21 12:28:53,882 [INFO] DIMTrainer -   [EarlyStopping] No improvement for 6/7 epochs (best NDCG@5=0.7206)
2026-05-21 12:28:55,974 [INFO] DIMTrainer -   Epoch [42/50] Step [10/625] Loss: 0.030651
2026-05-21 12:28:58,050 [INFO] DIMTrainer -   Epoch [42/50] Step [20/625] Loss: 0.032263
2026-05-21 12:29:00,123 [INFO] DIMTrainer -   Epoch [42/50] Step [30/625] Loss: 0.030664
2026-05-21 12:29:02,196 [INFO] DIMTrainer -   Epoch [42/50] Step [40/625] Loss: 0.034115
2026-05-21 12:29:04,275 [INFO] DIMTrainer -   Epoch [42/50] Step [50/625] Loss: 0.039162
2026-05-21 12:29:06,347 [INFO] DIMTrainer -   Epoch [42/50] Step [60/625] Loss: 0.039151
2026-05-21 12:29:08,425 [INFO] DIMTrainer -   Epoch [42/50] Step [70/625] Loss: 0.037578
2026-05-21 12:29:10,490 [INFO] DIMTrainer -   Epoch [42/50] Step [80/625] Loss: 0.036924
2026-05-21 12:29:12,574 [INFO] DIMTrainer -   Epoch [42/50] Step [90/625] Loss: 0.036354
2026-05-21 12:29:14,652 [INFO] DIMTrainer -   Epoch [42/50] Step [100/625] Loss: 0.035424
2026-05-21 12:29:16,725 [INFO] DIMTrainer -   Epoch [42/50] Step [110/625] Loss: 0.037202
2026-05-21 12:29:18,836 [INFO] DIMTrainer -   Epoch [42/50] Step [120/625] Loss: 0.037358
2026-05-21 12:29:20,948 [INFO] DIMTrainer -   Epoch [42/50] Step [130/625] Loss: 0.036679
2026-05-21 12:29:23,095 [INFO] DIMTrainer -   Epoch [42/50] Step [140/625] Loss: 0.035871
2026-05-21 12:29:25,331 [INFO] DIMTrainer -   Epoch [42/50] Step [150/625] Loss: 0.037606
2026-05-21 12:29:27,528 [INFO] DIMTrainer -   Epoch [42/50] Step [160/625] Loss: 0.037930
2026-05-21 12:29:29,704 [INFO] DIMTrainer -   Epoch [42/50] Step [170/625] Loss: 0.037377
2026-05-21 12:29:31,756 [INFO] DIMTrainer -   Epoch [42/50] Step [180/625] Loss: 0.037111
2026-05-21 12:29:33,826 [INFO] DIMTrainer -   Epoch [42/50] Step [190/625] Loss: 0.037346
2026-05-21 12:29:35,907 [INFO] DIMTrainer -   Epoch [42/50] Step [200/625] Loss: 0.038016
2026-05-21 12:29:37,984 [INFO] DIMTrainer -   Epoch [42/50] Step [210/625] Loss: 0.038124
2026-05-21 12:29:40,038 [INFO] DIMTrainer -   Epoch [42/50] Step [220/625] Loss: 0.037876
2026-05-21 12:29:42,106 [INFO] DIMTrainer -   Epoch [42/50] Step [230/625] Loss: 0.038130
2026-05-21 12:29:44,235 [INFO] DIMTrainer -   Epoch [42/50] Step [240/625] Loss: 0.038134
2026-05-21 12:29:46,409 [INFO] DIMTrainer -   Epoch [42/50] Step [250/625] Loss: 0.038267
2026-05-21 12:29:48,569 [INFO] DIMTrainer -   Epoch [42/50] Step [260/625] Loss: 0.038351
2026-05-21 12:29:50,669 [INFO] DIMTrainer -   Epoch [42/50] Step [270/625] Loss: 0.037922
2026-05-21 12:29:52,751 [INFO] DIMTrainer -   Epoch [42/50] Step [280/625] Loss: 0.037720
2026-05-21 12:29:54,829 [INFO] DIMTrainer -   Epoch [42/50] Step [290/625] Loss: 0.037959
2026-05-21 12:29:56,927 [INFO] DIMTrainer -   Epoch [42/50] Step [300/625] Loss: 0.037901
2026-05-21 12:29:59,002 [INFO] DIMTrainer -   Epoch [42/50] Step [310/625] Loss: 0.038237
2026-05-21 12:30:01,090 [INFO] DIMTrainer -   Epoch [42/50] Step [320/625] Loss: 0.038097
2026-05-21 12:30:03,275 [INFO] DIMTrainer -   Epoch [42/50] Step [330/625] Loss: 0.037868
2026-05-21 12:30:05,536 [INFO] DIMTrainer -   Epoch [42/50] Step [340/625] Loss: 0.037816
2026-05-21 12:30:07,777 [INFO] DIMTrainer -   Epoch [42/50] Step [350/625] Loss: 0.037677
2026-05-21 12:30:09,998 [INFO] DIMTrainer -   Epoch [42/50] Step [360/625] Loss: 0.037865
2026-05-21 12:30:12,257 [INFO] DIMTrainer -   Epoch [42/50] Step [370/625] Loss: 0.037927
2026-05-21 12:30:14,510 [INFO] DIMTrainer -   Epoch [42/50] Step [380/625] Loss: 0.038989
2026-05-21 12:30:16,695 [INFO] DIMTrainer -   Epoch [42/50] Step [390/625] Loss: 0.038797
2026-05-21 12:30:18,808 [INFO] DIMTrainer -   Epoch [42/50] Step [400/625] Loss: 0.038748
2026-05-21 12:30:20,911 [INFO] DIMTrainer -   Epoch [42/50] Step [410/625] Loss: 0.038853
2026-05-21 12:30:23,015 [INFO] DIMTrainer -   Epoch [42/50] Step [420/625] Loss: 0.039006
2026-05-21 12:30:25,112 [INFO] DIMTrainer -   Epoch [42/50] Step [430/625] Loss: 0.038906
2026-05-21 12:30:27,189 [INFO] DIMTrainer -   Epoch [42/50] Step [440/625] Loss: 0.039032
2026-05-21 12:30:29,390 [INFO] DIMTrainer -   Epoch [42/50] Step [450/625] Loss: 0.038991
2026-05-21 12:30:31,775 [INFO] DIMTrainer -   Epoch [42/50] Step [460/625] Loss: 0.038962
2026-05-21 12:30:33,980 [INFO] DIMTrainer -   Epoch [42/50] Step [470/625] Loss: 0.039021
2026-05-21 12:30:36,217 [INFO] DIMTrainer -   Epoch [42/50] Step [480/625] Loss: 0.039192
2026-05-21 12:30:38,304 [INFO] DIMTrainer -   Epoch [42/50] Step [490/625] Loss: 0.039356
2026-05-21 12:30:40,412 [INFO] DIMTrainer -   Epoch [42/50] Step [500/625] Loss: 0.038961
2026-05-21 12:30:42,551 [INFO] DIMTrainer -   Epoch [42/50] Step [510/625] Loss: 0.038711
2026-05-21 12:30:44,655 [INFO] DIMTrainer -   Epoch [42/50] Step [520/625] Loss: 0.038789
2026-05-21 12:30:46,754 [INFO] DIMTrainer -   Epoch [42/50] Step [530/625] Loss: 0.038599
2026-05-21 12:30:48,852 [INFO] DIMTrainer -   Epoch [42/50] Step [540/625] Loss: 0.038532
2026-05-21 12:30:51,088 [INFO] DIMTrainer -   Epoch [42/50] Step [550/625] Loss: 0.038598
2026-05-21 12:30:53,345 [INFO] DIMTrainer -   Epoch [42/50] Step [560/625] Loss: 0.038446
2026-05-21 12:30:55,591 [INFO] DIMTrainer -   Epoch [42/50] Step [570/625] Loss: 0.038431
2026-05-21 12:30:57,811 [INFO] DIMTrainer -   Epoch [42/50] Step [580/625] Loss: 0.038379
2026-05-21 12:31:00,063 [INFO] DIMTrainer -   Epoch [42/50] Step [590/625] Loss: 0.038223
2026-05-21 12:31:02,340 [INFO] DIMTrainer -   Epoch [42/50] Step [600/625] Loss: 0.038186
2026-05-21 12:31:04,464 [INFO] DIMTrainer -   Epoch [42/50] Step [610/625] Loss: 0.038044
2026-05-21 12:31:06,508 [INFO] DIMTrainer -   Epoch [42/50] Step [620/625] Loss: 0.037998
2026-05-21 12:31:27,464 [INFO] DIMTrainer - Epoch  42/50 | Loss=0.037882 | HR@5=0.8090 | MAP@5=0.6500 | NDCG@5=0.6900 | Time=153.6s
2026-05-21 12:31:27,509 [INFO] DIMTrainer -   [EarlyStopping] No improvement for 7/7 epochs (best NDCG@5=0.7206)
2026-05-21 12:31:27,512 [INFO] DIMTrainer - 
Running final baseline comparison...
2026-05-21 12:31:27,936 [INFO] DIMTrainer -   DIM (best epoch) vs MajorityVote Baseline:
2026-05-21 12:31:27,936 [INFO] DIMTrainer -   K= 1 | HR: DIM=0.5715 vs Base=0.7510 (gap=-0.1795) | NDCG: DIM=0.5715 vs Base=0.7510 (gap=-0.1795)
2026-05-21 12:31:27,937 [INFO] DIMTrainer -   K= 3 | HR: DIM=0.7590 vs Base=0.9910 (gap=-0.2320) | NDCG: DIM=0.6803 vs Base=0.9010 (gap=-0.2207)
2026-05-21 12:31:27,937 [INFO] DIMTrainer -   K= 5 | HR: DIM=0.8575 vs Base=0.9980 (gap=-0.1405) | NDCG: DIM=0.7206 vs Base=0.9039 (gap=-0.1833)
2026-05-21 12:31:27,937 [INFO] DIMTrainer -   K=10 | HR: DIM=0.9330 vs Base=1.0000 (gap=-0.0670) | NDCG: DIM=0.7454 vs Base=0.9046 (gap=-0.1593)
2026-05-21 12:31:27,940 [INFO] DIMTrainer - Loading Splunk BOTS v3 dataset...
2026-05-21 12:31:27,941 [INFO] src.data.dataset_loader - ============================================================
2026-05-21 12:31:27,941 [INFO] src.data.dataset_loader -   Splunk BOTS v3 - Sequence Generation for DIM Training
2026-05-21 12:31:27,941 [INFO] src.data.dataset_loader - ============================================================
2026-05-21 12:31:27,941 [INFO] src.data.dataset_loader -   NOTE: DIM dilatih dari SYNTHETIC SEQUENCES yang diturunkan
2026-05-21 12:31:27,941 [INFO] src.data.dataset_loader -   dari distribusi eventcode Splunk BOTS v3, bukan raw log.
2026-05-21 12:31:27,942 [INFO] src.data.dataset_loader -   Eventcode dianotasi sistematis ke kelas playbook respons.
2026-05-21 12:31:27,942 [INFO] src.data.dataset_loader -   Gunakan loader.describe() untuk detail provenance lengkap.
2026-05-21 12:31:27,942 [INFO] src.data.dataset_loader - ------------------------------------------------------------
2026-05-21 12:31:27,978 [INFO] src.data.dataset_loader - Eventcode distribution loaded from BOTS: 10 unique event codes
2026-05-21 12:31:27,979 [INFO] src.data.dataset_loader -   Eventcode distribution source : bots_eventcode_csv (10 unique codes)
  Sequences to generate         : 10000
  Sequence length (max)         : 20
  Mapped playbook classes       : 7
2026-05-21 12:31:27,979 [INFO] src.data.dataset_loader - ============================================================
2026-05-21 12:31:29,979 [INFO] src.data.dataset_loader -   Sequences generated: 10000 (train=8000, test=2000)
2026-05-21 12:31:30,825 [INFO] DIMTrainer - Train: 40000 samples (625 batches)
