2026-05-16 22:40:22,535 [INFO] MainPipeline - Evaluation-only mode.
2026-05-16 22:40:22,537 [INFO] MainPipeline -   INCIDENT RESPONSE PLAYBOOK RECOMMENDATION SYSTEM
2026-05-16 22:40:22,537 [INFO] MainPipeline -   End-to-End Demo Pipeline
2026-05-16 22:40:22,540 [INFO] MainPipeline -   STEP 2.1 - Feature Extraction & Knowledge Graph
2026-05-16 22:40:22,541 [INFO] src.feature_extraction.ner_extractor - Memuat spaCy model: en_core_web_sm
2026-05-16 22:40:28,305 [INFO] src.feature_extraction.knowledge_graph - MITRE ATT&CK loaded: 835 techniques, 14 tactics
2026-05-16 22:40:28,340 [INFO] MainPipeline - 
  Text: Lazarus Group (APT38) deployed Cobalt Strike beacons from 192.168.10.5 targeting...
2026-05-16 22:40:28,340 [INFO] MainPipeline -   Entities: {'ACTOR': ['Lazarus Group', 'APT38'], 'IP_ADDRESS': ['192.168.10.5'], 'CVE': ['CVE-2021-44228'], 'MD5_HASH': ['44d88612fea8a8f36de82e1278abb02f'], 'DOMAIN': ['evil-domain.ru'], 'MITRE_TECHNIQUE': ['T1059.001'], 'MALWARE': ['ransomware', 'Ryuk', 'Cobalt Strike']}
2026-05-16 22:40:28,340 [INFO] MainPipeline -   Triplets generated: 25
2026-05-16 22:40:28,349 [INFO] MainPipeline - 
  Text: Port scan activity detected from 10.10.10.100 against internal subnet. T1046 (Ne...
2026-05-16 22:40:28,350 [INFO] MainPipeline -   Entities: {'TOOL': ['Discovery'], 'IP_ADDRESS': ['10.10.10.100'], 'MITRE_TECHNIQUE': ['T1046'], 'TACTIC': ['Discovery']}
2026-05-16 22:40:28,350 [INFO] MainPipeline -   Triplets generated: 0
2026-05-16 22:40:28,358 [INFO] MainPipeline - 
  Text: SQL injection attempt on web application from 203.0.113.42. CVE-2021-27101 explo...
2026-05-16 22:40:28,358 [INFO] MainPipeline -   Entities: {'IP_ADDRESS': ['203.0.113.42'], 'CVE': ['CVE-2021-27101'], 'MITRE_TECHNIQUE': ['T1190']}
2026-05-16 22:40:28,359 [INFO] MainPipeline -   Triplets generated: 1
2026-05-16 22:40:28,369 [INFO] MainPipeline - 
  Text: DDoS attack detected. 150,000 packets/sec from botnet. T1499 (Endpoint Denial of...
2026-05-16 22:40:28,369 [INFO] MainPipeline -   Entities: {'MITRE_TECHNIQUE': ['T1499'], 'MALWARE': ['botnet'], 'TACTIC': ['impact']}
2026-05-16 22:40:28,369 [INFO] MainPipeline -   Triplets generated: 2
2026-05-16 22:40:28,377 [INFO] MainPipeline - 
  Text: Emotet trojan dropper with SHA256 a3b1c2d4e5f67890123456789012345678901234567890...
2026-05-16 22:40:28,378 [INFO] MainPipeline -   Entities: {'MITRE_TECHNIQUE': ['T1021', 'T1003'], 'MALWARE': ['dropper', 'trojan', 'Emotet'], 'TACTIC': ['Credential access', 'lateral movement']}
2026-05-16 22:40:28,378 [INFO] MainPipeline -   Triplets generated: 12
2026-05-16 22:40:28,378 [INFO] MainPipeline - 
  Knowledge Graph Summary: {'total_triplets': 40, 'rdf_triples': 80, 'predicate_distribution': {'uses': 6, 'exploits': 3, 'communicatesWith': 6, 'implements': 10, 'partOf': 10, 'enables': 2, 'hasHash': 3}, 'unique_subjects': 15, 'unique_objects': 16}
2026-05-16 22:40:28,382 [INFO] MainPipeline -   STEP 2.2 - Automated Triage (TF-IDF Filter)
2026-05-16 22:40:28,384 [INFO] src.triage.tfidf_filter - [Triage Batch] N=15 | noise=0 | high-risk=15
2026-05-16 22:40:28,399 [INFO] MainPipeline - 
  Triage Stats: {'total_processed': 0, 'noise_eliminated': 0, 'high_risk_forwarded': 15, 'batches_evaluated': 1}
2026-05-16 22:40:28,400 [INFO] MainPipeline - 
  15/15 alerts lolos ke DIM pipeline
2026-05-16 22:40:28,400 [INFO] MainPipeline -   STEP 2.3+2.4 - DIM Inference & HITL Validation
2026-05-16 22:40:28,409 [INFO] src.models.dim - DIM initialized | params=463,425
2026-05-16 22:41:39,001 [INFO] MainPipeline - 
============================================================
2026-05-16 22:41:39,001 [INFO] MainPipeline -   FULL EVALUATION -- Best Checkpoint
2026-05-16 22:41:39,001 [INFO] MainPipeline - ============================================================
2026-05-16 22:41:39,010 [INFO] src.models.dim - DIM initialized | params=463,425
2026-05-16 22:42:12,392 [INFO] MainPipeline - 
============================================================
2026-05-16 22:42:12,393 [INFO] MainPipeline -   FULL EVALUATION -- Best Checkpoint
2026-05-16 22:42:12,393 [INFO] MainPipeline - ============================================================
2026-05-16 22:42:12,413 [INFO] src.models.dim - DIM initialized | params=463,425
2026-05-16 22:42:12,418 [INFO] MainPipeline -   Checkpoint: dim_best.pt (epoch=19, NDCG@5=0.8835)
2026-05-16 22:42:12,418 [INFO] MainPipeline -   Config    : max_seq_len=20, embed_dim=64
2026-05-16 22:42:12,421 [INFO] MainPipeline -   Loading Splunk BOTS test set ...
2026-05-16 22:42:12,426 [INFO] src.data.dataset_loader - Splunk BOTS: Generating 10000 synthetic sequences (seq_len=20)
2026-05-16 22:42:13,101 [INFO] MainPipeline -   Test set: 2000 sequences
2026-05-16 22:42:23,609 [INFO] MainPipeline - 
============================================================
2026-05-16 22:42:23,609 [INFO] MainPipeline -   RANKING METRICS (Best Checkpoint)
2026-05-16 22:42:23,609 [INFO] MainPipeline -   Dataset : Splunk BOTS v3 (synthetic sequences)
2026-05-16 22:42:23,610 [INFO] MainPipeline -   Samples : 2000 test queries | 21 playbook candidates
2026-05-16 22:42:23,610 [INFO] MainPipeline -   --------------------------------------------------------
2026-05-16 22:42:23,611 [INFO] MainPipeline -      K |  Hit Ratio |        MAP |       NDCG
2026-05-16 22:42:23,611 [INFO] MainPipeline -   --------------------------------------------------------
2026-05-16 22:42:23,611 [INFO] MainPipeline -      1 |     0.8545 |     0.8545 |     0.8545
2026-05-16 22:42:23,611 [INFO] MainPipeline -      3 |     0.8955 |     0.8730 |     0.8788
2026-05-16 22:42:23,611 [INFO] MainPipeline -      5 |     0.9070 |     0.8756 |     0.8835
2026-05-16 22:42:23,611 [INFO] MainPipeline -     10 |     0.9395 |     0.8798 |     0.8939
2026-05-16 22:42:23,611 [INFO] MainPipeline -   ========================================================
2026-05-16 22:42:23,611 [INFO] MainPipeline - 
  SOC OPERATIONAL METRICS (simulated)
2026-05-16 22:42:23,612 [INFO] MainPipeline -   --------------------------------------------------------
2026-05-16 22:42:23,613 [INFO] MainPipeline -   MTTD mean              : 1.60s  (std=1.54)
2026-05-16 22:42:23,613 [INFO] MainPipeline -   MTTR mean              : 18.05s  (std=16.91)
2026-05-16 22:42:23,613 [INFO] MainPipeline -   Workload Reduction mean: 67.0%
2026-05-16 22:42:23,614 [INFO] MainPipeline -   ========================================================
2026-05-16 22:42:23,614 [INFO] MainPipeline - 
  UNSW-NB15 / CICIDS2017 Classification Metrics
2026-05-16 22:42:23,614 [INFO] MainPipeline -   (Run test_modules.py untuk hasil klasifikasi lengkap)
2026-05-16 22:42:23,614 [INFO] MainPipeline - 
============================================================
2026-05-16 22:42:23,614 [INFO] MainPipeline -   Evaluasi selesai. Detail di logs/pipeline.log
2026-05-16 22:42:23,614 [INFO] MainPipeline - ============================================================

2026-05-21 10:59:48,009 [INFO] MainPipeline - 
================================================================
2026-05-21 10:59:48,009 [INFO] MainPipeline -   FULL EVALUATION -- Best Checkpoint
2026-05-21 10:59:48,009 [INFO] MainPipeline - ================================================================
2026-05-21 10:59:48,147 [INFO] src.models.dim - DIM initialized | params=463,425
2026-05-21 10:59:48,158 [INFO] MainPipeline -   Checkpoint  : epoch=19, NDCG@5=0.8835
2026-05-21 10:59:48,158 [INFO] MainPipeline -   Architecture: max_seq_len=20, embed_dim=64, params=463,425
2026-05-21 10:59:48,163 [INFO] MainPipeline -   Loading Splunk BOTS test set ...
2026-05-21 10:59:48,163 [INFO] src.data.dataset_loader - ============================================================
2026-05-21 10:59:48,163 [INFO] src.data.dataset_loader -   Splunk BOTS v3 -" Sequence Generation for DIM Training
2026-05-21 10:59:48,163 [INFO] src.data.dataset_loader - ============================================================
2026-05-21 10:59:48,163 [INFO] src.data.dataset_loader -   NOTE: DIM dilatih dari SYNTHETIC SEQUENCES yang diturunkan
2026-05-21 10:59:48,163 [INFO] src.data.dataset_loader -   dari distribusi eventcode Splunk BOTS v3, bukan raw log.
2026-05-21 10:59:48,163 [INFO] src.data.dataset_loader -   Eventcode dianotasi sistematis ke kelas playbook respons.
2026-05-21 10:59:48,164 [INFO] src.data.dataset_loader -   Gunakan loader.describe() untuk detail provenance lengkap.
2026-05-21 10:59:48,164 [INFO] src.data.dataset_loader - ------------------------------------------------------------
2026-05-21 10:59:48,209 [INFO] src.data.dataset_loader - Eventcode distribution loaded from BOTS: 10 unique event codes
2026-05-21 10:59:48,210 [INFO] src.data.dataset_loader -   Eventcode distribution source : bots_eventcode_csv (10 unique codes)
  Sequences to generate         : 10000
  Sequence length (max)         : 20
  Mapped playbook classes       : 7
2026-05-21 10:59:48,210 [INFO] src.data.dataset_loader - ============================================================
2026-05-21 10:59:48,883 [INFO] src.data.dataset_loader -   Sequences generated: 10000 (train=8000, test=2000)
2026-05-21 10:59:48,971 [INFO] MainPipeline -   Test set: 2000 sequences | 21 playbook candidates
2026-05-21 11:00:59,803 [INFO] MainPipeline - 
================================================================
2026-05-21 11:00:59,803 [INFO] MainPipeline -   FULL EVALUATION -- Best Checkpoint
2026-05-21 11:00:59,803 [INFO] MainPipeline - ================================================================
2026-05-21 11:00:59,833 [INFO] src.models.dim - DIM initialized | params=463,425
2026-05-21 11:00:59,837 [INFO] MainPipeline -   Checkpoint  : epoch=19, NDCG@5=0.8835
2026-05-21 11:00:59,838 [INFO] MainPipeline -   Architecture: max_seq_len=20, embed_dim=64, params=463,425
2026-05-21 11:00:59,839 [INFO] MainPipeline -   Loading Splunk BOTS test set ...
2026-05-21 11:00:59,840 [INFO] src.data.dataset_loader - ============================================================
2026-05-21 11:00:59,840 [INFO] src.data.dataset_loader -   Splunk BOTS v3 -" Sequence Generation for DIM Training
2026-05-21 11:00:59,840 [INFO] src.data.dataset_loader - ============================================================
2026-05-21 11:00:59,840 [INFO] src.data.dataset_loader -   NOTE: DIM dilatih dari SYNTHETIC SEQUENCES yang diturunkan
2026-05-21 11:00:59,840 [INFO] src.data.dataset_loader -   dari distribusi eventcode Splunk BOTS v3, bukan raw log.
2026-05-21 11:00:59,840 [INFO] src.data.dataset_loader -   Eventcode dianotasi sistematis ke kelas playbook respons.
2026-05-21 11:00:59,840 [INFO] src.data.dataset_loader -   Gunakan loader.describe() untuk detail provenance lengkap.
2026-05-21 11:00:59,840 [INFO] src.data.dataset_loader - ------------------------------------------------------------
2026-05-21 11:00:59,846 [INFO] src.data.dataset_loader - Eventcode distribution loaded from BOTS: 10 unique event codes
2026-05-21 11:00:59,846 [INFO] src.data.dataset_loader -   Eventcode distribution source : bots_eventcode_csv (10 unique codes)
  Sequences to generate         : 10000
  Sequence length (max)         : 20
  Mapped playbook classes       : 7
2026-05-21 11:00:59,846 [INFO] src.data.dataset_loader - ============================================================
2026-05-21 11:01:00,503 [INFO] src.data.dataset_loader -   Sequences generated: 10000 (train=8000, test=2000)
2026-05-21 11:01:00,605 [INFO] MainPipeline -   Test set: 2000 sequences | 21 playbook candidates
2026-05-21 11:01:12,749 [INFO] src.triage.tfidf_filter - [Triage] N=10 | theta_max_idf=2.0000 (fixed, theoretical_max=2.3026) | theta_tfidf=0.02
2026-05-21 11:01:12,749 [INFO] src.triage.tfidf_filter - [Triage Batch] N=10 | noise=0 | high-risk=10
2026-05-21 11:01:12,750 [INFO] src.triage.tfidf_filter - [Triage] N=10 | theta_max_idf=2.0000 (fixed, theoretical_max=2.3026) | theta_tfidf=0.02
2026-05-21 11:01:12,750 [INFO] src.triage.tfidf_filter - [Triage Batch] N=10 | noise=0 | high-risk=20
2026-05-21 11:01:12,750 [INFO] src.triage.tfidf_filter - [Triage] N=10 | theta_max_idf=2.0000 (fixed, theoretical_max=2.3026) | theta_tfidf=0.02
2026-05-21 11:01:12,750 [INFO] src.triage.tfidf_filter - [Triage Batch] N=10 | noise=0 | high-risk=30
2026-05-21 11:01:12,750 [INFO] src.triage.tfidf_filter - [Triage] N=10 | theta_max_idf=2.0000 (fixed, theoretical_max=2.3026) | theta_tfidf=0.02
2026-05-21 11:01:12,750 [INFO] src.triage.tfidf_filter - [Triage Batch] N=10 | noise=0 | high-risk=40
2026-05-21 11:01:12,750 [INFO] src.triage.tfidf_filter - [Triage] N=10 | theta_max_idf=2.0000 (fixed, theoretical_max=2.3026) | theta_tfidf=0.02
2026-05-21 11:01:12,750 [INFO] src.triage.tfidf_filter - [Triage Batch] N=10 | noise=0 | high-risk=50
2026-05-21 11:01:12,750 [INFO] src.triage.tfidf_filter - [Triage] N=10 | theta_max_idf=2.0000 (fixed, theoretical_max=2.3026) | theta_tfidf=0.02
2026-05-21 11:01:12,750 [INFO] src.triage.tfidf_filter - [Triage Batch] N=10 | noise=0 | high-risk=60
2026-05-21 11:01:12,750 [INFO] src.triage.tfidf_filter - [Triage] N=10 | theta_max_idf=2.0000 (fixed, theoretical_max=2.3026) | theta_tfidf=0.02
2026-05-21 11:01:12,750 [INFO] src.triage.tfidf_filter - [Triage Batch] N=10 | noise=0 | high-risk=70
2026-05-21 11:01:12,751 [INFO] src.triage.tfidf_filter - [Triage] N=10 | theta_max_idf=2.0000 (fixed, theoretical_max=2.3026) | theta_tfidf=0.02
2026-05-21 11:01:12,751 [INFO] src.triage.tfidf_filter - [Triage Batch] N=10 | noise=0 | high-risk=80
2026-05-21 11:01:12,751 [INFO] src.triage.tfidf_filter - [Triage] N=10 | theta_max_idf=2.0000 (fixed, theoretical_max=2.3026) | theta_tfidf=0.02
2026-05-21 11:01:12,751 [INFO] src.triage.tfidf_filter - [Triage Batch] N=10 | noise=0 | high-risk=90
2026-05-21 11:01:12,751 [INFO] src.triage.tfidf_filter - [Triage] N=10 | theta_max_idf=2.0000 (fixed, theoretical_max=2.3026) | theta_tfidf=0.02
2026-05-21 11:01:12,751 [INFO] src.triage.tfidf_filter - [Triage Batch] N=10 | noise=0 | high-risk=100
2026-05-21 11:01:12,751 [INFO] src.triage.tfidf_filter - [Triage] N=10 | theta_max_idf=2.0000 (fixed, theoretical_max=2.3026) | theta_tfidf=0.02
2026-05-21 11:01:12,751 [INFO] src.triage.tfidf_filter - [Triage Batch] N=10 | noise=0 | high-risk=110
2026-05-21 11:01:12,751 [INFO] src.triage.tfidf_filter - [Triage] N=10 | theta_max_idf=2.0000 (fixed, theoretical_max=2.3026) | theta_tfidf=0.02
2026-05-21 11:01:12,751 [INFO] src.triage.tfidf_filter - [Triage Batch] N=10 | noise=0 | high-risk=120
2026-05-21 11:01:12,751 [INFO] src.triage.tfidf_filter - [Triage] N=10 | theta_max_idf=2.0000 (fixed, theoretical_max=2.3026) | theta_tfidf=0.02
2026-05-21 11:01:12,751 [INFO] src.triage.tfidf_filter - [Triage Batch] N=10 | noise=0 | high-risk=130
2026-05-21 11:01:12,751 [INFO] src.triage.tfidf_filter - [Triage] N=10 | theta_max_idf=2.0000 (fixed, theoretical_max=2.3026) | theta_tfidf=0.02
2026-05-21 11:01:12,752 [INFO] src.triage.tfidf_filter - [Triage Batch] N=10 | noise=0 | high-risk=140
2026-05-21 11:01:12,752 [INFO] src.triage.tfidf_filter - [Triage] N=10 | theta_max_idf=2.0000 (fixed, theoretical_max=2.3026) | theta_tfidf=0.02
2026-05-21 11:01:12,753 [INFO] src.triage.tfidf_filter - [Triage Batch] N=10 | noise=0 | high-risk=150
2026-05-21 11:01:12,753 [INFO] src.triage.tfidf_filter - [Triage] N=10 | theta_max_idf=2.0000 (fixed, theoretical_max=2.3026) | theta_tfidf=0.02
2026-05-21 11:01:12,753 [INFO] src.triage.tfidf_filter - [Triage Batch] N=10 | noise=0 | high-risk=160
2026-05-21 11:01:12,753 [INFO] src.triage.tfidf_filter - [Triage] N=10 | theta_max_idf=2.0000 (fixed, theoretical_max=2.3026) | theta_tfidf=0.02
2026-05-21 11:01:12,754 [INFO] src.triage.tfidf_filter - [Triage Batch] N=10 | noise=0 | high-risk=170
2026-05-21 11:01:12,755 [INFO] src.triage.tfidf_filter - [Triage] N=10 | theta_max_idf=2.0000 (fixed, theoretical_max=2.3026) | theta_tfidf=0.02
2026-05-21 11:01:12,755 [INFO] src.triage.tfidf_filter - [Triage Batch] N=10 | noise=0 | high-risk=180
2026-05-21 11:01:12,755 [INFO] src.triage.tfidf_filter - [Triage] N=10 | theta_max_idf=2.0000 (fixed, theoretical_max=2.3026) | theta_tfidf=0.02
2026-05-21 11:01:12,755 [INFO] src.triage.tfidf_filter - [Triage Batch] N=10 | noise=0 | high-risk=190
2026-05-21 11:01:12,755 [INFO] src.triage.tfidf_filter - [Triage] N=10 | theta_max_idf=2.0000 (fixed, theoretical_max=2.3026) | theta_tfidf=0.02
2026-05-21 11:01:12,755 [INFO] src.triage.tfidf_filter - [Triage Batch] N=10 | noise=0 | high-risk=200
2026-05-21 11:01:12,756 [INFO] src.triage.tfidf_filter - [Triage] N=10 | theta_max_idf=2.0000 (fixed, theoretical_max=2.3026) | theta_tfidf=0.02
2026-05-21 11:01:12,756 [INFO] src.triage.tfidf_filter - [Triage Batch] N=10 | noise=0 | high-risk=210
2026-05-21 11:01:12,756 [INFO] src.triage.tfidf_filter - [Triage] N=10 | theta_max_idf=2.0000 (fixed, theoretical_max=2.3026) | theta_tfidf=0.02
2026-05-21 11:01:12,756 [INFO] src.triage.tfidf_filter - [Triage Batch] N=10 | noise=0 | high-risk=220
2026-05-21 11:01:12,756 [INFO] src.triage.tfidf_filter - [Triage] N=10 | theta_max_idf=2.0000 (fixed, theoretical_max=2.3026) | theta_tfidf=0.02
2026-05-21 11:01:12,757 [INFO] src.triage.tfidf_filter - [Triage Batch] N=10 | noise=0 | high-risk=230
2026-05-21 11:01:12,757 [INFO] src.triage.tfidf_filter - [Triage] N=10 | theta_max_idf=2.0000 (fixed, theoretical_max=2.3026) | theta_tfidf=0.02
2026-05-21 11:01:12,757 [INFO] src.triage.tfidf_filter - [Triage Batch] N=10 | noise=0 | high-risk=240
2026-05-21 11:01:12,757 [INFO] src.triage.tfidf_filter - [Triage] N=10 | theta_max_idf=2.0000 (fixed, theoretical_max=2.3026) | theta_tfidf=0.02
2026-05-21 11:01:12,757 [INFO] src.triage.tfidf_filter - [Triage Batch] N=10 | noise=0 | high-risk=250
2026-05-21 11:01:12,757 [INFO] src.triage.tfidf_filter - [Triage] N=10 | theta_max_idf=2.0000 (fixed, theoretical_max=2.3026) | theta_tfidf=0.02
2026-05-21 11:01:12,757 [INFO] src.triage.tfidf_filter - [Triage Batch] N=10 | noise=0 | high-risk=260
2026-05-21 11:01:12,758 [INFO] src.triage.tfidf_filter - [Triage] N=10 | theta_max_idf=2.0000 (fixed, theoretical_max=2.3026) | theta_tfidf=0.02
2026-05-21 11:01:12,758 [INFO] src.triage.tfidf_filter - [Triage Batch] N=10 | noise=0 | high-risk=270
2026-05-21 11:01:12,758 [INFO] src.triage.tfidf_filter - [Triage] N=10 | theta_max_idf=2.0000 (fixed, theoretical_max=2.3026) | theta_tfidf=0.02
2026-05-21 11:01:12,758 [INFO] src.triage.tfidf_filter - [Triage Batch] N=10 | noise=0 | high-risk=280
2026-05-21 11:01:12,758 [INFO] src.triage.tfidf_filter - [Triage] N=10 | theta_max_idf=2.0000 (fixed, theoretical_max=2.3026) | theta_tfidf=0.02
2026-05-21 11:01:12,758 [INFO] src.triage.tfidf_filter - [Triage Batch] N=10 | noise=0 | high-risk=290
2026-05-21 11:01:12,758 [INFO] src.triage.tfidf_filter - [Triage] N=10 | theta_max_idf=2.0000 (fixed, theoretical_max=2.3026) | theta_tfidf=0.02
2026-05-21 11:01:12,759 [INFO] src.triage.tfidf_filter - [Triage Batch] N=10 | noise=0 | high-risk=300
2026-05-21 11:01:12,759 [INFO] src.triage.tfidf_filter - [Triage] N=10 | theta_max_idf=2.0000 (fixed, theoretical_max=2.3026) | theta_tfidf=0.02
2026-05-21 11:01:12,759 [INFO] src.triage.tfidf_filter - [Triage Batch] N=10 | noise=0 | high-risk=310
2026-05-21 11:01:12,760 [INFO] src.triage.tfidf_filter - [Triage] N=10 | theta_max_idf=2.0000 (fixed, theoretical_max=2.3026) | theta_tfidf=0.02
2026-05-21 11:01:12,760 [INFO] src.triage.tfidf_filter - [Triage Batch] N=10 | noise=0 | high-risk=320
2026-05-21 11:01:12,760 [INFO] src.triage.tfidf_filter - [Triage] N=10 | theta_max_idf=2.0000 (fixed, theoretical_max=2.3026) | theta_tfidf=0.02
2026-05-21 11:01:12,760 [INFO] src.triage.tfidf_filter - [Triage Batch] N=10 | noise=0 | high-risk=330
2026-05-21 11:01:12,761 [INFO] src.triage.tfidf_filter - [Triage] N=10 | theta_max_idf=2.0000 (fixed, theoretical_max=2.3026) | theta_tfidf=0.02
2026-05-21 11:01:12,761 [INFO] src.triage.tfidf_filter - [Triage Batch] N=10 | noise=0 | high-risk=340
2026-05-21 11:01:12,762 [INFO] src.triage.tfidf_filter - [Triage] N=10 | theta_max_idf=2.0000 (fixed, theoretical_max=2.3026) | theta_tfidf=0.02
2026-05-21 11:01:12,762 [INFO] src.triage.tfidf_filter - [Triage Batch] N=10 | noise=0 | high-risk=350
2026-05-21 11:01:12,763 [INFO] src.triage.tfidf_filter - [Triage] N=10 | theta_max_idf=2.0000 (fixed, theoretical_max=2.3026) | theta_tfidf=0.02
2026-05-21 11:01:12,763 [INFO] src.triage.tfidf_filter - [Triage Batch] N=10 | noise=0 | high-risk=360
2026-05-21 11:01:12,763 [INFO] src.triage.tfidf_filter - [Triage] N=10 | theta_max_idf=2.0000 (fixed, theoretical_max=2.3026) | theta_tfidf=0.02
2026-05-21 11:01:12,764 [INFO] src.triage.tfidf_filter - [Triage Batch] N=10 | noise=0 | high-risk=370
2026-05-21 11:01:12,764 [INFO] src.triage.tfidf_filter - [Triage] N=10 | theta_max_idf=2.0000 (fixed, theoretical_max=2.3026) | theta_tfidf=0.02
2026-05-21 11:01:12,765 [INFO] src.triage.tfidf_filter - [Triage Batch] N=10 | noise=0 | high-risk=380
2026-05-21 11:01:12,766 [INFO] src.triage.tfidf_filter - [Triage] N=10 | theta_max_idf=2.0000 (fixed, theoretical_max=2.3026) | theta_tfidf=0.02
2026-05-21 11:01:12,766 [INFO] src.triage.tfidf_filter - [Triage Batch] N=10 | noise=0 | high-risk=390
2026-05-21 11:01:12,766 [INFO] src.triage.tfidf_filter - [Triage] N=10 | theta_max_idf=2.0000 (fixed, theoretical_max=2.3026) | theta_tfidf=0.02
2026-05-21 11:01:12,766 [INFO] src.triage.tfidf_filter - [Triage Batch] N=10 | noise=0 | high-risk=400
2026-05-21 11:01:12,766 [INFO] src.triage.tfidf_filter - [Triage] N=10 | theta_max_idf=2.0000 (fixed, theoretical_max=2.3026) | theta_tfidf=0.02
2026-05-21 11:01:12,767 [INFO] src.triage.tfidf_filter - [Triage Batch] N=10 | noise=0 | high-risk=410
2026-05-21 11:01:12,767 [INFO] src.triage.tfidf_filter - [Triage] N=10 | theta_max_idf=2.0000 (fixed, theoretical_max=2.3026) | theta_tfidf=0.02
2026-05-21 11:01:12,767 [INFO] src.triage.tfidf_filter - [Triage Batch] N=10 | noise=0 | high-risk=420
2026-05-21 11:01:12,767 [INFO] src.triage.tfidf_filter - [Triage] N=10 | theta_max_idf=2.0000 (fixed, theoretical_max=2.3026) | theta_tfidf=0.02
2026-05-21 11:01:12,768 [INFO] src.triage.tfidf_filter - [Triage Batch] N=10 | noise=0 | high-risk=430
2026-05-21 11:01:12,768 [INFO] src.triage.tfidf_filter - [Triage] N=10 | theta_max_idf=2.0000 (fixed, theoretical_max=2.3026) | theta_tfidf=0.02
2026-05-21 11:01:12,769 [INFO] src.triage.tfidf_filter - [Triage Batch] N=10 | noise=0 | high-risk=440
2026-05-21 11:01:12,769 [INFO] src.triage.tfidf_filter - [Triage] N=10 | theta_max_idf=2.0000 (fixed, theoretical_max=2.3026) | theta_tfidf=0.02
2026-05-21 11:01:12,770 [INFO] src.triage.tfidf_filter - [Triage Batch] N=10 | noise=0 | high-risk=450
2026-05-21 11:01:12,770 [INFO] src.triage.tfidf_filter - [Triage] N=10 | theta_max_idf=2.0000 (fixed, theoretical_max=2.3026) | theta_tfidf=0.02
2026-05-21 11:01:12,770 [INFO] src.triage.tfidf_filter - [Triage Batch] N=10 | noise=0 | high-risk=460
2026-05-21 11:01:12,770 [INFO] src.triage.tfidf_filter - [Triage] N=10 | theta_max_idf=2.0000 (fixed, theoretical_max=2.3026) | theta_tfidf=0.02
2026-05-21 11:01:12,770 [INFO] src.triage.tfidf_filter - [Triage Batch] N=10 | noise=0 | high-risk=470
2026-05-21 11:01:12,770 [INFO] src.triage.tfidf_filter - [Triage] N=10 | theta_max_idf=2.0000 (fixed, theoretical_max=2.3026) | theta_tfidf=0.02
2026-05-21 11:01:12,771 [INFO] src.triage.tfidf_filter - [Triage Batch] N=10 | noise=0 | high-risk=480
2026-05-21 11:01:12,771 [INFO] src.triage.tfidf_filter - [Triage] N=10 | theta_max_idf=2.0000 (fixed, theoretical_max=2.3026) | theta_tfidf=0.02
2026-05-21 11:01:12,771 [INFO] src.triage.tfidf_filter - [Triage Batch] N=10 | noise=0 | high-risk=490
2026-05-21 11:01:12,771 [INFO] src.triage.tfidf_filter - [Triage] N=10 | theta_max_idf=2.0000 (fixed, theoretical_max=2.3026) | theta_tfidf=0.02
2026-05-21 11:01:12,771 [INFO] src.triage.tfidf_filter - [Triage Batch] N=10 | noise=0 | high-risk=500
2026-05-21 11:01:12,771 [INFO] src.triage.tfidf_filter - [Triage] N=10 | theta_max_idf=2.0000 (fixed, theoretical_max=2.3026) | theta_tfidf=0.02
2026-05-21 11:01:12,771 [INFO] src.triage.tfidf_filter - [Triage Batch] N=10 | noise=0 | high-risk=510
2026-05-21 11:01:12,772 [INFO] src.triage.tfidf_filter - [Triage] N=10 | theta_max_idf=2.0000 (fixed, theoretical_max=2.3026) | theta_tfidf=0.02
2026-05-21 11:01:12,772 [INFO] src.triage.tfidf_filter - [Triage Batch] N=10 | noise=0 | high-risk=520
2026-05-21 11:01:12,772 [INFO] src.triage.tfidf_filter - [Triage] N=10 | theta_max_idf=2.0000 (fixed, theoretical_max=2.3026) | theta_tfidf=0.02
2026-05-21 11:01:12,772 [INFO] src.triage.tfidf_filter - [Triage Batch] N=10 | noise=0 | high-risk=530
2026-05-21 11:01:12,772 [INFO] src.triage.tfidf_filter - [Triage] N=10 | theta_max_idf=2.0000 (fixed, theoretical_max=2.3026) | theta_tfidf=0.02
2026-05-21 11:01:12,772 [INFO] src.triage.tfidf_filter - [Triage Batch] N=10 | noise=0 | high-risk=540
2026-05-21 11:01:12,773 [INFO] src.triage.tfidf_filter - [Triage] N=10 | theta_max_idf=2.0000 (fixed, theoretical_max=2.3026) | theta_tfidf=0.02
2026-05-21 11:01:12,773 [INFO] src.triage.tfidf_filter - [Triage Batch] N=10 | noise=0 | high-risk=550
2026-05-21 11:01:12,773 [INFO] src.triage.tfidf_filter - [Triage] N=10 | theta_max_idf=2.0000 (fixed, theoretical_max=2.3026) | theta_tfidf=0.02
2026-05-21 11:01:12,773 [INFO] src.triage.tfidf_filter - [Triage Batch] N=10 | noise=0 | high-risk=560
2026-05-21 11:01:12,773 [INFO] src.triage.tfidf_filter - [Triage] N=10 | theta_max_idf=2.0000 (fixed, theoretical_max=2.3026) | theta_tfidf=0.02
2026-05-21 11:01:12,774 [INFO] src.triage.tfidf_filter - [Triage Batch] N=10 | noise=0 | high-risk=570
2026-05-21 11:01:12,774 [INFO] src.triage.tfidf_filter - [Triage] N=10 | theta_max_idf=2.0000 (fixed, theoretical_max=2.3026) | theta_tfidf=0.02
2026-05-21 11:01:12,774 [INFO] src.triage.tfidf_filter - [Triage Batch] N=10 | noise=0 | high-risk=580
2026-05-21 11:01:12,774 [INFO] src.triage.tfidf_filter - [Triage] N=10 | theta_max_idf=2.0000 (fixed, theoretical_max=2.3026) | theta_tfidf=0.02
2026-05-21 11:01:12,774 [INFO] src.triage.tfidf_filter - [Triage Batch] N=10 | noise=0 | high-risk=590
2026-05-21 11:01:12,774 [INFO] src.triage.tfidf_filter - [Triage] N=10 | theta_max_idf=2.0000 (fixed, theoretical_max=2.3026) | theta_tfidf=0.02
2026-05-21 11:01:12,774 [INFO] src.triage.tfidf_filter - [Triage Batch] N=10 | noise=0 | high-risk=600
2026-05-21 11:01:12,775 [INFO] src.triage.tfidf_filter - [Triage] N=10 | theta_max_idf=2.0000 (fixed, theoretical_max=2.3026) | theta_tfidf=0.02
2026-05-21 11:01:12,775 [INFO] src.triage.tfidf_filter - [Triage Batch] N=10 | noise=0 | high-risk=610
2026-05-21 11:01:12,775 [INFO] src.triage.tfidf_filter - [Triage] N=10 | theta_max_idf=2.0000 (fixed, theoretical_max=2.3026) | theta_tfidf=0.02
2026-05-21 11:01:12,775 [INFO] src.triage.tfidf_filter - [Triage Batch] N=10 | noise=0 | high-risk=620
2026-05-21 11:01:12,775 [INFO] src.triage.tfidf_filter - [Triage] N=10 | theta_max_idf=2.0000 (fixed, theoretical_max=2.3026) | theta_tfidf=0.02
2026-05-21 11:01:12,775 [INFO] src.triage.tfidf_filter - [Triage Batch] N=10 | noise=0 | high-risk=630
2026-05-21 11:01:12,775 [INFO] src.triage.tfidf_filter - [Triage] N=10 | theta_max_idf=2.0000 (fixed, theoretical_max=2.3026) | theta_tfidf=0.02
2026-05-21 11:01:12,775 [INFO] src.triage.tfidf_filter - [Triage Batch] N=10 | noise=0 | high-risk=640
2026-05-21 11:01:12,776 [INFO] src.triage.tfidf_filter - [Triage] N=10 | theta_max_idf=2.0000 (fixed, theoretical_max=2.3026) | theta_tfidf=0.02
2026-05-21 11:01:12,776 [INFO] src.triage.tfidf_filter - [Triage Batch] N=10 | noise=0 | high-risk=650
2026-05-21 11:01:12,776 [INFO] src.triage.tfidf_filter - [Triage] N=10 | theta_max_idf=2.0000 (fixed, theoretical_max=2.3026) | theta_tfidf=0.02
2026-05-21 11:01:12,776 [INFO] src.triage.tfidf_filter - [Triage Batch] N=10 | noise=0 | high-risk=660
2026-05-21 11:01:12,777 [INFO] src.triage.tfidf_filter - [Triage] N=10 | theta_max_idf=2.0000 (fixed, theoretical_max=2.3026) | theta_tfidf=0.02
2026-05-21 11:01:12,777 [INFO] src.triage.tfidf_filter - [Triage Batch] N=10 | noise=0 | high-risk=670
2026-05-21 11:01:12,778 [INFO] src.triage.tfidf_filter - [Triage] N=10 | theta_max_idf=2.0000 (fixed, theoretical_max=2.3026) | theta_tfidf=0.02
2026-05-21 11:01:12,778 [INFO] src.triage.tfidf_filter - [Triage Batch] N=10 | noise=0 | high-risk=680
2026-05-21 11:01:12,779 [INFO] src.triage.tfidf_filter - [Triage] N=10 | theta_max_idf=2.0000 (fixed, theoretical_max=2.3026) | theta_tfidf=0.02
2026-05-21 11:01:12,779 [INFO] src.triage.tfidf_filter - [Triage Batch] N=10 | noise=0 | high-risk=690
2026-05-21 11:01:12,779 [INFO] src.triage.tfidf_filter - [Triage] N=10 | theta_max_idf=2.0000 (fixed, theoretical_max=2.3026) | theta_tfidf=0.02
2026-05-21 11:01:12,779 [INFO] src.triage.tfidf_filter - [Triage Batch] N=10 | noise=0 | high-risk=700
2026-05-21 11:01:12,780 [INFO] src.triage.tfidf_filter - [Triage] N=10 | theta_max_idf=2.0000 (fixed, theoretical_max=2.3026) | theta_tfidf=0.02
2026-05-21 11:01:12,780 [INFO] src.triage.tfidf_filter - [Triage Batch] N=10 | noise=0 | high-risk=710
2026-05-21 11:01:12,780 [INFO] src.triage.tfidf_filter - [Triage] N=10 | theta_max_idf=2.0000 (fixed, theoretical_max=2.3026) | theta_tfidf=0.02
2026-05-21 11:01:12,780 [INFO] src.triage.tfidf_filter - [Triage Batch] N=10 | noise=0 | high-risk=720
2026-05-21 11:01:12,780 [INFO] src.triage.tfidf_filter - [Triage] N=10 | theta_max_idf=2.0000 (fixed, theoretical_max=2.3026) | theta_tfidf=0.02
2026-05-21 11:01:12,780 [INFO] src.triage.tfidf_filter - [Triage Batch] N=10 | noise=0 | high-risk=730
2026-05-21 11:01:12,780 [INFO] src.triage.tfidf_filter - [Triage] N=10 | theta_max_idf=2.0000 (fixed, theoretical_max=2.3026) | theta_tfidf=0.02
2026-05-21 11:01:12,780 [INFO] src.triage.tfidf_filter - [Triage Batch] N=10 | noise=0 | high-risk=740
2026-05-21 11:01:12,780 [INFO] src.triage.tfidf_filter - [Triage] N=10 | theta_max_idf=2.0000 (fixed, theoretical_max=2.3026) | theta_tfidf=0.02
2026-05-21 11:01:12,780 [INFO] src.triage.tfidf_filter - [Triage Batch] N=10 | noise=0 | high-risk=750
2026-05-21 11:01:12,780 [INFO] src.triage.tfidf_filter - [Triage] N=10 | theta_max_idf=2.0000 (fixed, theoretical_max=2.3026) | theta_tfidf=0.02
2026-05-21 11:01:12,780 [INFO] src.triage.tfidf_filter - [Triage Batch] N=10 | noise=0 | high-risk=760
2026-05-21 11:01:12,780 [INFO] src.triage.tfidf_filter - [Triage] N=10 | theta_max_idf=2.0000 (fixed, theoretical_max=2.3026) | theta_tfidf=0.02
2026-05-21 11:01:12,781 [INFO] src.triage.tfidf_filter - [Triage Batch] N=10 | noise=0 | high-risk=770
2026-05-21 11:01:12,781 [INFO] src.triage.tfidf_filter - [Triage] N=10 | theta_max_idf=2.0000 (fixed, theoretical_max=2.3026) | theta_tfidf=0.02
2026-05-21 11:01:12,781 [INFO] src.triage.tfidf_filter - [Triage Batch] N=10 | noise=0 | high-risk=780
2026-05-21 11:01:12,781 [INFO] src.triage.tfidf_filter - [Triage] N=10 | theta_max_idf=2.0000 (fixed, theoretical_max=2.3026) | theta_tfidf=0.02
2026-05-21 11:01:12,781 [INFO] src.triage.tfidf_filter - [Triage Batch] N=10 | noise=0 | high-risk=790
2026-05-21 11:01:12,781 [INFO] src.triage.tfidf_filter - [Triage] N=10 | theta_max_idf=2.0000 (fixed, theoretical_max=2.3026) | theta_tfidf=0.02
2026-05-21 11:01:12,781 [INFO] src.triage.tfidf_filter - [Triage Batch] N=10 | noise=0 | high-risk=800
2026-05-21 11:01:12,781 [INFO] src.triage.tfidf_filter - [Triage] N=10 | theta_max_idf=2.0000 (fixed, theoretical_max=2.3026) | theta_tfidf=0.02
2026-05-21 11:01:12,781 [INFO] src.triage.tfidf_filter - [Triage Batch] N=10 | noise=0 | high-risk=810
2026-05-21 11:01:12,781 [INFO] src.triage.tfidf_filter - [Triage] N=10 | theta_max_idf=2.0000 (fixed, theoretical_max=2.3026) | theta_tfidf=0.02
2026-05-21 11:01:12,781 [INFO] src.triage.tfidf_filter - [Triage Batch] N=10 | noise=0 | high-risk=820
2026-05-21 11:01:12,781 [INFO] src.triage.tfidf_filter - [Triage] N=10 | theta_max_idf=2.0000 (fixed, theoretical_max=2.3026) | theta_tfidf=0.02
2026-05-21 11:01:12,781 [INFO] src.triage.tfidf_filter - [Triage Batch] N=10 | noise=0 | high-risk=830
2026-05-21 11:01:12,781 [INFO] src.triage.tfidf_filter - [Triage] N=10 | theta_max_idf=2.0000 (fixed, theoretical_max=2.3026) | theta_tfidf=0.02
2026-05-21 11:01:12,782 [INFO] src.triage.tfidf_filter - [Triage Batch] N=10 | noise=0 | high-risk=840
2026-05-21 11:01:12,782 [INFO] src.triage.tfidf_filter - [Triage] N=10 | theta_max_idf=2.0000 (fixed, theoretical_max=2.3026) | theta_tfidf=0.02
2026-05-21 11:01:12,782 [INFO] src.triage.tfidf_filter - [Triage Batch] N=10 | noise=0 | high-risk=850
2026-05-21 11:01:12,782 [INFO] src.triage.tfidf_filter - [Triage] N=10 | theta_max_idf=2.0000 (fixed, theoretical_max=2.3026) | theta_tfidf=0.02
2026-05-21 11:01:12,782 [INFO] src.triage.tfidf_filter - [Triage Batch] N=10 | noise=0 | high-risk=860
2026-05-21 11:01:12,782 [INFO] src.triage.tfidf_filter - [Triage] N=10 | theta_max_idf=2.0000 (fixed, theoretical_max=2.3026) | theta_tfidf=0.02
2026-05-21 11:01:12,782 [INFO] src.triage.tfidf_filter - [Triage Batch] N=10 | noise=0 | high-risk=870
2026-05-21 11:01:12,782 [INFO] src.triage.tfidf_filter - [Triage] N=10 | theta_max_idf=2.0000 (fixed, theoretical_max=2.3026) | theta_tfidf=0.02
2026-05-21 11:01:12,783 [INFO] src.triage.tfidf_filter - [Triage Batch] N=10 | noise=0 | high-risk=880
2026-05-21 11:01:12,784 [INFO] src.triage.tfidf_filter - [Triage] N=10 | theta_max_idf=2.0000 (fixed, theoretical_max=2.3026) | theta_tfidf=0.02
2026-05-21 11:01:12,784 [INFO] src.triage.tfidf_filter - [Triage Batch] N=10 | noise=0 | high-risk=890
2026-05-21 11:01:12,784 [INFO] src.triage.tfidf_filter - [Triage] N=10 | theta_max_idf=2.0000 (fixed, theoretical_max=2.3026) | theta_tfidf=0.02
2026-05-21 11:01:12,785 [INFO] src.triage.tfidf_filter - [Triage Batch] N=10 | noise=0 | high-risk=900
2026-05-21 11:01:12,785 [INFO] src.triage.tfidf_filter - [Triage] N=10 | theta_max_idf=2.0000 (fixed, theoretical_max=2.3026) | theta_tfidf=0.02
2026-05-21 11:01:12,785 [INFO] src.triage.tfidf_filter - [Triage Batch] N=10 | noise=0 | high-risk=910
2026-05-21 11:01:12,785 [INFO] src.triage.tfidf_filter - [Triage] N=10 | theta_max_idf=2.0000 (fixed, theoretical_max=2.3026) | theta_tfidf=0.02
2026-05-21 11:01:12,785 [INFO] src.triage.tfidf_filter - [Triage Batch] N=10 | noise=0 | high-risk=920
2026-05-21 11:01:12,785 [INFO] src.triage.tfidf_filter - [Triage] N=10 | theta_max_idf=2.0000 (fixed, theoretical_max=2.3026) | theta_tfidf=0.02
2026-05-21 11:01:12,785 [INFO] src.triage.tfidf_filter - [Triage Batch] N=10 | noise=0 | high-risk=930
2026-05-21 11:01:12,785 [INFO] src.triage.tfidf_filter - [Triage] N=10 | theta_max_idf=2.0000 (fixed, theoretical_max=2.3026) | theta_tfidf=0.02
2026-05-21 11:01:12,785 [INFO] src.triage.tfidf_filter - [Triage Batch] N=10 | noise=0 | high-risk=940
2026-05-21 11:01:12,785 [INFO] src.triage.tfidf_filter - [Triage] N=10 | theta_max_idf=2.0000 (fixed, theoretical_max=2.3026) | theta_tfidf=0.02
2026-05-21 11:01:12,785 [INFO] src.triage.tfidf_filter - [Triage Batch] N=10 | noise=0 | high-risk=950
2026-05-21 11:01:12,785 [INFO] src.triage.tfidf_filter - [Triage] N=10 | theta_max_idf=2.0000 (fixed, theoretical_max=2.3026) | theta_tfidf=0.02
2026-05-21 11:01:12,785 [INFO] src.triage.tfidf_filter - [Triage Batch] N=10 | noise=0 | high-risk=960
2026-05-21 11:01:12,785 [INFO] src.triage.tfidf_filter - [Triage] N=10 | theta_max_idf=2.0000 (fixed, theoretical_max=2.3026) | theta_tfidf=0.02
2026-05-21 11:01:12,786 [INFO] src.triage.tfidf_filter - [Triage Batch] N=10 | noise=0 | high-risk=970
2026-05-21 11:01:12,786 [INFO] src.triage.tfidf_filter - [Triage] N=10 | theta_max_idf=2.0000 (fixed, theoretical_max=2.3026) | theta_tfidf=0.02
2026-05-21 11:01:12,786 [INFO] src.triage.tfidf_filter - [Triage Batch] N=10 | noise=0 | high-risk=980
2026-05-21 11:01:12,786 [INFO] src.triage.tfidf_filter - [Triage] N=10 | theta_max_idf=2.0000 (fixed, theoretical_max=2.3026) | theta_tfidf=0.02
2026-05-21 11:01:12,786 [INFO] src.triage.tfidf_filter - [Triage Batch] N=10 | noise=0 | high-risk=990
2026-05-21 11:01:12,786 [INFO] src.triage.tfidf_filter - [Triage] N=10 | theta_max_idf=2.0000 (fixed, theoretical_max=2.3026) | theta_tfidf=0.02
2026-05-21 11:01:12,786 [INFO] src.triage.tfidf_filter - [Triage Batch] N=10 | noise=0 | high-risk=1000
2026-05-21 11:01:12,786 [INFO] src.triage.tfidf_filter - [Triage] N=10 | theta_max_idf=2.0000 (fixed, theoretical_max=2.3026) | theta_tfidf=0.02
2026-05-21 11:01:12,786 [INFO] src.triage.tfidf_filter - [Triage Batch] N=10 | noise=0 | high-risk=1010
2026-05-21 11:01:12,786 [INFO] src.triage.tfidf_filter - [Triage] N=10 | theta_max_idf=2.0000 (fixed, theoretical_max=2.3026) | theta_tfidf=0.02
2026-05-21 11:01:12,786 [INFO] src.triage.tfidf_filter - [Triage Batch] N=10 | noise=0 | high-risk=1020
2026-05-21 11:01:12,786 [INFO] src.triage.tfidf_filter - [Triage] N=10 | theta_max_idf=2.0000 (fixed, theoretical_max=2.3026) | theta_tfidf=0.02
2026-05-21 11:01:12,786 [INFO] src.triage.tfidf_filter - [Triage Batch] N=10 | noise=0 | high-risk=1030
2026-05-21 11:01:12,786 [INFO] src.triage.tfidf_filter - [Triage] N=10 | theta_max_idf=2.0000 (fixed, theoretical_max=2.3026) | theta_tfidf=0.02
2026-05-21 11:01:12,786 [INFO] src.triage.tfidf_filter - [Triage Batch] N=10 | noise=0 | high-risk=1040
2026-05-21 11:01:12,786 [INFO] src.triage.tfidf_filter - [Triage] N=10 | theta_max_idf=2.0000 (fixed, theoretical_max=2.3026) | theta_tfidf=0.02
2026-05-21 11:01:12,787 [INFO] src.triage.tfidf_filter - [Triage Batch] N=10 | noise=0 | high-risk=1050
2026-05-21 11:01:12,787 [INFO] src.triage.tfidf_filter - [Triage] N=10 | theta_max_idf=2.0000 (fixed, theoretical_max=2.3026) | theta_tfidf=0.02
2026-05-21 11:01:12,787 [INFO] src.triage.tfidf_filter - [Triage Batch] N=10 | noise=0 | high-risk=1060
2026-05-21 11:01:12,787 [INFO] src.triage.tfidf_filter - [Triage] N=10 | theta_max_idf=2.0000 (fixed, theoretical_max=2.3026) | theta_tfidf=0.02
2026-05-21 11:01:12,787 [INFO] src.triage.tfidf_filter - [Triage Batch] N=10 | noise=0 | high-risk=1070
2026-05-21 11:01:12,787 [INFO] src.triage.tfidf_filter - [Triage] N=10 | theta_max_idf=2.0000 (fixed, theoretical_max=2.3026) | theta_tfidf=0.02
2026-05-21 11:01:12,787 [INFO] src.triage.tfidf_filter - [Triage Batch] N=10 | noise=0 | high-risk=1080
2026-05-21 11:01:12,788 [INFO] src.triage.tfidf_filter - [Triage] N=10 | theta_max_idf=2.0000 (fixed, theoretical_max=2.3026) | theta_tfidf=0.02
2026-05-21 11:01:12,788 [INFO] src.triage.tfidf_filter - [Triage Batch] N=10 | noise=0 | high-risk=1090
2026-05-21 11:01:12,788 [INFO] src.triage.tfidf_filter - [Triage] N=10 | theta_max_idf=2.0000 (fixed, theoretical_max=2.3026) | theta_tfidf=0.02
2026-05-21 11:01:12,788 [INFO] src.triage.tfidf_filter - [Triage Batch] N=10 | noise=0 | high-risk=1100
2026-05-21 11:01:12,788 [INFO] src.triage.tfidf_filter - [Triage] N=10 | theta_max_idf=2.0000 (fixed, theoretical_max=2.3026) | theta_tfidf=0.02
2026-05-21 11:01:12,788 [INFO] src.triage.tfidf_filter - [Triage Batch] N=10 | noise=0 | high-risk=1110
2026-05-21 11:01:12,788 [INFO] src.triage.tfidf_filter - [Triage] N=10 | theta_max_idf=2.0000 (fixed, theoretical_max=2.3026) | theta_tfidf=0.02
2026-05-21 11:01:12,788 [INFO] src.triage.tfidf_filter - [Triage Batch] N=10 | noise=0 | high-risk=1120
2026-05-21 11:01:12,788 [INFO] src.triage.tfidf_filter - [Triage] N=10 | theta_max_idf=2.0000 (fixed, theoretical_max=2.3026) | theta_tfidf=0.02
2026-05-21 11:01:12,788 [INFO] src.triage.tfidf_filter - [Triage Batch] N=10 | noise=0 | high-risk=1130
2026-05-21 11:01:12,788 [INFO] src.triage.tfidf_filter - [Triage] N=10 | theta_max_idf=2.0000 (fixed, theoretical_max=2.3026) | theta_tfidf=0.02
2026-05-21 11:01:12,788 [INFO] src.triage.tfidf_filter - [Triage Batch] N=10 | noise=0 | high-risk=1140
2026-05-21 11:01:12,788 [INFO] src.triage.tfidf_filter - [Triage] N=10 | theta_max_idf=2.0000 (fixed, theoretical_max=2.3026) | theta_tfidf=0.02
2026-05-21 11:01:12,789 [INFO] src.triage.tfidf_filter - [Triage Batch] N=10 | noise=0 | high-risk=1150
2026-05-21 11:01:12,789 [INFO] src.triage.tfidf_filter - [Triage] N=10 | theta_max_idf=2.0000 (fixed, theoretical_max=2.3026) | theta_tfidf=0.02
2026-05-21 11:01:12,789 [INFO] src.triage.tfidf_filter - [Triage Batch] N=10 | noise=0 | high-risk=1160
2026-05-21 11:01:12,789 [INFO] src.triage.tfidf_filter - [Triage] N=10 | theta_max_idf=2.0000 (fixed, theoretical_max=2.3026) | theta_tfidf=0.02
2026-05-21 11:01:12,789 [INFO] src.triage.tfidf_filter - [Triage Batch] N=10 | noise=0 | high-risk=1170
2026-05-21 11:01:12,789 [INFO] src.triage.tfidf_filter - [Triage] N=10 | theta_max_idf=2.0000 (fixed, theoretical_max=2.3026) | theta_tfidf=0.02
2026-05-21 11:01:12,789 [INFO] src.triage.tfidf_filter - [Triage Batch] N=10 | noise=0 | high-risk=1180
2026-05-21 11:01:12,789 [INFO] src.triage.tfidf_filter - [Triage] N=10 | theta_max_idf=2.0000 (fixed, theoretical_max=2.3026) | theta_tfidf=0.02
2026-05-21 11:01:12,789 [INFO] src.triage.tfidf_filter - [Triage Batch] N=10 | noise=0 | high-risk=1190
2026-05-21 11:01:12,789 [INFO] src.triage.tfidf_filter - [Triage] N=10 | theta_max_idf=2.0000 (fixed, theoretical_max=2.3026) | theta_tfidf=0.02
2026-05-21 11:01:12,790 [INFO] src.triage.tfidf_filter - [Triage Batch] N=10 | noise=0 | high-risk=1200
2026-05-21 11:01:12,790 [INFO] src.triage.tfidf_filter - [Triage] N=10 | theta_max_idf=2.0000 (fixed, theoretical_max=2.3026) | theta_tfidf=0.02
2026-05-21 11:01:12,790 [INFO] src.triage.tfidf_filter - [Triage Batch] N=10 | noise=0 | high-risk=1210
2026-05-21 11:01:12,790 [INFO] src.triage.tfidf_filter - [Triage] N=10 | theta_max_idf=2.0000 (fixed, theoretical_max=2.3026) | theta_tfidf=0.02
2026-05-21 11:01:12,790 [INFO] src.triage.tfidf_filter - [Triage Batch] N=10 | noise=0 | high-risk=1220
2026-05-21 11:01:12,790 [INFO] src.triage.tfidf_filter - [Triage] N=10 | theta_max_idf=2.0000 (fixed, theoretical_max=2.3026) | theta_tfidf=0.02
2026-05-21 11:01:12,791 [INFO] src.triage.tfidf_filter - [Triage Batch] N=10 | noise=0 | high-risk=1230
2026-05-21 11:01:12,791 [INFO] src.triage.tfidf_filter - [Triage] N=10 | theta_max_idf=2.0000 (fixed, theoretical_max=2.3026) | theta_tfidf=0.02
2026-05-21 11:01:12,791 [INFO] src.triage.tfidf_filter - [Triage Batch] N=10 | noise=0 | high-risk=1240
2026-05-21 11:01:12,791 [INFO] src.triage.tfidf_filter - [Triage] N=10 | theta_max_idf=2.0000 (fixed, theoretical_max=2.3026) | theta_tfidf=0.02
2026-05-21 11:01:12,791 [INFO] src.triage.tfidf_filter - [Triage Batch] N=10 | noise=0 | high-risk=1250
2026-05-21 11:01:12,791 [INFO] src.triage.tfidf_filter - [Triage] N=10 | theta_max_idf=2.0000 (fixed, theoretical_max=2.3026) | theta_tfidf=0.02
2026-05-21 11:01:12,791 [INFO] src.triage.tfidf_filter - [Triage Batch] N=10 | noise=0 | high-risk=1260
2026-05-21 11:01:12,791 [INFO] src.triage.tfidf_filter - [Triage] N=10 | theta_max_idf=2.0000 (fixed, theoretical_max=2.3026) | theta_tfidf=0.02
2026-05-21 11:01:12,791 [INFO] src.triage.tfidf_filter - [Triage Batch] N=10 | noise=0 | high-risk=1270
2026-05-21 11:01:12,791 [INFO] src.triage.tfidf_filter - [Triage] N=10 | theta_max_idf=2.0000 (fixed, theoretical_max=2.3026) | theta_tfidf=0.02
2026-05-21 11:01:12,791 [INFO] src.triage.tfidf_filter - [Triage Batch] N=10 | noise=0 | high-risk=1280
2026-05-21 11:01:12,792 [INFO] src.triage.tfidf_filter - [Triage] N=10 | theta_max_idf=2.0000 (fixed, theoretical_max=2.3026) | theta_tfidf=0.02
2026-05-21 11:01:12,792 [INFO] src.triage.tfidf_filter - [Triage Batch] N=10 | noise=0 | high-risk=1290
2026-05-21 11:01:12,792 [INFO] src.triage.tfidf_filter - [Triage] N=10 | theta_max_idf=2.0000 (fixed, theoretical_max=2.3026) | theta_tfidf=0.02
2026-05-21 11:01:12,792 [INFO] src.triage.tfidf_filter - [Triage Batch] N=10 | noise=0 | high-risk=1300
2026-05-21 11:01:12,792 [INFO] src.triage.tfidf_filter - [Triage] N=10 | theta_max_idf=2.0000 (fixed, theoretical_max=2.3026) | theta_tfidf=0.02
2026-05-21 11:01:12,792 [INFO] src.triage.tfidf_filter - [Triage Batch] N=10 | noise=0 | high-risk=1310
2026-05-21 11:01:12,792 [INFO] src.triage.tfidf_filter - [Triage] N=10 | theta_max_idf=2.0000 (fixed, theoretical_max=2.3026) | theta_tfidf=0.02
2026-05-21 11:01:12,792 [INFO] src.triage.tfidf_filter - [Triage Batch] N=10 | noise=0 | high-risk=1320
2026-05-21 11:01:12,792 [INFO] src.triage.tfidf_filter - [Triage] N=10 | theta_max_idf=2.0000 (fixed, theoretical_max=2.3026) | theta_tfidf=0.02
2026-05-21 11:01:12,792 [INFO] src.triage.tfidf_filter - [Triage Batch] N=10 | noise=0 | high-risk=1330
2026-05-21 11:01:12,792 [INFO] src.triage.tfidf_filter - [Triage] N=10 | theta_max_idf=2.0000 (fixed, theoretical_max=2.3026) | theta_tfidf=0.02
2026-05-21 11:01:12,793 [INFO] src.triage.tfidf_filter - [Triage Batch] N=10 | noise=0 | high-risk=1340
2026-05-21 11:01:12,793 [INFO] src.triage.tfidf_filter - [Triage] N=10 | theta_max_idf=2.0000 (fixed, theoretical_max=2.3026) | theta_tfidf=0.02
2026-05-21 11:01:12,793 [INFO] src.triage.tfidf_filter - [Triage Batch] N=10 | noise=0 | high-risk=1350
2026-05-21 11:01:12,793 [INFO] src.triage.tfidf_filter - [Triage] N=10 | theta_max_idf=2.0000 (fixed, theoretical_max=2.3026) | theta_tfidf=0.02
2026-05-21 11:01:12,793 [INFO] src.triage.tfidf_filter - [Triage Batch] N=10 | noise=0 | high-risk=1360
2026-05-21 11:01:12,793 [INFO] src.triage.tfidf_filter - [Triage] N=10 | theta_max_idf=2.0000 (fixed, theoretical_max=2.3026) | theta_tfidf=0.02
2026-05-21 11:01:12,794 [INFO] src.triage.tfidf_filter - [Triage Batch] N=10 | noise=0 | high-risk=1370
2026-05-21 11:01:12,794 [INFO] src.triage.tfidf_filter - [Triage] N=10 | theta_max_idf=2.0000 (fixed, theoretical_max=2.3026) | theta_tfidf=0.02
2026-05-21 11:01:12,795 [INFO] src.triage.tfidf_filter - [Triage Batch] N=10 | noise=0 | high-risk=1380
2026-05-21 11:01:12,795 [INFO] src.triage.tfidf_filter - [Triage] N=10 | theta_max_idf=2.0000 (fixed, theoretical_max=2.3026) | theta_tfidf=0.02
2026-05-21 11:01:12,795 [INFO] src.triage.tfidf_filter - [Triage Batch] N=10 | noise=0 | high-risk=1390
2026-05-21 11:01:12,795 [INFO] src.triage.tfidf_filter - [Triage] N=10 | theta_max_idf=2.0000 (fixed, theoretical_max=2.3026) | theta_tfidf=0.02
2026-05-21 11:01:12,796 [INFO] src.triage.tfidf_filter - [Triage Batch] N=10 | noise=0 | high-risk=1400
2026-05-21 11:01:12,796 [INFO] src.triage.tfidf_filter - [Triage] N=10 | theta_max_idf=2.0000 (fixed, theoretical_max=2.3026) | theta_tfidf=0.02
2026-05-21 11:01:12,796 [INFO] src.triage.tfidf_filter - [Triage Batch] N=10 | noise=0 | high-risk=1410
2026-05-21 11:01:12,796 [INFO] src.triage.tfidf_filter - [Triage] N=10 | theta_max_idf=2.0000 (fixed, theoretical_max=2.3026) | theta_tfidf=0.02
2026-05-21 11:01:12,797 [INFO] src.triage.tfidf_filter - [Triage Batch] N=10 | noise=0 | high-risk=1420
2026-05-21 11:01:12,797 [INFO] src.triage.tfidf_filter - [Triage] N=10 | theta_max_idf=2.0000 (fixed, theoretical_max=2.3026) | theta_tfidf=0.02
2026-05-21 11:01:12,798 [INFO] src.triage.tfidf_filter - [Triage Batch] N=10 | noise=0 | high-risk=1430
2026-05-21 11:01:12,798 [INFO] src.triage.tfidf_filter - [Triage] N=10 | theta_max_idf=2.0000 (fixed, theoretical_max=2.3026) | theta_tfidf=0.02
2026-05-21 11:01:12,798 [INFO] src.triage.tfidf_filter - [Triage Batch] N=10 | noise=0 | high-risk=1440
2026-05-21 11:01:12,798 [INFO] src.triage.tfidf_filter - [Triage] N=10 | theta_max_idf=2.0000 (fixed, theoretical_max=2.3026) | theta_tfidf=0.02
2026-05-21 11:01:12,798 [INFO] src.triage.tfidf_filter - [Triage Batch] N=10 | noise=0 | high-risk=1450
2026-05-21 11:01:12,798 [INFO] src.triage.tfidf_filter - [Triage] N=10 | theta_max_idf=2.0000 (fixed, theoretical_max=2.3026) | theta_tfidf=0.02
2026-05-21 11:01:12,799 [INFO] src.triage.tfidf_filter - [Triage Batch] N=10 | noise=0 | high-risk=1460
2026-05-21 11:01:12,799 [INFO] src.triage.tfidf_filter - [Triage] N=10 | theta_max_idf=2.0000 (fixed, theoretical_max=2.3026) | theta_tfidf=0.02
2026-05-21 11:01:12,800 [INFO] src.triage.tfidf_filter - [Triage Batch] N=10 | noise=0 | high-risk=1470
2026-05-21 11:01:12,800 [INFO] src.triage.tfidf_filter - [Triage] N=10 | theta_max_idf=2.0000 (fixed, theoretical_max=2.3026) | theta_tfidf=0.02
2026-05-21 11:01:12,800 [INFO] src.triage.tfidf_filter - [Triage Batch] N=10 | noise=0 | high-risk=1480
2026-05-21 11:01:12,800 [INFO] src.triage.tfidf_filter - [Triage] N=10 | theta_max_idf=2.0000 (fixed, theoretical_max=2.3026) | theta_tfidf=0.02
2026-05-21 11:01:12,800 [INFO] src.triage.tfidf_filter - [Triage Batch] N=10 | noise=0 | high-risk=1490
2026-05-21 11:01:12,801 [INFO] src.triage.tfidf_filter - [Triage] N=10 | theta_max_idf=2.0000 (fixed, theoretical_max=2.3026) | theta_tfidf=0.02
2026-05-21 11:01:12,801 [INFO] src.triage.tfidf_filter - [Triage Batch] N=10 | noise=0 | high-risk=1500
2026-05-21 11:01:12,801 [INFO] src.triage.tfidf_filter - [Triage] N=10 | theta_max_idf=2.0000 (fixed, theoretical_max=2.3026) | theta_tfidf=0.02
2026-05-21 11:01:12,802 [INFO] src.triage.tfidf_filter - [Triage Batch] N=10 | noise=0 | high-risk=1510
2026-05-21 11:01:12,802 [INFO] src.triage.tfidf_filter - [Triage] N=10 | theta_max_idf=2.0000 (fixed, theoretical_max=2.3026) | theta_tfidf=0.02
2026-05-21 11:01:12,802 [INFO] src.triage.tfidf_filter - [Triage Batch] N=10 | noise=0 | high-risk=1520
2026-05-21 11:01:12,802 [INFO] src.triage.tfidf_filter - [Triage] N=10 | theta_max_idf=2.0000 (fixed, theoretical_max=2.3026) | theta_tfidf=0.02
2026-05-21 11:01:12,802 [INFO] src.triage.tfidf_filter - [Triage Batch] N=10 | noise=0 | high-risk=1530
2026-05-21 11:01:12,802 [INFO] src.triage.tfidf_filter - [Triage] N=10 | theta_max_idf=2.0000 (fixed, theoretical_max=2.3026) | theta_tfidf=0.02
2026-05-21 11:01:12,802 [INFO] src.triage.tfidf_filter - [Triage Batch] N=10 | noise=0 | high-risk=1540
2026-05-21 11:01:12,802 [INFO] src.triage.tfidf_filter - [Triage] N=10 | theta_max_idf=2.0000 (fixed, theoretical_max=2.3026) | theta_tfidf=0.02
2026-05-21 11:01:12,802 [INFO] src.triage.tfidf_filter - [Triage Batch] N=10 | noise=0 | high-risk=1550
2026-05-21 11:01:12,802 [INFO] src.triage.tfidf_filter - [Triage] N=10 | theta_max_idf=2.0000 (fixed, theoretical_max=2.3026) | theta_tfidf=0.02
2026-05-21 11:01:12,803 [INFO] src.triage.tfidf_filter - [Triage Batch] N=10 | noise=0 | high-risk=1560
2026-05-21 11:01:12,803 [INFO] src.triage.tfidf_filter - [Triage] N=10 | theta_max_idf=2.0000 (fixed, theoretical_max=2.3026) | theta_tfidf=0.02
2026-05-21 11:01:12,803 [INFO] src.triage.tfidf_filter - [Triage Batch] N=10 | noise=0 | high-risk=1570
2026-05-21 11:01:12,803 [INFO] src.triage.tfidf_filter - [Triage] N=10 | theta_max_idf=2.0000 (fixed, theoretical_max=2.3026) | theta_tfidf=0.02
2026-05-21 11:01:12,803 [INFO] src.triage.tfidf_filter - [Triage Batch] N=10 | noise=0 | high-risk=1580
2026-05-21 11:01:12,803 [INFO] src.triage.tfidf_filter - [Triage] N=10 | theta_max_idf=2.0000 (fixed, theoretical_max=2.3026) | theta_tfidf=0.02
2026-05-21 11:01:12,803 [INFO] src.triage.tfidf_filter - [Triage Batch] N=10 | noise=0 | high-risk=1590
2026-05-21 11:01:12,803 [INFO] src.triage.tfidf_filter - [Triage] N=10 | theta_max_idf=2.0000 (fixed, theoretical_max=2.3026) | theta_tfidf=0.02
2026-05-21 11:01:12,803 [INFO] src.triage.tfidf_filter - [Triage Batch] N=10 | noise=0 | high-risk=1600
2026-05-21 11:01:12,803 [INFO] src.triage.tfidf_filter - [Triage] N=10 | theta_max_idf=2.0000 (fixed, theoretical_max=2.3026) | theta_tfidf=0.02
2026-05-21 11:01:12,803 [INFO] src.triage.tfidf_filter - [Triage Batch] N=10 | noise=0 | high-risk=1610
2026-05-21 11:01:12,803 [INFO] src.triage.tfidf_filter - [Triage] N=10 | theta_max_idf=2.0000 (fixed, theoretical_max=2.3026) | theta_tfidf=0.02
2026-05-21 11:01:12,803 [INFO] src.triage.tfidf_filter - [Triage Batch] N=10 | noise=0 | high-risk=1620
2026-05-21 11:01:12,804 [INFO] src.triage.tfidf_filter - [Triage] N=10 | theta_max_idf=2.0000 (fixed, theoretical_max=2.3026) | theta_tfidf=0.02
2026-05-21 11:01:12,804 [INFO] src.triage.tfidf_filter - [Triage Batch] N=10 | noise=0 | high-risk=1630
2026-05-21 11:01:12,804 [INFO] src.triage.tfidf_filter - [Triage] N=10 | theta_max_idf=2.0000 (fixed, theoretical_max=2.3026) | theta_tfidf=0.02
2026-05-21 11:01:12,804 [INFO] src.triage.tfidf_filter - [Triage Batch] N=10 | noise=0 | high-risk=1640
2026-05-21 11:01:12,804 [INFO] src.triage.tfidf_filter - [Triage] N=10 | theta_max_idf=2.0000 (fixed, theoretical_max=2.3026) | theta_tfidf=0.02
2026-05-21 11:01:12,804 [INFO] src.triage.tfidf_filter - [Triage Batch] N=10 | noise=0 | high-risk=1650
2026-05-21 11:01:12,804 [INFO] src.triage.tfidf_filter - [Triage] N=10 | theta_max_idf=2.0000 (fixed, theoretical_max=2.3026) | theta_tfidf=0.02
2026-05-21 11:01:12,804 [INFO] src.triage.tfidf_filter - [Triage Batch] N=10 | noise=0 | high-risk=1660
2026-05-21 11:01:12,804 [INFO] src.triage.tfidf_filter - [Triage] N=10 | theta_max_idf=2.0000 (fixed, theoretical_max=2.3026) | theta_tfidf=0.02
2026-05-21 11:01:12,804 [INFO] src.triage.tfidf_filter - [Triage Batch] N=10 | noise=0 | high-risk=1670
2026-05-21 11:01:12,804 [INFO] src.triage.tfidf_filter - [Triage] N=10 | theta_max_idf=2.0000 (fixed, theoretical_max=2.3026) | theta_tfidf=0.02
2026-05-21 11:01:12,804 [INFO] src.triage.tfidf_filter - [Triage Batch] N=10 | noise=0 | high-risk=1680
2026-05-21 11:01:12,804 [INFO] src.triage.tfidf_filter - [Triage] N=10 | theta_max_idf=2.0000 (fixed, theoretical_max=2.3026) | theta_tfidf=0.02
2026-05-21 11:01:12,805 [INFO] src.triage.tfidf_filter - [Triage Batch] N=10 | noise=0 | high-risk=1690
2026-05-21 11:01:12,805 [INFO] src.triage.tfidf_filter - [Triage] N=10 | theta_max_idf=2.0000 (fixed, theoretical_max=2.3026) | theta_tfidf=0.02
2026-05-21 11:01:12,805 [INFO] src.triage.tfidf_filter - [Triage Batch] N=10 | noise=0 | high-risk=1700
2026-05-21 11:01:12,805 [INFO] src.triage.tfidf_filter - [Triage] N=10 | theta_max_idf=2.0000 (fixed, theoretical_max=2.3026) | theta_tfidf=0.02
2026-05-21 11:01:12,805 [INFO] src.triage.tfidf_filter - [Triage Batch] N=10 | noise=0 | high-risk=1710
2026-05-21 11:01:12,805 [INFO] src.triage.tfidf_filter - [Triage] N=10 | theta_max_idf=2.0000 (fixed, theoretical_max=2.3026) | theta_tfidf=0.02
2026-05-21 11:01:12,806 [INFO] src.triage.tfidf_filter - [Triage Batch] N=10 | noise=0 | high-risk=1720
2026-05-21 11:01:12,806 [INFO] src.triage.tfidf_filter - [Triage] N=10 | theta_max_idf=2.0000 (fixed, theoretical_max=2.3026) | theta_tfidf=0.02
2026-05-21 11:01:12,806 [INFO] src.triage.tfidf_filter - [Triage Batch] N=10 | noise=0 | high-risk=1730
2026-05-21 11:01:12,806 [INFO] src.triage.tfidf_filter - [Triage] N=10 | theta_max_idf=2.0000 (fixed, theoretical_max=2.3026) | theta_tfidf=0.02
2026-05-21 11:01:12,806 [INFO] src.triage.tfidf_filter - [Triage Batch] N=10 | noise=0 | high-risk=1740
2026-05-21 11:01:12,806 [INFO] src.triage.tfidf_filter - [Triage] N=10 | theta_max_idf=2.0000 (fixed, theoretical_max=2.3026) | theta_tfidf=0.02
2026-05-21 11:01:12,806 [INFO] src.triage.tfidf_filter - [Triage Batch] N=10 | noise=0 | high-risk=1750
2026-05-21 11:01:12,806 [INFO] src.triage.tfidf_filter - [Triage] N=10 | theta_max_idf=2.0000 (fixed, theoretical_max=2.3026) | theta_tfidf=0.02
2026-05-21 11:01:12,806 [INFO] src.triage.tfidf_filter - [Triage Batch] N=10 | noise=0 | high-risk=1760
2026-05-21 11:01:12,806 [INFO] src.triage.tfidf_filter - [Triage] N=10 | theta_max_idf=2.0000 (fixed, theoretical_max=2.3026) | theta_tfidf=0.02
2026-05-21 11:01:12,806 [INFO] src.triage.tfidf_filter - [Triage Batch] N=10 | noise=0 | high-risk=1770
2026-05-21 11:01:12,806 [INFO] src.triage.tfidf_filter - [Triage] N=10 | theta_max_idf=2.0000 (fixed, theoretical_max=2.3026) | theta_tfidf=0.02
2026-05-21 11:01:12,806 [INFO] src.triage.tfidf_filter - [Triage Batch] N=10 | noise=0 | high-risk=1780
2026-05-21 11:01:12,807 [INFO] src.triage.tfidf_filter - [Triage] N=10 | theta_max_idf=2.0000 (fixed, theoretical_max=2.3026) | theta_tfidf=0.02
2026-05-21 11:01:12,807 [INFO] src.triage.tfidf_filter - [Triage Batch] N=10 | noise=0 | high-risk=1790
2026-05-21 11:01:12,807 [INFO] src.triage.tfidf_filter - [Triage] N=10 | theta_max_idf=2.0000 (fixed, theoretical_max=2.3026) | theta_tfidf=0.02
2026-05-21 11:01:12,807 [INFO] src.triage.tfidf_filter - [Triage Batch] N=10 | noise=0 | high-risk=1800
2026-05-21 11:01:12,807 [INFO] src.triage.tfidf_filter - [Triage] N=10 | theta_max_idf=2.0000 (fixed, theoretical_max=2.3026) | theta_tfidf=0.02
2026-05-21 11:01:12,807 [INFO] src.triage.tfidf_filter - [Triage Batch] N=10 | noise=0 | high-risk=1810
2026-05-21 11:01:12,807 [INFO] src.triage.tfidf_filter - [Triage] N=10 | theta_max_idf=2.0000 (fixed, theoretical_max=2.3026) | theta_tfidf=0.02
2026-05-21 11:01:12,807 [INFO] src.triage.tfidf_filter - [Triage Batch] N=10 | noise=0 | high-risk=1820
2026-05-21 11:01:12,807 [INFO] src.triage.tfidf_filter - [Triage] N=10 | theta_max_idf=2.0000 (fixed, theoretical_max=2.3026) | theta_tfidf=0.02
2026-05-21 11:01:12,807 [INFO] src.triage.tfidf_filter - [Triage Batch] N=10 | noise=0 | high-risk=1830
2026-05-21 11:01:12,807 [INFO] src.triage.tfidf_filter - [Triage] N=10 | theta_max_idf=2.0000 (fixed, theoretical_max=2.3026) | theta_tfidf=0.02
2026-05-21 11:01:12,807 [INFO] src.triage.tfidf_filter - [Triage Batch] N=10 | noise=0 | high-risk=1840
2026-05-21 11:01:12,807 [INFO] src.triage.tfidf_filter - [Triage] N=10 | theta_max_idf=2.0000 (fixed, theoretical_max=2.3026) | theta_tfidf=0.02
2026-05-21 11:01:12,808 [INFO] src.triage.tfidf_filter - [Triage Batch] N=10 | noise=0 | high-risk=1850
2026-05-21 11:01:12,808 [INFO] src.triage.tfidf_filter - [Triage] N=10 | theta_max_idf=2.0000 (fixed, theoretical_max=2.3026) | theta_tfidf=0.02
2026-05-21 11:01:12,808 [INFO] src.triage.tfidf_filter - [Triage Batch] N=10 | noise=0 | high-risk=1860
2026-05-21 11:01:12,808 [INFO] src.triage.tfidf_filter - [Triage] N=10 | theta_max_idf=2.0000 (fixed, theoretical_max=2.3026) | theta_tfidf=0.02
2026-05-21 11:01:12,808 [INFO] src.triage.tfidf_filter - [Triage Batch] N=10 | noise=0 | high-risk=1870
2026-05-21 11:01:12,808 [INFO] src.triage.tfidf_filter - [Triage] N=10 | theta_max_idf=2.0000 (fixed, theoretical_max=2.3026) | theta_tfidf=0.02
2026-05-21 11:01:12,808 [INFO] src.triage.tfidf_filter - [Triage Batch] N=10 | noise=0 | high-risk=1880
2026-05-21 11:01:12,808 [INFO] src.triage.tfidf_filter - [Triage] N=10 | theta_max_idf=2.0000 (fixed, theoretical_max=2.3026) | theta_tfidf=0.02
2026-05-21 11:01:12,808 [INFO] src.triage.tfidf_filter - [Triage Batch] N=10 | noise=0 | high-risk=1890
2026-05-21 11:01:12,808 [INFO] src.triage.tfidf_filter - [Triage] N=10 | theta_max_idf=2.0000 (fixed, theoretical_max=2.3026) | theta_tfidf=0.02
2026-05-21 11:01:12,808 [INFO] src.triage.tfidf_filter - [Triage Batch] N=10 | noise=0 | high-risk=1900
2026-05-21 11:01:12,808 [INFO] src.triage.tfidf_filter - [Triage] N=10 | theta_max_idf=2.0000 (fixed, theoretical_max=2.3026) | theta_tfidf=0.02
2026-05-21 11:01:12,808 [INFO] src.triage.tfidf_filter - [Triage Batch] N=10 | noise=0 | high-risk=1910
2026-05-21 11:01:12,808 [INFO] src.triage.tfidf_filter - [Triage] N=10 | theta_max_idf=2.0000 (fixed, theoretical_max=2.3026) | theta_tfidf=0.02
2026-05-21 11:01:12,808 [INFO] src.triage.tfidf_filter - [Triage Batch] N=10 | noise=0 | high-risk=1920
2026-05-21 11:01:12,809 [INFO] src.triage.tfidf_filter - [Triage] N=10 | theta_max_idf=2.0000 (fixed, theoretical_max=2.3026) | theta_tfidf=0.02
2026-05-21 11:01:12,809 [INFO] src.triage.tfidf_filter - [Triage Batch] N=10 | noise=0 | high-risk=1930
2026-05-21 11:01:12,809 [INFO] src.triage.tfidf_filter - [Triage] N=10 | theta_max_idf=2.0000 (fixed, theoretical_max=2.3026) | theta_tfidf=0.02
2026-05-21 11:01:12,809 [INFO] src.triage.tfidf_filter - [Triage Batch] N=10 | noise=0 | high-risk=1940
2026-05-21 11:01:12,809 [INFO] src.triage.tfidf_filter - [Triage] N=10 | theta_max_idf=2.0000 (fixed, theoretical_max=2.3026) | theta_tfidf=0.02
2026-05-21 11:01:12,809 [INFO] src.triage.tfidf_filter - [Triage Batch] N=10 | noise=0 | high-risk=1950
2026-05-21 11:01:12,809 [INFO] src.triage.tfidf_filter - [Triage] N=10 | theta_max_idf=2.0000 (fixed, theoretical_max=2.3026) | theta_tfidf=0.02
2026-05-21 11:01:12,809 [INFO] src.triage.tfidf_filter - [Triage Batch] N=10 | noise=0 | high-risk=1960
2026-05-21 11:01:12,809 [INFO] src.triage.tfidf_filter - [Triage] N=10 | theta_max_idf=2.0000 (fixed, theoretical_max=2.3026) | theta_tfidf=0.02
2026-05-21 11:01:12,809 [INFO] src.triage.tfidf_filter - [Triage Batch] N=10 | noise=0 | high-risk=1970
2026-05-21 11:01:12,810 [INFO] src.triage.tfidf_filter - [Triage] N=10 | theta_max_idf=2.0000 (fixed, theoretical_max=2.3026) | theta_tfidf=0.02
2026-05-21 11:01:12,810 [INFO] src.triage.tfidf_filter - [Triage Batch] N=10 | noise=0 | high-risk=1980
2026-05-21 11:01:12,810 [INFO] src.triage.tfidf_filter - [Triage] N=10 | theta_max_idf=2.0000 (fixed, theoretical_max=2.3026) | theta_tfidf=0.02
2026-05-21 11:01:12,810 [INFO] src.triage.tfidf_filter - [Triage Batch] N=10 | noise=0 | high-risk=1990
2026-05-21 11:01:12,810 [INFO] src.triage.tfidf_filter - [Triage] N=10 | theta_max_idf=2.0000 (fixed, theoretical_max=2.3026) | theta_tfidf=0.02
2026-05-21 11:01:12,810 [INFO] src.triage.tfidf_filter - [Triage Batch] N=10 | noise=0 | high-risk=2000
2026-05-21 11:01:12,810 [INFO] src.triage.tfidf_filter - [Triage] N=10 | theta_max_idf=2.0000 (fixed, theoretical_max=2.3026) | theta_tfidf=0.02
2026-05-21 11:01:12,810 [INFO] src.triage.tfidf_filter - [Triage Batch] N=10 | noise=0 | high-risk=2010
2026-05-21 11:01:12,810 [INFO] src.triage.tfidf_filter - [Triage] N=10 | theta_max_idf=2.0000 (fixed, theoretical_max=2.3026) | theta_tfidf=0.02
2026-05-21 11:01:12,810 [INFO] src.triage.tfidf_filter - [Triage Batch] N=10 | noise=0 | high-risk=2020
2026-05-21 11:01:12,810 [INFO] src.triage.tfidf_filter - [Triage] N=10 | theta_max_idf=2.0000 (fixed, theoretical_max=2.3026) | theta_tfidf=0.02
2026-05-21 11:01:12,810 [INFO] src.triage.tfidf_filter - [Triage Batch] N=10 | noise=0 | high-risk=2030
2026-05-21 11:01:12,810 [INFO] src.triage.tfidf_filter - [Triage] N=10 | theta_max_idf=2.0000 (fixed, theoretical_max=2.3026) | theta_tfidf=0.02
2026-05-21 11:01:12,810 [INFO] src.triage.tfidf_filter - [Triage Batch] N=10 | noise=0 | high-risk=2040
2026-05-21 11:01:12,810 [INFO] src.triage.tfidf_filter - [Triage] N=10 | theta_max_idf=2.0000 (fixed, theoretical_max=2.3026) | theta_tfidf=0.02
2026-05-21 11:01:12,810 [INFO] src.triage.tfidf_filter - [Triage Batch] N=10 | noise=0 | high-risk=2050
2026-05-21 11:01:12,810 [INFO] src.triage.tfidf_filter - [Triage] N=10 | theta_max_idf=2.0000 (fixed, theoretical_max=2.3026) | theta_tfidf=0.02
2026-05-21 11:01:12,810 [INFO] src.triage.tfidf_filter - [Triage Batch] N=10 | noise=0 | high-risk=2060
2026-05-21 11:01:12,811 [INFO] src.triage.tfidf_filter - [Triage] N=10 | theta_max_idf=2.0000 (fixed, theoretical_max=2.3026) | theta_tfidf=0.02
2026-05-21 11:01:12,811 [INFO] src.triage.tfidf_filter - [Triage Batch] N=10 | noise=0 | high-risk=2070
2026-05-21 11:01:12,811 [INFO] src.triage.tfidf_filter - [Triage] N=10 | theta_max_idf=2.0000 (fixed, theoretical_max=2.3026) | theta_tfidf=0.02
2026-05-21 11:01:12,811 [INFO] src.triage.tfidf_filter - [Triage Batch] N=10 | noise=0 | high-risk=2080
2026-05-21 11:01:12,811 [INFO] src.triage.tfidf_filter - [Triage] N=10 | theta_max_idf=2.0000 (fixed, theoretical_max=2.3026) | theta_tfidf=0.02
2026-05-21 11:01:12,811 [INFO] src.triage.tfidf_filter - [Triage Batch] N=10 | noise=0 | high-risk=2090
2026-05-21 11:01:12,812 [INFO] src.triage.tfidf_filter - [Triage] N=10 | theta_max_idf=2.0000 (fixed, theoretical_max=2.3026) | theta_tfidf=0.02
2026-05-21 11:01:12,812 [INFO] src.triage.tfidf_filter - [Triage Batch] N=10 | noise=0 | high-risk=2100
2026-05-21 11:01:12,812 [INFO] src.triage.tfidf_filter - [Triage] N=10 | theta_max_idf=2.0000 (fixed, theoretical_max=2.3026) | theta_tfidf=0.02
2026-05-21 11:01:12,812 [INFO] src.triage.tfidf_filter - [Triage Batch] N=10 | noise=0 | high-risk=2110
2026-05-21 11:01:12,812 [INFO] src.triage.tfidf_filter - [Triage] N=10 | theta_max_idf=2.0000 (fixed, theoretical_max=2.3026) | theta_tfidf=0.02
2026-05-21 11:01:12,812 [INFO] src.triage.tfidf_filter - [Triage Batch] N=10 | noise=0 | high-risk=2120
2026-05-21 11:01:12,812 [INFO] src.triage.tfidf_filter - [Triage] N=10 | theta_max_idf=2.0000 (fixed, theoretical_max=2.3026) | theta_tfidf=0.02
2026-05-21 11:01:12,812 [INFO] src.triage.tfidf_filter - [Triage Batch] N=10 | noise=0 | high-risk=2130
2026-05-21 11:01:12,812 [INFO] src.triage.tfidf_filter - [Triage] N=10 | theta_max_idf=2.0000 (fixed, theoretical_max=2.3026) | theta_tfidf=0.02
2026-05-21 11:01:12,812 [INFO] src.triage.tfidf_filter - [Triage Batch] N=10 | noise=0 | high-risk=2140
2026-05-21 11:01:12,812 [INFO] src.triage.tfidf_filter - [Triage] N=10 | theta_max_idf=2.0000 (fixed, theoretical_max=2.3026) | theta_tfidf=0.02
2026-05-21 11:01:12,812 [INFO] src.triage.tfidf_filter - [Triage Batch] N=10 | noise=0 | high-risk=2150
2026-05-21 11:01:12,812 [INFO] src.triage.tfidf_filter - [Triage] N=10 | theta_max_idf=2.0000 (fixed, theoretical_max=2.3026) | theta_tfidf=0.02
2026-05-21 11:01:12,813 [INFO] src.triage.tfidf_filter - [Triage Batch] N=10 | noise=0 | high-risk=2160
2026-05-21 11:01:12,813 [INFO] src.triage.tfidf_filter - [Triage] N=10 | theta_max_idf=2.0000 (fixed, theoretical_max=2.3026) | theta_tfidf=0.02
2026-05-21 11:01:12,813 [INFO] src.triage.tfidf_filter - [Triage Batch] N=10 | noise=0 | high-risk=2170
2026-05-21 11:01:12,813 [INFO] src.triage.tfidf_filter - [Triage] N=10 | theta_max_idf=2.0000 (fixed, theoretical_max=2.3026) | theta_tfidf=0.02
2026-05-21 11:01:12,813 [INFO] src.triage.tfidf_filter - [Triage Batch] N=10 | noise=0 | high-risk=2180
2026-05-21 11:01:12,813 [INFO] src.triage.tfidf_filter - [Triage] N=10 | theta_max_idf=2.0000 (fixed, theoretical_max=2.3026) | theta_tfidf=0.02
2026-05-21 11:01:12,813 [INFO] src.triage.tfidf_filter - [Triage Batch] N=10 | noise=0 | high-risk=2190
2026-05-21 11:01:12,813 [INFO] src.triage.tfidf_filter - [Triage] N=10 | theta_max_idf=2.0000 (fixed, theoretical_max=2.3026) | theta_tfidf=0.02
2026-05-21 11:01:12,813 [INFO] src.triage.tfidf_filter - [Triage Batch] N=10 | noise=0 | high-risk=2200
2026-05-21 11:01:12,813 [INFO] src.triage.tfidf_filter - [Triage] N=10 | theta_max_idf=2.0000 (fixed, theoretical_max=2.3026) | theta_tfidf=0.02
2026-05-21 11:01:12,813 [INFO] src.triage.tfidf_filter - [Triage Batch] N=10 | noise=0 | high-risk=2210
2026-05-21 11:01:12,813 [INFO] src.triage.tfidf_filter - [Triage] N=10 | theta_max_idf=2.0000 (fixed, theoretical_max=2.3026) | theta_tfidf=0.02
2026-05-21 11:01:12,813 [INFO] src.triage.tfidf_filter - [Triage Batch] N=10 | noise=0 | high-risk=2220
2026-05-21 11:01:12,813 [INFO] src.triage.tfidf_filter - [Triage] N=10 | theta_max_idf=2.0000 (fixed, theoretical_max=2.3026) | theta_tfidf=0.02
2026-05-21 11:01:12,813 [INFO] src.triage.tfidf_filter - [Triage Batch] N=10 | noise=0 | high-risk=2230
2026-05-21 11:01:12,814 [INFO] src.triage.tfidf_filter - [Triage] N=10 | theta_max_idf=2.0000 (fixed, theoretical_max=2.3026) | theta_tfidf=0.02
2026-05-21 11:01:12,814 [INFO] src.triage.tfidf_filter - [Triage Batch] N=10 | noise=0 | high-risk=2240
2026-05-21 11:01:12,814 [INFO] src.triage.tfidf_filter - [Triage] N=10 | theta_max_idf=2.0000 (fixed, theoretical_max=2.3026) | theta_tfidf=0.02
2026-05-21 11:01:12,814 [INFO] src.triage.tfidf_filter - [Triage Batch] N=10 | noise=0 | high-risk=2250
2026-05-21 11:01:12,814 [INFO] src.triage.tfidf_filter - [Triage] N=10 | theta_max_idf=2.0000 (fixed, theoretical_max=2.3026) | theta_tfidf=0.02
2026-05-21 11:01:12,814 [INFO] src.triage.tfidf_filter - [Triage Batch] N=10 | noise=0 | high-risk=2260
2026-05-21 11:01:12,814 [INFO] src.triage.tfidf_filter - [Triage] N=10 | theta_max_idf=2.0000 (fixed, theoretical_max=2.3026) | theta_tfidf=0.02
2026-05-21 11:01:12,814 [INFO] src.triage.tfidf_filter - [Triage Batch] N=10 | noise=0 | high-risk=2270
2026-05-21 11:01:12,814 [INFO] src.triage.tfidf_filter - [Triage] N=10 | theta_max_idf=2.0000 (fixed, theoretical_max=2.3026) | theta_tfidf=0.02
2026-05-21 11:01:12,814 [INFO] src.triage.tfidf_filter - [Triage Batch] N=10 | noise=0 | high-risk=2280
2026-05-21 11:01:12,814 [INFO] src.triage.tfidf_filter - [Triage] N=10 | theta_max_idf=2.0000 (fixed, theoretical_max=2.3026) | theta_tfidf=0.02
2026-05-21 11:01:12,814 [INFO] src.triage.tfidf_filter - [Triage Batch] N=10 | noise=0 | high-risk=2290
2026-05-21 11:01:12,814 [INFO] src.triage.tfidf_filter - [Triage] N=10 | theta_max_idf=2.0000 (fixed, theoretical_max=2.3026) | theta_tfidf=0.02
2026-05-21 11:01:12,814 [INFO] src.triage.tfidf_filter - [Triage Batch] N=10 | noise=0 | high-risk=2300
2026-05-21 11:01:12,814 [INFO] src.triage.tfidf_filter - [Triage] N=10 | theta_max_idf=2.0000 (fixed, theoretical_max=2.3026) | theta_tfidf=0.02
2026-05-21 11:01:12,814 [INFO] src.triage.tfidf_filter - [Triage Batch] N=10 | noise=0 | high-risk=2310
2026-05-21 11:01:12,815 [INFO] src.triage.tfidf_filter - [Triage] N=10 | theta_max_idf=2.0000 (fixed, theoretical_max=2.3026) | theta_tfidf=0.02
2026-05-21 11:01:12,815 [INFO] src.triage.tfidf_filter - [Triage Batch] N=10 | noise=0 | high-risk=2320
2026-05-21 11:01:12,815 [INFO] src.triage.tfidf_filter - [Triage] N=10 | theta_max_idf=2.0000 (fixed, theoretical_max=2.3026) | theta_tfidf=0.02
2026-05-21 11:01:12,815 [INFO] src.triage.tfidf_filter - [Triage Batch] N=10 | noise=0 | high-risk=2330
2026-05-21 11:01:12,815 [INFO] src.triage.tfidf_filter - [Triage] N=10 | theta_max_idf=2.0000 (fixed, theoretical_max=2.3026) | theta_tfidf=0.02
2026-05-21 11:01:12,815 [INFO] src.triage.tfidf_filter - [Triage Batch] N=10 | noise=0 | high-risk=2340
2026-05-21 11:01:12,815 [INFO] src.triage.tfidf_filter - [Triage] N=10 | theta_max_idf=2.0000 (fixed, theoretical_max=2.3026) | theta_tfidf=0.02
2026-05-21 11:01:12,815 [INFO] src.triage.tfidf_filter - [Triage Batch] N=10 | noise=0 | high-risk=2350
2026-05-21 11:01:12,815 [INFO] src.triage.tfidf_filter - [Triage] N=10 | theta_max_idf=2.0000 (fixed, theoretical_max=2.3026) | theta_tfidf=0.02
2026-05-21 11:01:12,815 [INFO] src.triage.tfidf_filter - [Triage Batch] N=10 | noise=0 | high-risk=2360
2026-05-21 11:01:12,815 [INFO] src.triage.tfidf_filter - [Triage] N=10 | theta_max_idf=2.0000 (fixed, theoretical_max=2.3026) | theta_tfidf=0.02
2026-05-21 11:01:12,815 [INFO] src.triage.tfidf_filter - [Triage Batch] N=10 | noise=0 | high-risk=2370
2026-05-21 11:01:12,815 [INFO] src.triage.tfidf_filter - [Triage] N=10 | theta_max_idf=2.0000 (fixed, theoretical_max=2.3026) | theta_tfidf=0.02
2026-05-21 11:01:12,815 [INFO] src.triage.tfidf_filter - [Triage Batch] N=10 | noise=0 | high-risk=2380
2026-05-21 11:01:12,815 [INFO] src.triage.tfidf_filter - [Triage] N=10 | theta_max_idf=2.0000 (fixed, theoretical_max=2.3026) | theta_tfidf=0.02
2026-05-21 11:01:12,816 [INFO] src.triage.tfidf_filter - [Triage Batch] N=10 | noise=0 | high-risk=2390
2026-05-21 11:01:12,816 [INFO] src.triage.tfidf_filter - [Triage] N=10 | theta_max_idf=2.0000 (fixed, theoretical_max=2.3026) | theta_tfidf=0.02
2026-05-21 11:01:12,816 [INFO] src.triage.tfidf_filter - [Triage Batch] N=10 | noise=0 | high-risk=2400
2026-05-21 11:01:12,816 [INFO] src.triage.tfidf_filter - [Triage] N=10 | theta_max_idf=2.0000 (fixed, theoretical_max=2.3026) | theta_tfidf=0.02
2026-05-21 11:01:12,816 [INFO] src.triage.tfidf_filter - [Triage Batch] N=10 | noise=0 | high-risk=2410
2026-05-21 11:01:12,816 [INFO] src.triage.tfidf_filter - [Triage] N=10 | theta_max_idf=2.0000 (fixed, theoretical_max=2.3026) | theta_tfidf=0.02
2026-05-21 11:01:12,816 [INFO] src.triage.tfidf_filter - [Triage Batch] N=10 | noise=0 | high-risk=2420
2026-05-21 11:01:12,816 [INFO] src.triage.tfidf_filter - [Triage] N=10 | theta_max_idf=2.0000 (fixed, theoretical_max=2.3026) | theta_tfidf=0.02
2026-05-21 11:01:12,816 [INFO] src.triage.tfidf_filter - [Triage Batch] N=10 | noise=0 | high-risk=2430
2026-05-21 11:01:12,816 [INFO] src.triage.tfidf_filter - [Triage] N=10 | theta_max_idf=2.0000 (fixed, theoretical_max=2.3026) | theta_tfidf=0.02
2026-05-21 11:01:12,816 [INFO] src.triage.tfidf_filter - [Triage Batch] N=10 | noise=0 | high-risk=2440
2026-05-21 11:01:12,816 [INFO] src.triage.tfidf_filter - [Triage] N=10 | theta_max_idf=2.0000 (fixed, theoretical_max=2.3026) | theta_tfidf=0.02
2026-05-21 11:01:12,816 [INFO] src.triage.tfidf_filter - [Triage Batch] N=10 | noise=0 | high-risk=2450
2026-05-21 11:01:12,816 [INFO] src.triage.tfidf_filter - [Triage] N=10 | theta_max_idf=2.0000 (fixed, theoretical_max=2.3026) | theta_tfidf=0.02
2026-05-21 11:01:12,816 [INFO] src.triage.tfidf_filter - [Triage Batch] N=10 | noise=0 | high-risk=2460
2026-05-21 11:01:12,816 [INFO] src.triage.tfidf_filter - [Triage] N=10 | theta_max_idf=2.0000 (fixed, theoretical_max=2.3026) | theta_tfidf=0.02
2026-05-21 11:01:12,816 [INFO] src.triage.tfidf_filter - [Triage Batch] N=10 | noise=0 | high-risk=2470
2026-05-21 11:01:12,817 [INFO] src.triage.tfidf_filter - [Triage] N=10 | theta_max_idf=2.0000 (fixed, theoretical_max=2.3026) | theta_tfidf=0.02
2026-05-21 11:01:12,817 [INFO] src.triage.tfidf_filter - [Triage Batch] N=10 | noise=0 | high-risk=2480
2026-05-21 11:01:12,817 [INFO] src.triage.tfidf_filter - [Triage] N=10 | theta_max_idf=2.0000 (fixed, theoretical_max=2.3026) | theta_tfidf=0.02
2026-05-21 11:01:12,817 [INFO] src.triage.tfidf_filter - [Triage Batch] N=10 | noise=0 | high-risk=2490
2026-05-21 11:01:12,817 [INFO] src.triage.tfidf_filter - [Triage] N=10 | theta_max_idf=2.0000 (fixed, theoretical_max=2.3026) | theta_tfidf=0.02
2026-05-21 11:01:12,817 [INFO] src.triage.tfidf_filter - [Triage Batch] N=10 | noise=0 | high-risk=2500
2026-05-21 11:01:12,817 [INFO] src.triage.tfidf_filter - [Triage] N=10 | theta_max_idf=2.0000 (fixed, theoretical_max=2.3026) | theta_tfidf=0.02
2026-05-21 11:01:12,817 [INFO] src.triage.tfidf_filter - [Triage Batch] N=10 | noise=0 | high-risk=2510
2026-05-21 11:01:12,817 [INFO] src.triage.tfidf_filter - [Triage] N=10 | theta_max_idf=2.0000 (fixed, theoretical_max=2.3026) | theta_tfidf=0.02
2026-05-21 11:01:12,817 [INFO] src.triage.tfidf_filter - [Triage Batch] N=10 | noise=0 | high-risk=2520
2026-05-21 11:01:12,817 [INFO] src.triage.tfidf_filter - [Triage] N=10 | theta_max_idf=2.0000 (fixed, theoretical_max=2.3026) | theta_tfidf=0.02
2026-05-21 11:01:12,817 [INFO] src.triage.tfidf_filter - [Triage Batch] N=10 | noise=0 | high-risk=2530
2026-05-21 11:01:12,817 [INFO] src.triage.tfidf_filter - [Triage] N=10 | theta_max_idf=2.0000 (fixed, theoretical_max=2.3026) | theta_tfidf=0.02
2026-05-21 11:01:12,817 [INFO] src.triage.tfidf_filter - [Triage Batch] N=10 | noise=0 | high-risk=2540
2026-05-21 11:01:12,817 [INFO] src.triage.tfidf_filter - [Triage] N=10 | theta_max_idf=2.0000 (fixed, theoretical_max=2.3026) | theta_tfidf=0.02
2026-05-21 11:01:12,817 [INFO] src.triage.tfidf_filter - [Triage Batch] N=10 | noise=0 | high-risk=2550
2026-05-21 11:01:12,818 [INFO] src.triage.tfidf_filter - [Triage] N=10 | theta_max_idf=2.0000 (fixed, theoretical_max=2.3026) | theta_tfidf=0.02
2026-05-21 11:01:12,818 [INFO] src.triage.tfidf_filter - [Triage Batch] N=10 | noise=0 | high-risk=2560
2026-05-21 11:01:12,818 [INFO] src.triage.tfidf_filter - [Triage] N=10 | theta_max_idf=2.0000 (fixed, theoretical_max=2.3026) | theta_tfidf=0.02
2026-05-21 11:01:12,818 [INFO] src.triage.tfidf_filter - [Triage Batch] N=10 | noise=0 | high-risk=2570
2026-05-21 11:01:12,818 [INFO] src.triage.tfidf_filter - [Triage] N=10 | theta_max_idf=2.0000 (fixed, theoretical_max=2.3026) | theta_tfidf=0.02
2026-05-21 11:01:12,818 [INFO] src.triage.tfidf_filter - [Triage Batch] N=10 | noise=0 | high-risk=2580
2026-05-21 11:01:12,818 [INFO] src.triage.tfidf_filter - [Triage] N=10 | theta_max_idf=2.0000 (fixed, theoretical_max=2.3026) | theta_tfidf=0.02
2026-05-21 11:01:12,818 [INFO] src.triage.tfidf_filter - [Triage Batch] N=10 | noise=0 | high-risk=2590
2026-05-21 11:01:12,818 [INFO] src.triage.tfidf_filter - [Triage] N=10 | theta_max_idf=2.0000 (fixed, theoretical_max=2.3026) | theta_tfidf=0.02
2026-05-21 11:01:12,819 [INFO] src.triage.tfidf_filter - [Triage Batch] N=10 | noise=0 | high-risk=2600
2026-05-21 11:01:12,819 [INFO] src.triage.tfidf_filter - [Triage] N=10 | theta_max_idf=2.0000 (fixed, theoretical_max=2.3026) | theta_tfidf=0.02
2026-05-21 11:01:12,819 [INFO] src.triage.tfidf_filter - [Triage Batch] N=10 | noise=0 | high-risk=2610
2026-05-21 11:01:12,819 [INFO] src.triage.tfidf_filter - [Triage] N=10 | theta_max_idf=2.0000 (fixed, theoretical_max=2.3026) | theta_tfidf=0.02
2026-05-21 11:01:12,819 [INFO] src.triage.tfidf_filter - [Triage Batch] N=10 | noise=0 | high-risk=2620
2026-05-21 11:01:12,819 [INFO] src.triage.tfidf_filter - [Triage] N=10 | theta_max_idf=2.0000 (fixed, theoretical_max=2.3026) | theta_tfidf=0.02
2026-05-21 11:01:12,819 [INFO] src.triage.tfidf_filter - [Triage Batch] N=10 | noise=0 | high-risk=2630
2026-05-21 11:01:12,819 [INFO] src.triage.tfidf_filter - [Triage] N=10 | theta_max_idf=2.0000 (fixed, theoretical_max=2.3026) | theta_tfidf=0.02
2026-05-21 11:01:12,819 [INFO] src.triage.tfidf_filter - [Triage Batch] N=10 | noise=0 | high-risk=2640
2026-05-21 11:01:12,819 [INFO] src.triage.tfidf_filter - [Triage] N=10 | theta_max_idf=2.0000 (fixed, theoretical_max=2.3026) | theta_tfidf=0.02
2026-05-21 11:01:12,819 [INFO] src.triage.tfidf_filter - [Triage Batch] N=10 | noise=0 | high-risk=2650
2026-05-21 11:01:12,819 [INFO] src.triage.tfidf_filter - [Triage] N=10 | theta_max_idf=2.0000 (fixed, theoretical_max=2.3026) | theta_tfidf=0.02
2026-05-21 11:01:12,819 [INFO] src.triage.tfidf_filter - [Triage Batch] N=10 | noise=0 | high-risk=2660
2026-05-21 11:01:12,819 [INFO] src.triage.tfidf_filter - [Triage] N=10 | theta_max_idf=2.0000 (fixed, theoretical_max=2.3026) | theta_tfidf=0.02
2026-05-21 11:01:12,819 [INFO] src.triage.tfidf_filter - [Triage Batch] N=10 | noise=0 | high-risk=2670
2026-05-21 11:01:12,819 [INFO] src.triage.tfidf_filter - [Triage] N=10 | theta_max_idf=2.0000 (fixed, theoretical_max=2.3026) | theta_tfidf=0.02
2026-05-21 11:01:12,819 [INFO] src.triage.tfidf_filter - [Triage Batch] N=10 | noise=0 | high-risk=2680
2026-05-21 11:01:12,819 [INFO] src.triage.tfidf_filter - [Triage] N=10 | theta_max_idf=2.0000 (fixed, theoretical_max=2.3026) | theta_tfidf=0.02
2026-05-21 11:01:12,819 [INFO] src.triage.tfidf_filter - [Triage Batch] N=10 | noise=0 | high-risk=2690
2026-05-21 11:01:12,820 [INFO] src.triage.tfidf_filter - [Triage] N=10 | theta_max_idf=2.0000 (fixed, theoretical_max=2.3026) | theta_tfidf=0.02
2026-05-21 11:01:12,820 [INFO] src.triage.tfidf_filter - [Triage Batch] N=10 | noise=0 | high-risk=2700
2026-05-21 11:01:12,820 [INFO] src.triage.tfidf_filter - [Triage] N=10 | theta_max_idf=2.0000 (fixed, theoretical_max=2.3026) | theta_tfidf=0.02
2026-05-21 11:01:12,820 [INFO] src.triage.tfidf_filter - [Triage Batch] N=10 | noise=0 | high-risk=2710
2026-05-21 11:01:12,820 [INFO] src.triage.tfidf_filter - [Triage] N=10 | theta_max_idf=2.0000 (fixed, theoretical_max=2.3026) | theta_tfidf=0.02
2026-05-21 11:01:12,820 [INFO] src.triage.tfidf_filter - [Triage Batch] N=10 | noise=0 | high-risk=2720
2026-05-21 11:01:12,820 [INFO] src.triage.tfidf_filter - [Triage] N=10 | theta_max_idf=2.0000 (fixed, theoretical_max=2.3026) | theta_tfidf=0.02
2026-05-21 11:01:12,820 [INFO] src.triage.tfidf_filter - [Triage Batch] N=10 | noise=0 | high-risk=2730
2026-05-21 11:01:12,820 [INFO] src.triage.tfidf_filter - [Triage] N=10 | theta_max_idf=2.0000 (fixed, theoretical_max=2.3026) | theta_tfidf=0.02
2026-05-21 11:01:12,820 [INFO] src.triage.tfidf_filter - [Triage Batch] N=10 | noise=0 | high-risk=2740
2026-05-21 11:01:12,820 [INFO] src.triage.tfidf_filter - [Triage] N=10 | theta_max_idf=2.0000 (fixed, theoretical_max=2.3026) | theta_tfidf=0.02
2026-05-21 11:01:12,820 [INFO] src.triage.tfidf_filter - [Triage Batch] N=10 | noise=0 | high-risk=2750
2026-05-21 11:01:12,820 [INFO] src.triage.tfidf_filter - [Triage] N=10 | theta_max_idf=2.0000 (fixed, theoretical_max=2.3026) | theta_tfidf=0.02
2026-05-21 11:01:12,820 [INFO] src.triage.tfidf_filter - [Triage Batch] N=10 | noise=0 | high-risk=2760
2026-05-21 11:01:12,820 [INFO] src.triage.tfidf_filter - [Triage] N=10 | theta_max_idf=2.0000 (fixed, theoretical_max=2.3026) | theta_tfidf=0.02
2026-05-21 11:01:12,820 [INFO] src.triage.tfidf_filter - [Triage Batch] N=10 | noise=0 | high-risk=2770
2026-05-21 11:01:12,820 [INFO] src.triage.tfidf_filter - [Triage] N=10 | theta_max_idf=2.0000 (fixed, theoretical_max=2.3026) | theta_tfidf=0.02
2026-05-21 11:01:12,820 [INFO] src.triage.tfidf_filter - [Triage Batch] N=10 | noise=0 | high-risk=2780
2026-05-21 11:01:12,821 [INFO] src.triage.tfidf_filter - [Triage] N=10 | theta_max_idf=2.0000 (fixed, theoretical_max=2.3026) | theta_tfidf=0.02
2026-05-21 11:01:12,821 [INFO] src.triage.tfidf_filter - [Triage Batch] N=10 | noise=0 | high-risk=2790
2026-05-21 11:01:12,821 [INFO] src.triage.tfidf_filter - [Triage] N=10 | theta_max_idf=2.0000 (fixed, theoretical_max=2.3026) | theta_tfidf=0.02
2026-05-21 11:01:12,821 [INFO] src.triage.tfidf_filter - [Triage Batch] N=10 | noise=0 | high-risk=2800
2026-05-21 11:01:12,821 [INFO] src.triage.tfidf_filter - [Triage] N=10 | theta_max_idf=2.0000 (fixed, theoretical_max=2.3026) | theta_tfidf=0.02
2026-05-21 11:01:12,821 [INFO] src.triage.tfidf_filter - [Triage Batch] N=10 | noise=0 | high-risk=2810
2026-05-21 11:01:12,821 [INFO] src.triage.tfidf_filter - [Triage] N=10 | theta_max_idf=2.0000 (fixed, theoretical_max=2.3026) | theta_tfidf=0.02
2026-05-21 11:01:12,821 [INFO] src.triage.tfidf_filter - [Triage Batch] N=10 | noise=0 | high-risk=2820
2026-05-21 11:01:12,821 [INFO] src.triage.tfidf_filter - [Triage] N=10 | theta_max_idf=2.0000 (fixed, theoretical_max=2.3026) | theta_tfidf=0.02
2026-05-21 11:01:12,821 [INFO] src.triage.tfidf_filter - [Triage Batch] N=10 | noise=0 | high-risk=2830
2026-05-21 11:01:12,821 [INFO] src.triage.tfidf_filter - [Triage] N=10 | theta_max_idf=2.0000 (fixed, theoretical_max=2.3026) | theta_tfidf=0.02
2026-05-21 11:01:12,821 [INFO] src.triage.tfidf_filter - [Triage Batch] N=10 | noise=0 | high-risk=2840
2026-05-21 11:01:12,821 [INFO] src.triage.tfidf_filter - [Triage] N=10 | theta_max_idf=2.0000 (fixed, theoretical_max=2.3026) | theta_tfidf=0.02
2026-05-21 11:01:12,821 [INFO] src.triage.tfidf_filter - [Triage Batch] N=10 | noise=0 | high-risk=2850
2026-05-21 11:01:12,821 [INFO] src.triage.tfidf_filter - [Triage] N=10 | theta_max_idf=2.0000 (fixed, theoretical_max=2.3026) | theta_tfidf=0.02
2026-05-21 11:01:12,821 [INFO] src.triage.tfidf_filter - [Triage Batch] N=10 | noise=0 | high-risk=2860
2026-05-21 11:01:12,821 [INFO] src.triage.tfidf_filter - [Triage] N=10 | theta_max_idf=2.0000 (fixed, theoretical_max=2.3026) | theta_tfidf=0.02
2026-05-21 11:01:12,821 [INFO] src.triage.tfidf_filter - [Triage Batch] N=10 | noise=0 | high-risk=2870
2026-05-21 11:01:12,821 [INFO] src.triage.tfidf_filter - [Triage] N=10 | theta_max_idf=2.0000 (fixed, theoretical_max=2.3026) | theta_tfidf=0.02
2026-05-21 11:01:12,821 [INFO] src.triage.tfidf_filter - [Triage Batch] N=10 | noise=0 | high-risk=2880
2026-05-21 11:01:12,821 [INFO] src.triage.tfidf_filter - [Triage] N=10 | theta_max_idf=2.0000 (fixed, theoretical_max=2.3026) | theta_tfidf=0.02
2026-05-21 11:01:12,821 [INFO] src.triage.tfidf_filter - [Triage Batch] N=10 | noise=0 | high-risk=2890
2026-05-21 11:01:12,821 [INFO] src.triage.tfidf_filter - [Triage] N=10 | theta_max_idf=2.0000 (fixed, theoretical_max=2.3026) | theta_tfidf=0.02
2026-05-21 11:01:12,821 [INFO] src.triage.tfidf_filter - [Triage Batch] N=10 | noise=0 | high-risk=2900
2026-05-21 11:01:12,821 [INFO] src.triage.tfidf_filter - [Triage] N=10 | theta_max_idf=2.0000 (fixed, theoretical_max=2.3026) | theta_tfidf=0.02
2026-05-21 11:01:12,821 [INFO] src.triage.tfidf_filter - [Triage Batch] N=10 | noise=0 | high-risk=2910
2026-05-21 11:01:12,821 [INFO] src.triage.tfidf_filter - [Triage] N=10 | theta_max_idf=2.0000 (fixed, theoretical_max=2.3026) | theta_tfidf=0.02
2026-05-21 11:01:12,821 [INFO] src.triage.tfidf_filter - [Triage Batch] N=10 | noise=0 | high-risk=2920
2026-05-21 11:01:12,822 [INFO] src.triage.tfidf_filter - [Triage] N=10 | theta_max_idf=2.0000 (fixed, theoretical_max=2.3026) | theta_tfidf=0.02
2026-05-21 11:01:12,822 [INFO] src.triage.tfidf_filter - [Triage Batch] N=10 | noise=0 | high-risk=2930
2026-05-21 11:01:12,822 [INFO] src.triage.tfidf_filter - [Triage] N=10 | theta_max_idf=2.0000 (fixed, theoretical_max=2.3026) | theta_tfidf=0.02
2026-05-21 11:01:12,822 [INFO] src.triage.tfidf_filter - [Triage Batch] N=10 | noise=0 | high-risk=2940
2026-05-21 11:01:12,822 [INFO] src.triage.tfidf_filter - [Triage] N=10 | theta_max_idf=2.0000 (fixed, theoretical_max=2.3026) | theta_tfidf=0.02
2026-05-21 11:01:12,822 [INFO] src.triage.tfidf_filter - [Triage Batch] N=10 | noise=0 | high-risk=2950
2026-05-21 11:01:12,822 [INFO] src.triage.tfidf_filter - [Triage] N=10 | theta_max_idf=2.0000 (fixed, theoretical_max=2.3026) | theta_tfidf=0.02
2026-05-21 11:01:12,822 [INFO] src.triage.tfidf_filter - [Triage Batch] N=10 | noise=0 | high-risk=2960
2026-05-21 11:01:12,822 [INFO] src.triage.tfidf_filter - [Triage] N=10 | theta_max_idf=2.0000 (fixed, theoretical_max=2.3026) | theta_tfidf=0.02
2026-05-21 11:01:12,823 [INFO] src.triage.tfidf_filter - [Triage Batch] N=10 | noise=0 | high-risk=2970
2026-05-21 11:01:12,823 [INFO] src.triage.tfidf_filter - [Triage] N=10 | theta_max_idf=2.0000 (fixed, theoretical_max=2.3026) | theta_tfidf=0.02
2026-05-21 11:01:12,823 [INFO] src.triage.tfidf_filter - [Triage Batch] N=10 | noise=0 | high-risk=2980
2026-05-21 11:01:12,823 [INFO] src.triage.tfidf_filter - [Triage] N=10 | theta_max_idf=2.0000 (fixed, theoretical_max=2.3026) | theta_tfidf=0.02
2026-05-21 11:01:12,823 [INFO] src.triage.tfidf_filter - [Triage Batch] N=10 | noise=0 | high-risk=2990
2026-05-21 11:01:12,823 [INFO] src.triage.tfidf_filter - [Triage] N=10 | theta_max_idf=2.0000 (fixed, theoretical_max=2.3026) | theta_tfidf=0.02
2026-05-21 11:01:12,823 [INFO] src.triage.tfidf_filter - [Triage Batch] N=10 | noise=0 | high-risk=3000
2026-05-21 11:01:12,823 [INFO] src.triage.tfidf_filter - [Triage] N=10 | theta_max_idf=2.0000 (fixed, theoretical_max=2.3026) | theta_tfidf=0.02
2026-05-21 11:01:12,823 [INFO] src.triage.tfidf_filter - [Triage Batch] N=10 | noise=0 | high-risk=3010
2026-05-21 11:01:12,825 [INFO] src.triage.tfidf_filter - [Triage] N=10 | theta_max_idf=2.0000 (fixed, theoretical_max=2.3026) | theta_tfidf=0.02
2026-05-21 11:01:12,825 [INFO] src.triage.tfidf_filter - [Triage Batch] N=10 | noise=0 | high-risk=3020
2026-05-21 11:01:12,825 [INFO] src.triage.tfidf_filter - [Triage] N=10 | theta_max_idf=2.0000 (fixed, theoretical_max=2.3026) | theta_tfidf=0.02
2026-05-21 11:01:12,825 [INFO] src.triage.tfidf_filter - [Triage Batch] N=10 | noise=0 | high-risk=3030
2026-05-21 11:01:12,825 [INFO] src.triage.tfidf_filter - [Triage] N=10 | theta_max_idf=2.0000 (fixed, theoretical_max=2.3026) | theta_tfidf=0.02
2026-05-21 11:01:12,826 [INFO] src.triage.tfidf_filter - [Triage Batch] N=10 | noise=0 | high-risk=3040
2026-05-21 11:01:12,826 [INFO] src.triage.tfidf_filter - [Triage] N=10 | theta_max_idf=2.0000 (fixed, theoretical_max=2.3026) | theta_tfidf=0.02
2026-05-21 11:01:12,826 [INFO] src.triage.tfidf_filter - [Triage Batch] N=10 | noise=0 | high-risk=3050
2026-05-21 11:01:12,826 [INFO] src.triage.tfidf_filter - [Triage] N=10 | theta_max_idf=2.0000 (fixed, theoretical_max=2.3026) | theta_tfidf=0.02
2026-05-21 11:01:12,826 [INFO] src.triage.tfidf_filter - [Triage Batch] N=10 | noise=0 | high-risk=3060
2026-05-21 11:01:12,826 [INFO] src.triage.tfidf_filter - [Triage] N=10 | theta_max_idf=2.0000 (fixed, theoretical_max=2.3026) | theta_tfidf=0.02
2026-05-21 11:01:12,826 [INFO] src.triage.tfidf_filter - [Triage Batch] N=10 | noise=0 | high-risk=3070
2026-05-21 11:01:12,826 [INFO] src.triage.tfidf_filter - [Triage] N=10 | theta_max_idf=2.0000 (fixed, theoretical_max=2.3026) | theta_tfidf=0.02
2026-05-21 11:01:12,826 [INFO] src.triage.tfidf_filter - [Triage Batch] N=10 | noise=0 | high-risk=3080
2026-05-21 11:01:12,826 [INFO] src.triage.tfidf_filter - [Triage] N=10 | theta_max_idf=2.0000 (fixed, theoretical_max=2.3026) | theta_tfidf=0.02
2026-05-21 11:01:12,826 [INFO] src.triage.tfidf_filter - [Triage Batch] N=10 | noise=0 | high-risk=3090
2026-05-21 11:01:12,827 [INFO] src.triage.tfidf_filter - [Triage] N=10 | theta_max_idf=2.0000 (fixed, theoretical_max=2.3026) | theta_tfidf=0.02
2026-05-21 11:01:12,827 [INFO] src.triage.tfidf_filter - [Triage Batch] N=10 | noise=0 | high-risk=3100
2026-05-21 11:01:12,828 [INFO] src.triage.tfidf_filter - [Triage] N=10 | theta_max_idf=2.0000 (fixed, theoretical_max=2.3026) | theta_tfidf=0.02
2026-05-21 11:01:12,828 [INFO] src.triage.tfidf_filter - [Triage Batch] N=10 | noise=0 | high-risk=3110
2026-05-21 11:01:12,828 [INFO] src.triage.tfidf_filter - [Triage] N=10 | theta_max_idf=2.0000 (fixed, theoretical_max=2.3026) | theta_tfidf=0.02
2026-05-21 11:01:12,828 [INFO] src.triage.tfidf_filter - [Triage Batch] N=10 | noise=0 | high-risk=3120
2026-05-21 11:01:12,828 [INFO] src.triage.tfidf_filter - [Triage] N=10 | theta_max_idf=2.0000 (fixed, theoretical_max=2.3026) | theta_tfidf=0.02
2026-05-21 11:01:12,828 [INFO] src.triage.tfidf_filter - [Triage Batch] N=10 | noise=0 | high-risk=3130
2026-05-21 11:01:12,828 [INFO] src.triage.tfidf_filter - [Triage] N=10 | theta_max_idf=2.0000 (fixed, theoretical_max=2.3026) | theta_tfidf=0.02
2026-05-21 11:01:12,828 [INFO] src.triage.tfidf_filter - [Triage Batch] N=10 | noise=0 | high-risk=3140
2026-05-21 11:01:12,828 [INFO] src.triage.tfidf_filter - [Triage] N=10 | theta_max_idf=2.0000 (fixed, theoretical_max=2.3026) | theta_tfidf=0.02
2026-05-21 11:01:12,828 [INFO] src.triage.tfidf_filter - [Triage Batch] N=10 | noise=0 | high-risk=3150
2026-05-21 11:01:12,828 [INFO] src.triage.tfidf_filter - [Triage] N=10 | theta_max_idf=2.0000 (fixed, theoretical_max=2.3026) | theta_tfidf=0.02
2026-05-21 11:01:12,829 [INFO] src.triage.tfidf_filter - [Triage Batch] N=10 | noise=0 | high-risk=3160
2026-05-21 11:01:12,829 [INFO] src.triage.tfidf_filter - [Triage] N=10 | theta_max_idf=2.0000 (fixed, theoretical_max=2.3026) | theta_tfidf=0.02
2026-05-21 11:01:12,829 [INFO] src.triage.tfidf_filter - [Triage Batch] N=10 | noise=0 | high-risk=3170
2026-05-21 11:01:12,829 [INFO] src.triage.tfidf_filter - [Triage] N=10 | theta_max_idf=2.0000 (fixed, theoretical_max=2.3026) | theta_tfidf=0.02
2026-05-21 11:01:12,829 [INFO] src.triage.tfidf_filter - [Triage Batch] N=10 | noise=0 | high-risk=3180
2026-05-21 11:01:12,829 [INFO] src.triage.tfidf_filter - [Triage] N=10 | theta_max_idf=2.0000 (fixed, theoretical_max=2.3026) | theta_tfidf=0.02
2026-05-21 11:01:12,829 [INFO] src.triage.tfidf_filter - [Triage Batch] N=10 | noise=0 | high-risk=3190
2026-05-21 11:01:12,829 [INFO] src.triage.tfidf_filter - [Triage] N=10 | theta_max_idf=2.0000 (fixed, theoretical_max=2.3026) | theta_tfidf=0.02
2026-05-21 11:01:12,829 [INFO] src.triage.tfidf_filter - [Triage Batch] N=10 | noise=0 | high-risk=3200
2026-05-21 11:01:12,829 [INFO] src.triage.tfidf_filter - [Triage] N=10 | theta_max_idf=2.0000 (fixed, theoretical_max=2.3026) | theta_tfidf=0.02
2026-05-21 11:01:12,830 [INFO] src.triage.tfidf_filter - [Triage Batch] N=10 | noise=0 | high-risk=3210
2026-05-21 11:01:12,830 [INFO] src.triage.tfidf_filter - [Triage] N=10 | theta_max_idf=2.0000 (fixed, theoretical_max=2.3026) | theta_tfidf=0.02
2026-05-21 11:01:12,830 [INFO] src.triage.tfidf_filter - [Triage Batch] N=10 | noise=0 | high-risk=3220
2026-05-21 11:01:12,830 [INFO] src.triage.tfidf_filter - [Triage] N=10 | theta_max_idf=2.0000 (fixed, theoretical_max=2.3026) | theta_tfidf=0.02
2026-05-21 11:01:12,830 [INFO] src.triage.tfidf_filter - [Triage Batch] N=10 | noise=0 | high-risk=3230
2026-05-21 11:01:12,830 [INFO] src.triage.tfidf_filter - [Triage] N=10 | theta_max_idf=2.0000 (fixed, theoretical_max=2.3026) | theta_tfidf=0.02
2026-05-21 11:01:12,830 [INFO] src.triage.tfidf_filter - [Triage Batch] N=10 | noise=0 | high-risk=3240
2026-05-21 11:01:12,830 [INFO] src.triage.tfidf_filter - [Triage] N=10 | theta_max_idf=2.0000 (fixed, theoretical_max=2.3026) | theta_tfidf=0.02
2026-05-21 11:01:12,830 [INFO] src.triage.tfidf_filter - [Triage Batch] N=10 | noise=0 | high-risk=3250
2026-05-21 11:01:12,830 [INFO] src.triage.tfidf_filter - [Triage] N=10 | theta_max_idf=2.0000 (fixed, theoretical_max=2.3026) | theta_tfidf=0.02
2026-05-21 11:01:12,830 [INFO] src.triage.tfidf_filter - [Triage Batch] N=10 | noise=0 | high-risk=3260
2026-05-21 11:01:12,830 [INFO] src.triage.tfidf_filter - [Triage] N=10 | theta_max_idf=2.0000 (fixed, theoretical_max=2.3026) | theta_tfidf=0.02
2026-05-21 11:01:12,830 [INFO] src.triage.tfidf_filter - [Triage Batch] N=10 | noise=0 | high-risk=3270
2026-05-21 11:01:12,830 [INFO] src.triage.tfidf_filter - [Triage] N=10 | theta_max_idf=2.0000 (fixed, theoretical_max=2.3026) | theta_tfidf=0.02
2026-05-21 11:01:12,830 [INFO] src.triage.tfidf_filter - [Triage Batch] N=10 | noise=0 | high-risk=3280
2026-05-21 11:01:12,830 [INFO] src.triage.tfidf_filter - [Triage] N=10 | theta_max_idf=2.0000 (fixed, theoretical_max=2.3026) | theta_tfidf=0.02
2026-05-21 11:01:12,830 [INFO] src.triage.tfidf_filter - [Triage Batch] N=10 | noise=0 | high-risk=3290
2026-05-21 11:01:12,830 [INFO] src.triage.tfidf_filter - [Triage] N=10 | theta_max_idf=2.0000 (fixed, theoretical_max=2.3026) | theta_tfidf=0.02
2026-05-21 11:01:12,831 [INFO] src.triage.tfidf_filter - [Triage Batch] N=10 | noise=0 | high-risk=3300
2026-05-21 11:01:12,831 [INFO] src.triage.tfidf_filter - [Triage] N=10 | theta_max_idf=2.0000 (fixed, theoretical_max=2.3026) | theta_tfidf=0.02
2026-05-21 11:01:12,831 [INFO] src.triage.tfidf_filter - [Triage Batch] N=10 | noise=0 | high-risk=3310
2026-05-21 11:01:12,831 [INFO] src.triage.tfidf_filter - [Triage] N=10 | theta_max_idf=2.0000 (fixed, theoretical_max=2.3026) | theta_tfidf=0.02
2026-05-21 11:01:12,831 [INFO] src.triage.tfidf_filter - [Triage Batch] N=10 | noise=0 | high-risk=3320
2026-05-21 11:01:12,831 [INFO] src.triage.tfidf_filter - [Triage] N=10 | theta_max_idf=2.0000 (fixed, theoretical_max=2.3026) | theta_tfidf=0.02
2026-05-21 11:01:12,831 [INFO] src.triage.tfidf_filter - [Triage Batch] N=10 | noise=0 | high-risk=3330
2026-05-21 11:01:12,831 [INFO] src.triage.tfidf_filter - [Triage] N=10 | theta_max_idf=2.0000 (fixed, theoretical_max=2.3026) | theta_tfidf=0.02
2026-05-21 11:01:12,831 [INFO] src.triage.tfidf_filter - [Triage Batch] N=10 | noise=0 | high-risk=3340
2026-05-21 11:01:12,831 [INFO] src.triage.tfidf_filter - [Triage] N=10 | theta_max_idf=2.0000 (fixed, theoretical_max=2.3026) | theta_tfidf=0.02
2026-05-21 11:01:12,831 [INFO] src.triage.tfidf_filter - [Triage Batch] N=10 | noise=0 | high-risk=3350
2026-05-21 11:01:12,831 [INFO] src.triage.tfidf_filter - [Triage] N=10 | theta_max_idf=2.0000 (fixed, theoretical_max=2.3026) | theta_tfidf=0.02
2026-05-21 11:01:12,831 [INFO] src.triage.tfidf_filter - [Triage Batch] N=10 | noise=0 | high-risk=3360
2026-05-21 11:01:12,831 [INFO] src.triage.tfidf_filter - [Triage] N=10 | theta_max_idf=2.0000 (fixed, theoretical_max=2.3026) | theta_tfidf=0.02
2026-05-21 11:01:12,831 [INFO] src.triage.tfidf_filter - [Triage Batch] N=10 | noise=0 | high-risk=3370
2026-05-21 11:01:12,831 [INFO] src.triage.tfidf_filter - [Triage] N=10 | theta_max_idf=2.0000 (fixed, theoretical_max=2.3026) | theta_tfidf=0.02
2026-05-21 11:01:12,831 [INFO] src.triage.tfidf_filter - [Triage Batch] N=10 | noise=0 | high-risk=3380
2026-05-21 11:01:12,831 [INFO] src.triage.tfidf_filter - [Triage] N=10 | theta_max_idf=2.0000 (fixed, theoretical_max=2.3026) | theta_tfidf=0.02
2026-05-21 11:01:12,831 [INFO] src.triage.tfidf_filter - [Triage Batch] N=10 | noise=0 | high-risk=3390
2026-05-21 11:01:12,831 [INFO] src.triage.tfidf_filter - [Triage] N=10 | theta_max_idf=2.0000 (fixed, theoretical_max=2.3026) | theta_tfidf=0.02
2026-05-21 11:01:12,831 [INFO] src.triage.tfidf_filter - [Triage Batch] N=10 | noise=0 | high-risk=3400
2026-05-21 11:01:12,831 [INFO] src.triage.tfidf_filter - [Triage] N=10 | theta_max_idf=2.0000 (fixed, theoretical_max=2.3026) | theta_tfidf=0.02
2026-05-21 11:01:12,831 [INFO] src.triage.tfidf_filter - [Triage Batch] N=10 | noise=0 | high-risk=3410
2026-05-21 11:01:12,831 [INFO] src.triage.tfidf_filter - [Triage] N=10 | theta_max_idf=2.0000 (fixed, theoretical_max=2.3026) | theta_tfidf=0.02
2026-05-21 11:01:12,831 [INFO] src.triage.tfidf_filter - [Triage Batch] N=10 | noise=0 | high-risk=3420
2026-05-21 11:01:12,831 [INFO] src.triage.tfidf_filter - [Triage] N=10 | theta_max_idf=2.0000 (fixed, theoretical_max=2.3026) | theta_tfidf=0.02
2026-05-21 11:01:12,831 [INFO] src.triage.tfidf_filter - [Triage Batch] N=10 | noise=0 | high-risk=3430
2026-05-21 11:01:12,831 [INFO] src.triage.tfidf_filter - [Triage] N=10 | theta_max_idf=2.0000 (fixed, theoretical_max=2.3026) | theta_tfidf=0.02
2026-05-21 11:01:12,831 [INFO] src.triage.tfidf_filter - [Triage Batch] N=10 | noise=0 | high-risk=3440
2026-05-21 11:01:12,831 [INFO] src.triage.tfidf_filter - [Triage] N=10 | theta_max_idf=2.0000 (fixed, theoretical_max=2.3026) | theta_tfidf=0.02
2026-05-21 11:01:12,831 [INFO] src.triage.tfidf_filter - [Triage Batch] N=10 | noise=0 | high-risk=3450
2026-05-21 11:01:12,831 [INFO] src.triage.tfidf_filter - [Triage] N=10 | theta_max_idf=2.0000 (fixed, theoretical_max=2.3026) | theta_tfidf=0.02
2026-05-21 11:01:12,831 [INFO] src.triage.tfidf_filter - [Triage Batch] N=10 | noise=0 | high-risk=3460
2026-05-21 11:01:12,831 [INFO] src.triage.tfidf_filter - [Triage] N=10 | theta_max_idf=2.0000 (fixed, theoretical_max=2.3026) | theta_tfidf=0.02
2026-05-21 11:01:12,831 [INFO] src.triage.tfidf_filter - [Triage Batch] N=10 | noise=0 | high-risk=3470
2026-05-21 11:01:12,833 [INFO] src.triage.tfidf_filter - [Triage] N=10 | theta_max_idf=2.0000 (fixed, theoretical_max=2.3026) | theta_tfidf=0.02
2026-05-21 11:01:12,833 [INFO] src.triage.tfidf_filter - [Triage Batch] N=10 | noise=0 | high-risk=3480
2026-05-21 11:01:12,833 [INFO] src.triage.tfidf_filter - [Triage] N=10 | theta_max_idf=2.0000 (fixed, theoretical_max=2.3026) | theta_tfidf=0.02
2026-05-21 11:01:12,833 [INFO] src.triage.tfidf_filter - [Triage Batch] N=10 | noise=0 | high-risk=3490
2026-05-21 11:01:12,833 [INFO] src.triage.tfidf_filter - [Triage] N=10 | theta_max_idf=2.0000 (fixed, theoretical_max=2.3026) | theta_tfidf=0.02
2026-05-21 11:01:12,833 [INFO] src.triage.tfidf_filter - [Triage Batch] N=10 | noise=0 | high-risk=3500
2026-05-21 11:01:12,834 [INFO] src.triage.tfidf_filter - [Triage] N=10 | theta_max_idf=2.0000 (fixed, theoretical_max=2.3026) | theta_tfidf=0.02
2026-05-21 11:01:12,834 [INFO] src.triage.tfidf_filter - [Triage Batch] N=10 | noise=0 | high-risk=3510
2026-05-21 11:01:12,835 [INFO] src.triage.tfidf_filter - [Triage] N=10 | theta_max_idf=2.0000 (fixed, theoretical_max=2.3026) | theta_tfidf=0.02
2026-05-21 11:01:12,835 [INFO] src.triage.tfidf_filter - [Triage Batch] N=10 | noise=0 | high-risk=3520
2026-05-21 11:01:12,836 [INFO] src.triage.tfidf_filter - [Triage] N=10 | theta_max_idf=2.0000 (fixed, theoretical_max=2.3026) | theta_tfidf=0.02
2026-05-21 11:01:12,836 [INFO] src.triage.tfidf_filter - [Triage Batch] N=10 | noise=0 | high-risk=3530
2026-05-21 11:01:12,836 [INFO] src.triage.tfidf_filter - [Triage] N=10 | theta_max_idf=2.0000 (fixed, theoretical_max=2.3026) | theta_tfidf=0.02
2026-05-21 11:01:12,836 [INFO] src.triage.tfidf_filter - [Triage Batch] N=10 | noise=0 | high-risk=3540
2026-05-21 11:01:12,836 [INFO] src.triage.tfidf_filter - [Triage] N=10 | theta_max_idf=2.0000 (fixed, theoretical_max=2.3026) | theta_tfidf=0.02
2026-05-21 11:01:12,836 [INFO] src.triage.tfidf_filter - [Triage Batch] N=10 | noise=0 | high-risk=3550
2026-05-21 11:01:12,836 [INFO] src.triage.tfidf_filter - [Triage] N=10 | theta_max_idf=2.0000 (fixed, theoretical_max=2.3026) | theta_tfidf=0.02
2026-05-21 11:01:12,836 [INFO] src.triage.tfidf_filter - [Triage Batch] N=10 | noise=0 | high-risk=3560
2026-05-21 11:01:12,836 [INFO] src.triage.tfidf_filter - [Triage] N=10 | theta_max_idf=2.0000 (fixed, theoretical_max=2.3026) | theta_tfidf=0.02
2026-05-21 11:01:12,836 [INFO] src.triage.tfidf_filter - [Triage Batch] N=10 | noise=0 | high-risk=3570
2026-05-21 11:01:12,836 [INFO] src.triage.tfidf_filter - [Triage] N=10 | theta_max_idf=2.0000 (fixed, theoretical_max=2.3026) | theta_tfidf=0.02
2026-05-21 11:01:12,836 [INFO] src.triage.tfidf_filter - [Triage Batch] N=10 | noise=0 | high-risk=3580
2026-05-21 11:01:12,836 [INFO] src.triage.tfidf_filter - [Triage] N=10 | theta_max_idf=2.0000 (fixed, theoretical_max=2.3026) | theta_tfidf=0.02
2026-05-21 11:01:12,837 [INFO] src.triage.tfidf_filter - [Triage Batch] N=10 | noise=0 | high-risk=3590
2026-05-21 11:01:12,837 [INFO] src.triage.tfidf_filter - [Triage] N=10 | theta_max_idf=2.0000 (fixed, theoretical_max=2.3026) | theta_tfidf=0.02
2026-05-21 11:01:12,837 [INFO] src.triage.tfidf_filter - [Triage Batch] N=10 | noise=0 | high-risk=3600
2026-05-21 11:01:12,837 [INFO] src.triage.tfidf_filter - [Triage] N=10 | theta_max_idf=2.0000 (fixed, theoretical_max=2.3026) | theta_tfidf=0.02
2026-05-21 11:01:12,837 [INFO] src.triage.tfidf_filter - [Triage Batch] N=10 | noise=0 | high-risk=3610
2026-05-21 11:01:12,837 [INFO] src.triage.tfidf_filter - [Triage] N=10 | theta_max_idf=2.0000 (fixed, theoretical_max=2.3026) | theta_tfidf=0.02
2026-05-21 11:01:12,837 [INFO] src.triage.tfidf_filter - [Triage Batch] N=10 | noise=0 | high-risk=3620
2026-05-21 11:01:12,837 [INFO] src.triage.tfidf_filter - [Triage] N=10 | theta_max_idf=2.0000 (fixed, theoretical_max=2.3026) | theta_tfidf=0.02
2026-05-21 11:01:12,837 [INFO] src.triage.tfidf_filter - [Triage Batch] N=10 | noise=0 | high-risk=3630
2026-05-21 11:01:12,837 [INFO] src.triage.tfidf_filter - [Triage] N=10 | theta_max_idf=2.0000 (fixed, theoretical_max=2.3026) | theta_tfidf=0.02
2026-05-21 11:01:12,837 [INFO] src.triage.tfidf_filter - [Triage Batch] N=10 | noise=0 | high-risk=3640
2026-05-21 11:01:12,837 [INFO] src.triage.tfidf_filter - [Triage] N=10 | theta_max_idf=2.0000 (fixed, theoretical_max=2.3026) | theta_tfidf=0.02
2026-05-21 11:01:12,837 [INFO] src.triage.tfidf_filter - [Triage Batch] N=10 | noise=0 | high-risk=3650
2026-05-21 11:01:12,837 [INFO] src.triage.tfidf_filter - [Triage] N=10 | theta_max_idf=2.0000 (fixed, theoretical_max=2.3026) | theta_tfidf=0.02
2026-05-21 11:01:12,837 [INFO] src.triage.tfidf_filter - [Triage Batch] N=10 | noise=0 | high-risk=3660
2026-05-21 11:01:12,837 [INFO] src.triage.tfidf_filter - [Triage] N=10 | theta_max_idf=2.0000 (fixed, theoretical_max=2.3026) | theta_tfidf=0.02
2026-05-21 11:01:12,838 [INFO] src.triage.tfidf_filter - [Triage Batch] N=10 | noise=0 | high-risk=3670
2026-05-21 11:01:12,838 [INFO] src.triage.tfidf_filter - [Triage] N=10 | theta_max_idf=2.0000 (fixed, theoretical_max=2.3026) | theta_tfidf=0.02
2026-05-21 11:01:12,838 [INFO] src.triage.tfidf_filter - [Triage Batch] N=10 | noise=0 | high-risk=3680
2026-05-21 11:01:12,838 [INFO] src.triage.tfidf_filter - [Triage] N=10 | theta_max_idf=2.0000 (fixed, theoretical_max=2.3026) | theta_tfidf=0.02
2026-05-21 11:01:12,838 [INFO] src.triage.tfidf_filter - [Triage Batch] N=10 | noise=0 | high-risk=3690
2026-05-21 11:01:12,838 [INFO] src.triage.tfidf_filter - [Triage] N=10 | theta_max_idf=2.0000 (fixed, theoretical_max=2.3026) | theta_tfidf=0.02
2026-05-21 11:01:12,839 [INFO] src.triage.tfidf_filter - [Triage Batch] N=10 | noise=0 | high-risk=3700
2026-05-21 11:01:12,839 [INFO] src.triage.tfidf_filter - [Triage] N=10 | theta_max_idf=2.0000 (fixed, theoretical_max=2.3026) | theta_tfidf=0.02
2026-05-21 11:01:12,839 [INFO] src.triage.tfidf_filter - [Triage Batch] N=10 | noise=0 | high-risk=3710
2026-05-21 11:01:12,839 [INFO] src.triage.tfidf_filter - [Triage] N=10 | theta_max_idf=2.0000 (fixed, theoretical_max=2.3026) | theta_tfidf=0.02
2026-05-21 11:01:12,839 [INFO] src.triage.tfidf_filter - [Triage Batch] N=10 | noise=0 | high-risk=3720
2026-05-21 11:01:12,839 [INFO] src.triage.tfidf_filter - [Triage] N=10 | theta_max_idf=2.0000 (fixed, theoretical_max=2.3026) | theta_tfidf=0.02
2026-05-21 11:01:12,839 [INFO] src.triage.tfidf_filter - [Triage Batch] N=10 | noise=0 | high-risk=3730
2026-05-21 11:01:12,839 [INFO] src.triage.tfidf_filter - [Triage] N=10 | theta_max_idf=2.0000 (fixed, theoretical_max=2.3026) | theta_tfidf=0.02
2026-05-21 11:01:12,839 [INFO] src.triage.tfidf_filter - [Triage Batch] N=10 | noise=0 | high-risk=3740
2026-05-21 11:01:12,839 [INFO] src.triage.tfidf_filter - [Triage] N=10 | theta_max_idf=2.0000 (fixed, theoretical_max=2.3026) | theta_tfidf=0.02
2026-05-21 11:01:12,839 [INFO] src.triage.tfidf_filter - [Triage Batch] N=10 | noise=0 | high-risk=3750
2026-05-21 11:01:12,839 [INFO] src.triage.tfidf_filter - [Triage] N=10 | theta_max_idf=2.0000 (fixed, theoretical_max=2.3026) | theta_tfidf=0.02
2026-05-21 11:01:12,840 [INFO] src.triage.tfidf_filter - [Triage Batch] N=10 | noise=0 | high-risk=3760
2026-05-21 11:01:12,840 [INFO] src.triage.tfidf_filter - [Triage] N=10 | theta_max_idf=2.0000 (fixed, theoretical_max=2.3026) | theta_tfidf=0.02
2026-05-21 11:01:12,840 [INFO] src.triage.tfidf_filter - [Triage Batch] N=10 | noise=0 | high-risk=3770
2026-05-21 11:01:12,840 [INFO] src.triage.tfidf_filter - [Triage] N=10 | theta_max_idf=2.0000 (fixed, theoretical_max=2.3026) | theta_tfidf=0.02
2026-05-21 11:01:12,840 [INFO] src.triage.tfidf_filter - [Triage Batch] N=10 | noise=0 | high-risk=3780
2026-05-21 11:01:12,840 [INFO] src.triage.tfidf_filter - [Triage] N=10 | theta_max_idf=2.0000 (fixed, theoretical_max=2.3026) | theta_tfidf=0.02
2026-05-21 11:01:12,840 [INFO] src.triage.tfidf_filter - [Triage Batch] N=10 | noise=0 | high-risk=3790
2026-05-21 11:01:12,840 [INFO] src.triage.tfidf_filter - [Triage] N=10 | theta_max_idf=2.0000 (fixed, theoretical_max=2.3026) | theta_tfidf=0.02
2026-05-21 11:01:12,840 [INFO] src.triage.tfidf_filter - [Triage Batch] N=10 | noise=0 | high-risk=3800
2026-05-21 11:01:12,840 [INFO] src.triage.tfidf_filter - [Triage] N=10 | theta_max_idf=2.0000 (fixed, theoretical_max=2.3026) | theta_tfidf=0.02
2026-05-21 11:01:12,840 [INFO] src.triage.tfidf_filter - [Triage Batch] N=10 | noise=0 | high-risk=3810
2026-05-21 11:01:12,840 [INFO] src.triage.tfidf_filter - [Triage] N=10 | theta_max_idf=2.0000 (fixed, theoretical_max=2.3026) | theta_tfidf=0.02
2026-05-21 11:01:12,840 [INFO] src.triage.tfidf_filter - [Triage Batch] N=10 | noise=0 | high-risk=3820
2026-05-21 11:01:12,840 [INFO] src.triage.tfidf_filter - [Triage] N=10 | theta_max_idf=2.0000 (fixed, theoretical_max=2.3026) | theta_tfidf=0.02
2026-05-21 11:01:12,840 [INFO] src.triage.tfidf_filter - [Triage Batch] N=10 | noise=0 | high-risk=3830
2026-05-21 11:01:12,840 [INFO] src.triage.tfidf_filter - [Triage] N=10 | theta_max_idf=2.0000 (fixed, theoretical_max=2.3026) | theta_tfidf=0.02
2026-05-21 11:01:12,841 [INFO] src.triage.tfidf_filter - [Triage Batch] N=10 | noise=0 | high-risk=3840
2026-05-21 11:01:12,841 [INFO] src.triage.tfidf_filter - [Triage] N=10 | theta_max_idf=2.0000 (fixed, theoretical_max=2.3026) | theta_tfidf=0.02
2026-05-21 11:01:12,841 [INFO] src.triage.tfidf_filter - [Triage Batch] N=10 | noise=0 | high-risk=3850
2026-05-21 11:01:12,841 [INFO] src.triage.tfidf_filter - [Triage] N=10 | theta_max_idf=2.0000 (fixed, theoretical_max=2.3026) | theta_tfidf=0.02
2026-05-21 11:01:12,841 [INFO] src.triage.tfidf_filter - [Triage Batch] N=10 | noise=0 | high-risk=3860
2026-05-21 11:01:12,841 [INFO] src.triage.tfidf_filter - [Triage] N=10 | theta_max_idf=2.0000 (fixed, theoretical_max=2.3026) | theta_tfidf=0.02
2026-05-21 11:01:12,841 [INFO] src.triage.tfidf_filter - [Triage Batch] N=10 | noise=0 | high-risk=3870
2026-05-21 11:01:12,841 [INFO] src.triage.tfidf_filter - [Triage] N=10 | theta_max_idf=2.0000 (fixed, theoretical_max=2.3026) | theta_tfidf=0.02
2026-05-21 11:01:12,841 [INFO] src.triage.tfidf_filter - [Triage Batch] N=10 | noise=0 | high-risk=3880
2026-05-21 11:01:12,841 [INFO] src.triage.tfidf_filter - [Triage] N=10 | theta_max_idf=2.0000 (fixed, theoretical_max=2.3026) | theta_tfidf=0.02
2026-05-21 11:01:12,842 [INFO] src.triage.tfidf_filter - [Triage Batch] N=10 | noise=0 | high-risk=3890
2026-05-21 11:01:12,842 [INFO] src.triage.tfidf_filter - [Triage] N=10 | theta_max_idf=2.0000 (fixed, theoretical_max=2.3026) | theta_tfidf=0.02
2026-05-21 11:01:12,842 [INFO] src.triage.tfidf_filter - [Triage Batch] N=10 | noise=0 | high-risk=3900
2026-05-21 11:01:12,842 [INFO] src.triage.tfidf_filter - [Triage] N=10 | theta_max_idf=2.0000 (fixed, theoretical_max=2.3026) | theta_tfidf=0.02
2026-05-21 11:01:12,842 [INFO] src.triage.tfidf_filter - [Triage Batch] N=10 | noise=0 | high-risk=3910
2026-05-21 11:01:12,842 [INFO] src.triage.tfidf_filter - [Triage] N=10 | theta_max_idf=2.0000 (fixed, theoretical_max=2.3026) | theta_tfidf=0.02
2026-05-21 11:01:12,842 [INFO] src.triage.tfidf_filter - [Triage Batch] N=10 | noise=0 | high-risk=3920
2026-05-21 11:01:12,842 [INFO] src.triage.tfidf_filter - [Triage] N=10 | theta_max_idf=2.0000 (fixed, theoretical_max=2.3026) | theta_tfidf=0.02
2026-05-21 11:01:12,842 [INFO] src.triage.tfidf_filter - [Triage Batch] N=10 | noise=0 | high-risk=3930
2026-05-21 11:01:12,842 [INFO] src.triage.tfidf_filter - [Triage] N=10 | theta_max_idf=2.0000 (fixed, theoretical_max=2.3026) | theta_tfidf=0.02
2026-05-21 11:01:12,842 [INFO] src.triage.tfidf_filter - [Triage Batch] N=10 | noise=0 | high-risk=3940
2026-05-21 11:01:12,842 [INFO] src.triage.tfidf_filter - [Triage] N=10 | theta_max_idf=2.0000 (fixed, theoretical_max=2.3026) | theta_tfidf=0.02
2026-05-21 11:01:12,842 [INFO] src.triage.tfidf_filter - [Triage Batch] N=10 | noise=0 | high-risk=3950
2026-05-21 11:01:12,842 [INFO] src.triage.tfidf_filter - [Triage] N=10 | theta_max_idf=2.0000 (fixed, theoretical_max=2.3026) | theta_tfidf=0.02
2026-05-21 11:01:12,842 [INFO] src.triage.tfidf_filter - [Triage Batch] N=10 | noise=0 | high-risk=3960
2026-05-21 11:01:12,842 [INFO] src.triage.tfidf_filter - [Triage] N=10 | theta_max_idf=2.0000 (fixed, theoretical_max=2.3026) | theta_tfidf=0.02
2026-05-21 11:01:12,843 [INFO] src.triage.tfidf_filter - [Triage Batch] N=10 | noise=0 | high-risk=3970
2026-05-21 11:01:12,843 [INFO] src.triage.tfidf_filter - [Triage] N=10 | theta_max_idf=2.0000 (fixed, theoretical_max=2.3026) | theta_tfidf=0.02
2026-05-21 11:01:12,843 [INFO] src.triage.tfidf_filter - [Triage Batch] N=10 | noise=0 | high-risk=3980
2026-05-21 11:01:12,843 [INFO] src.triage.tfidf_filter - [Triage] N=10 | theta_max_idf=2.0000 (fixed, theoretical_max=2.3026) | theta_tfidf=0.02
2026-05-21 11:01:12,843 [INFO] src.triage.tfidf_filter - [Triage Batch] N=10 | noise=0 | high-risk=3990
2026-05-21 11:01:12,843 [INFO] src.triage.tfidf_filter - [Triage] N=10 | theta_max_idf=2.0000 (fixed, theoretical_max=2.3026) | theta_tfidf=0.02
2026-05-21 11:01:12,843 [INFO] src.triage.tfidf_filter - [Triage Batch] N=10 | noise=0 | high-risk=4000
2026-05-21 11:01:12,844 [INFO] src.triage.tfidf_filter - [Triage] N=10 | theta_max_idf=2.0000 (fixed, theoretical_max=2.3026) | theta_tfidf=0.02
2026-05-21 11:01:12,844 [INFO] src.triage.tfidf_filter - [Triage Batch] N=10 | noise=0 | high-risk=4010
2026-05-21 11:01:12,844 [INFO] src.triage.tfidf_filter - [Triage] N=10 | theta_max_idf=2.0000 (fixed, theoretical_max=2.3026) | theta_tfidf=0.02
2026-05-21 11:01:12,845 [INFO] src.triage.tfidf_filter - [Triage Batch] N=10 | noise=0 | high-risk=4020
2026-05-21 11:01:12,845 [INFO] src.triage.tfidf_filter - [Triage] N=10 | theta_max_idf=2.0000 (fixed, theoretical_max=2.3026) | theta_tfidf=0.02
2026-05-21 11:01:12,845 [INFO] src.triage.tfidf_filter - [Triage Batch] N=10 | noise=0 | high-risk=4030
2026-05-21 11:01:12,846 [INFO] src.triage.tfidf_filter - [Triage] N=10 | theta_max_idf=2.0000 (fixed, theoretical_max=2.3026) | theta_tfidf=0.02
2026-05-21 11:01:12,846 [INFO] src.triage.tfidf_filter - [Triage Batch] N=10 | noise=0 | high-risk=4040
2026-05-21 11:01:12,846 [INFO] src.triage.tfidf_filter - [Triage] N=10 | theta_max_idf=2.0000 (fixed, theoretical_max=2.3026) | theta_tfidf=0.02
2026-05-21 11:01:12,846 [INFO] src.triage.tfidf_filter - [Triage Batch] N=10 | noise=0 | high-risk=4050
2026-05-21 11:01:12,846 [INFO] src.triage.tfidf_filter - [Triage] N=10 | theta_max_idf=2.0000 (fixed, theoretical_max=2.3026) | theta_tfidf=0.02
2026-05-21 11:01:12,846 [INFO] src.triage.tfidf_filter - [Triage Batch] N=10 | noise=0 | high-risk=4060
2026-05-21 11:01:12,847 [INFO] src.triage.tfidf_filter - [Triage] N=10 | theta_max_idf=2.0000 (fixed, theoretical_max=2.3026) | theta_tfidf=0.02
2026-05-21 11:01:12,847 [INFO] src.triage.tfidf_filter - [Triage Batch] N=10 | noise=0 | high-risk=4070
2026-05-21 11:01:12,847 [INFO] src.triage.tfidf_filter - [Triage] N=10 | theta_max_idf=2.0000 (fixed, theoretical_max=2.3026) | theta_tfidf=0.02
2026-05-21 11:01:12,847 [INFO] src.triage.tfidf_filter - [Triage Batch] N=10 | noise=0 | high-risk=4080
2026-05-21 11:01:12,847 [INFO] src.triage.tfidf_filter - [Triage] N=10 | theta_max_idf=2.0000 (fixed, theoretical_max=2.3026) | theta_tfidf=0.02
2026-05-21 11:01:12,847 [INFO] src.triage.tfidf_filter - [Triage Batch] N=10 | noise=0 | high-risk=4090
2026-05-21 11:01:12,847 [INFO] src.triage.tfidf_filter - [Triage] N=10 | theta_max_idf=2.0000 (fixed, theoretical_max=2.3026) | theta_tfidf=0.02
2026-05-21 11:01:12,847 [INFO] src.triage.tfidf_filter - [Triage Batch] N=10 | noise=0 | high-risk=4100
2026-05-21 11:01:12,847 [INFO] src.triage.tfidf_filter - [Triage] N=10 | theta_max_idf=2.0000 (fixed, theoretical_max=2.3026) | theta_tfidf=0.02
2026-05-21 11:01:12,847 [INFO] src.triage.tfidf_filter - [Triage Batch] N=10 | noise=0 | high-risk=4110
2026-05-21 11:01:12,847 [INFO] src.triage.tfidf_filter - [Triage] N=10 | theta_max_idf=2.0000 (fixed, theoretical_max=2.3026) | theta_tfidf=0.02
2026-05-21 11:01:12,847 [INFO] src.triage.tfidf_filter - [Triage Batch] N=10 | noise=0 | high-risk=4120
2026-05-21 11:01:12,847 [INFO] src.triage.tfidf_filter - [Triage] N=10 | theta_max_idf=2.0000 (fixed, theoretical_max=2.3026) | theta_tfidf=0.02
2026-05-21 11:01:12,848 [INFO] src.triage.tfidf_filter - [Triage Batch] N=10 | noise=0 | high-risk=4130
2026-05-21 11:01:12,848 [INFO] src.triage.tfidf_filter - [Triage] N=10 | theta_max_idf=2.0000 (fixed, theoretical_max=2.3026) | theta_tfidf=0.02
2026-05-21 11:01:12,848 [INFO] src.triage.tfidf_filter - [Triage Batch] N=10 | noise=0 | high-risk=4140
2026-05-21 11:01:12,848 [INFO] src.triage.tfidf_filter - [Triage] N=10 | theta_max_idf=2.0000 (fixed, theoretical_max=2.3026) | theta_tfidf=0.02
2026-05-21 11:01:12,848 [INFO] src.triage.tfidf_filter - [Triage Batch] N=10 | noise=0 | high-risk=4150
2026-05-21 11:01:12,848 [INFO] src.triage.tfidf_filter - [Triage] N=10 | theta_max_idf=2.0000 (fixed, theoretical_max=2.3026) | theta_tfidf=0.02
2026-05-21 11:01:12,848 [INFO] src.triage.tfidf_filter - [Triage Batch] N=10 | noise=0 | high-risk=4160
2026-05-21 11:01:12,848 [INFO] src.triage.tfidf_filter - [Triage] N=10 | theta_max_idf=2.0000 (fixed, theoretical_max=2.3026) | theta_tfidf=0.02
2026-05-21 11:01:12,848 [INFO] src.triage.tfidf_filter - [Triage Batch] N=10 | noise=0 | high-risk=4170
2026-05-21 11:01:12,848 [INFO] src.triage.tfidf_filter - [Triage] N=10 | theta_max_idf=2.0000 (fixed, theoretical_max=2.3026) | theta_tfidf=0.02
2026-05-21 11:01:12,848 [INFO] src.triage.tfidf_filter - [Triage Batch] N=10 | noise=0 | high-risk=4180
2026-05-21 11:01:12,848 [INFO] src.triage.tfidf_filter - [Triage] N=10 | theta_max_idf=2.0000 (fixed, theoretical_max=2.3026) | theta_tfidf=0.02
2026-05-21 11:01:12,848 [INFO] src.triage.tfidf_filter - [Triage Batch] N=10 | noise=0 | high-risk=4190
2026-05-21 11:01:12,849 [INFO] src.triage.tfidf_filter - [Triage] N=10 | theta_max_idf=2.0000 (fixed, theoretical_max=2.3026) | theta_tfidf=0.02
2026-05-21 11:01:12,849 [INFO] src.triage.tfidf_filter - [Triage Batch] N=10 | noise=0 | high-risk=4200
2026-05-21 11:01:12,849 [INFO] src.triage.tfidf_filter - [Triage] N=10 | theta_max_idf=2.0000 (fixed, theoretical_max=2.3026) | theta_tfidf=0.02
2026-05-21 11:01:12,849 [INFO] src.triage.tfidf_filter - [Triage Batch] N=10 | noise=0 | high-risk=4210
2026-05-21 11:01:12,849 [INFO] src.triage.tfidf_filter - [Triage] N=10 | theta_max_idf=2.0000 (fixed, theoretical_max=2.3026) | theta_tfidf=0.02
2026-05-21 11:01:12,849 [INFO] src.triage.tfidf_filter - [Triage Batch] N=10 | noise=0 | high-risk=4220
2026-05-21 11:01:12,849 [INFO] src.triage.tfidf_filter - [Triage] N=10 | theta_max_idf=2.0000 (fixed, theoretical_max=2.3026) | theta_tfidf=0.02
2026-05-21 11:01:12,849 [INFO] src.triage.tfidf_filter - [Triage Batch] N=10 | noise=0 | high-risk=4230
2026-05-21 11:01:12,849 [INFO] src.triage.tfidf_filter - [Triage] N=10 | theta_max_idf=2.0000 (fixed, theoretical_max=2.3026) | theta_tfidf=0.02
2026-05-21 11:01:12,849 [INFO] src.triage.tfidf_filter - [Triage Batch] N=10 | noise=0 | high-risk=4240
2026-05-21 11:01:12,849 [INFO] src.triage.tfidf_filter - [Triage] N=10 | theta_max_idf=2.0000 (fixed, theoretical_max=2.3026) | theta_tfidf=0.02
2026-05-21 11:01:12,849 [INFO] src.triage.tfidf_filter - [Triage Batch] N=10 | noise=0 | high-risk=4250
2026-05-21 11:01:12,849 [INFO] src.triage.tfidf_filter - [Triage] N=10 | theta_max_idf=2.0000 (fixed, theoretical_max=2.3026) | theta_tfidf=0.02
2026-05-21 11:01:12,849 [INFO] src.triage.tfidf_filter - [Triage Batch] N=10 | noise=0 | high-risk=4260
2026-05-21 11:01:12,849 [INFO] src.triage.tfidf_filter - [Triage] N=10 | theta_max_idf=2.0000 (fixed, theoretical_max=2.3026) | theta_tfidf=0.02
2026-05-21 11:01:12,850 [INFO] src.triage.tfidf_filter - [Triage Batch] N=10 | noise=0 | high-risk=4270
2026-05-21 11:01:12,850 [INFO] src.triage.tfidf_filter - [Triage] N=10 | theta_max_idf=2.0000 (fixed, theoretical_max=2.3026) | theta_tfidf=0.02
2026-05-21 11:01:12,850 [INFO] src.triage.tfidf_filter - [Triage Batch] N=10 | noise=0 | high-risk=4280
2026-05-21 11:01:12,850 [INFO] src.triage.tfidf_filter - [Triage] N=10 | theta_max_idf=2.0000 (fixed, theoretical_max=2.3026) | theta_tfidf=0.02
2026-05-21 11:01:12,850 [INFO] src.triage.tfidf_filter - [Triage Batch] N=10 | noise=0 | high-risk=4290
2026-05-21 11:01:12,850 [INFO] src.triage.tfidf_filter - [Triage] N=10 | theta_max_idf=2.0000 (fixed, theoretical_max=2.3026) | theta_tfidf=0.02
2026-05-21 11:01:12,850 [INFO] src.triage.tfidf_filter - [Triage Batch] N=10 | noise=0 | high-risk=4300
2026-05-21 11:01:12,851 [INFO] src.triage.tfidf_filter - [Triage] N=10 | theta_max_idf=2.0000 (fixed, theoretical_max=2.3026) | theta_tfidf=0.02
2026-05-21 11:01:12,851 [INFO] src.triage.tfidf_filter - [Triage Batch] N=10 | noise=0 | high-risk=4310
2026-05-21 11:01:12,851 [INFO] src.triage.tfidf_filter - [Triage] N=10 | theta_max_idf=2.0000 (fixed, theoretical_max=2.3026) | theta_tfidf=0.02
2026-05-21 11:01:12,851 [INFO] src.triage.tfidf_filter - [Triage Batch] N=10 | noise=0 | high-risk=4320
2026-05-21 11:01:12,851 [INFO] src.triage.tfidf_filter - [Triage] N=10 | theta_max_idf=2.0000 (fixed, theoretical_max=2.3026) | theta_tfidf=0.02
2026-05-21 11:01:12,851 [INFO] src.triage.tfidf_filter - [Triage Batch] N=10 | noise=0 | high-risk=4330
2026-05-21 11:01:12,851 [INFO] src.triage.tfidf_filter - [Triage] N=10 | theta_max_idf=2.0000 (fixed, theoretical_max=2.3026) | theta_tfidf=0.02
2026-05-21 11:01:12,851 [INFO] src.triage.tfidf_filter - [Triage Batch] N=10 | noise=0 | high-risk=4340
2026-05-21 11:01:12,851 [INFO] src.triage.tfidf_filter - [Triage] N=10 | theta_max_idf=2.0000 (fixed, theoretical_max=2.3026) | theta_tfidf=0.02
2026-05-21 11:01:12,851 [INFO] src.triage.tfidf_filter - [Triage Batch] N=10 | noise=0 | high-risk=4350
2026-05-21 11:01:12,851 [INFO] src.triage.tfidf_filter - [Triage] N=10 | theta_max_idf=2.0000 (fixed, theoretical_max=2.3026) | theta_tfidf=0.02
2026-05-21 11:01:12,851 [INFO] src.triage.tfidf_filter - [Triage Batch] N=10 | noise=0 | high-risk=4360
2026-05-21 11:01:12,851 [INFO] src.triage.tfidf_filter - [Triage] N=10 | theta_max_idf=2.0000 (fixed, theoretical_max=2.3026) | theta_tfidf=0.02
2026-05-21 11:01:12,851 [INFO] src.triage.tfidf_filter - [Triage Batch] N=10 | noise=0 | high-risk=4370
2026-05-21 11:01:12,851 [INFO] src.triage.tfidf_filter - [Triage] N=10 | theta_max_idf=2.0000 (fixed, theoretical_max=2.3026) | theta_tfidf=0.02
2026-05-21 11:01:12,851 [INFO] src.triage.tfidf_filter - [Triage Batch] N=10 | noise=0 | high-risk=4380
2026-05-21 11:01:12,852 [INFO] src.triage.tfidf_filter - [Triage] N=10 | theta_max_idf=2.0000 (fixed, theoretical_max=2.3026) | theta_tfidf=0.02
2026-05-21 11:01:12,852 [INFO] src.triage.tfidf_filter - [Triage Batch] N=10 | noise=0 | high-risk=4390
2026-05-21 11:01:12,852 [INFO] src.triage.tfidf_filter - [Triage] N=10 | theta_max_idf=2.0000 (fixed, theoretical_max=2.3026) | theta_tfidf=0.02
2026-05-21 11:01:12,852 [INFO] src.triage.tfidf_filter - [Triage Batch] N=10 | noise=0 | high-risk=4400
2026-05-21 11:01:12,852 [INFO] src.triage.tfidf_filter - [Triage] N=10 | theta_max_idf=2.0000 (fixed, theoretical_max=2.3026) | theta_tfidf=0.02
2026-05-21 11:01:12,852 [INFO] src.triage.tfidf_filter - [Triage Batch] N=10 | noise=0 | high-risk=4410
2026-05-21 11:01:12,852 [INFO] src.triage.tfidf_filter - [Triage] N=10 | theta_max_idf=2.0000 (fixed, theoretical_max=2.3026) | theta_tfidf=0.02
2026-05-21 11:01:12,852 [INFO] src.triage.tfidf_filter - [Triage Batch] N=10 | noise=0 | high-risk=4420
2026-05-21 11:01:12,852 [INFO] src.triage.tfidf_filter - [Triage] N=10 | theta_max_idf=2.0000 (fixed, theoretical_max=2.3026) | theta_tfidf=0.02
2026-05-21 11:01:12,852 [INFO] src.triage.tfidf_filter - [Triage Batch] N=10 | noise=0 | high-risk=4430
2026-05-21 11:01:12,852 [INFO] src.triage.tfidf_filter - [Triage] N=10 | theta_max_idf=2.0000 (fixed, theoretical_max=2.3026) | theta_tfidf=0.02
2026-05-21 11:01:12,852 [INFO] src.triage.tfidf_filter - [Triage Batch] N=10 | noise=0 | high-risk=4440
2026-05-21 11:01:12,852 [INFO] src.triage.tfidf_filter - [Triage] N=10 | theta_max_idf=2.0000 (fixed, theoretical_max=2.3026) | theta_tfidf=0.02
2026-05-21 11:01:12,852 [INFO] src.triage.tfidf_filter - [Triage Batch] N=10 | noise=0 | high-risk=4450
2026-05-21 11:01:12,852 [INFO] src.triage.tfidf_filter - [Triage] N=10 | theta_max_idf=2.0000 (fixed, theoretical_max=2.3026) | theta_tfidf=0.02
2026-05-21 11:01:12,853 [INFO] src.triage.tfidf_filter - [Triage Batch] N=10 | noise=0 | high-risk=4460
2026-05-21 11:01:12,853 [INFO] src.triage.tfidf_filter - [Triage] N=10 | theta_max_idf=2.0000 (fixed, theoretical_max=2.3026) | theta_tfidf=0.02
2026-05-21 11:01:12,853 [INFO] src.triage.tfidf_filter - [Triage Batch] N=10 | noise=0 | high-risk=4470
2026-05-21 11:01:12,853 [INFO] src.triage.tfidf_filter - [Triage] N=10 | theta_max_idf=2.0000 (fixed, theoretical_max=2.3026) | theta_tfidf=0.02
2026-05-21 11:01:12,853 [INFO] src.triage.tfidf_filter - [Triage Batch] N=10 | noise=0 | high-risk=4480
2026-05-21 11:01:12,853 [INFO] src.triage.tfidf_filter - [Triage] N=10 | theta_max_idf=2.0000 (fixed, theoretical_max=2.3026) | theta_tfidf=0.02
2026-05-21 11:01:12,853 [INFO] src.triage.tfidf_filter - [Triage Batch] N=10 | noise=0 | high-risk=4490
2026-05-21 11:01:12,853 [INFO] src.triage.tfidf_filter - [Triage] N=10 | theta_max_idf=2.0000 (fixed, theoretical_max=2.3026) | theta_tfidf=0.02
2026-05-21 11:01:12,853 [INFO] src.triage.tfidf_filter - [Triage Batch] N=10 | noise=0 | high-risk=4500
2026-05-21 11:01:12,853 [INFO] src.triage.tfidf_filter - [Triage] N=10 | theta_max_idf=2.0000 (fixed, theoretical_max=2.3026) | theta_tfidf=0.02
2026-05-21 11:01:12,853 [INFO] src.triage.tfidf_filter - [Triage Batch] N=10 | noise=0 | high-risk=4510
2026-05-21 11:01:12,853 [INFO] src.triage.tfidf_filter - [Triage] N=10 | theta_max_idf=2.0000 (fixed, theoretical_max=2.3026) | theta_tfidf=0.02
2026-05-21 11:01:12,853 [INFO] src.triage.tfidf_filter - [Triage Batch] N=10 | noise=0 | high-risk=4520
2026-05-21 11:01:12,854 [INFO] src.triage.tfidf_filter - [Triage] N=10 | theta_max_idf=2.0000 (fixed, theoretical_max=2.3026) | theta_tfidf=0.02
2026-05-21 11:01:12,854 [INFO] src.triage.tfidf_filter - [Triage Batch] N=10 | noise=0 | high-risk=4530
2026-05-21 11:01:12,854 [INFO] src.triage.tfidf_filter - [Triage] N=10 | theta_max_idf=2.0000 (fixed, theoretical_max=2.3026) | theta_tfidf=0.02
2026-05-21 11:01:12,854 [INFO] src.triage.tfidf_filter - [Triage Batch] N=10 | noise=0 | high-risk=4540
2026-05-21 11:01:12,854 [INFO] src.triage.tfidf_filter - [Triage] N=10 | theta_max_idf=2.0000 (fixed, theoretical_max=2.3026) | theta_tfidf=0.02
2026-05-21 11:01:12,854 [INFO] src.triage.tfidf_filter - [Triage Batch] N=10 | noise=0 | high-risk=4550
2026-05-21 11:01:12,854 [INFO] src.triage.tfidf_filter - [Triage] N=10 | theta_max_idf=2.0000 (fixed, theoretical_max=2.3026) | theta_tfidf=0.02
2026-05-21 11:01:12,854 [INFO] src.triage.tfidf_filter - [Triage Batch] N=10 | noise=0 | high-risk=4560
2026-05-21 11:01:12,854 [INFO] src.triage.tfidf_filter - [Triage] N=10 | theta_max_idf=2.0000 (fixed, theoretical_max=2.3026) | theta_tfidf=0.02
2026-05-21 11:01:12,854 [INFO] src.triage.tfidf_filter - [Triage Batch] N=10 | noise=0 | high-risk=4570
2026-05-21 11:01:12,854 [INFO] src.triage.tfidf_filter - [Triage] N=10 | theta_max_idf=2.0000 (fixed, theoretical_max=2.3026) | theta_tfidf=0.02
2026-05-21 11:01:12,854 [INFO] src.triage.tfidf_filter - [Triage Batch] N=10 | noise=0 | high-risk=4580
2026-05-21 11:01:12,854 [INFO] src.triage.tfidf_filter - [Triage] N=10 | theta_max_idf=2.0000 (fixed, theoretical_max=2.3026) | theta_tfidf=0.02
2026-05-21 11:01:12,854 [INFO] src.triage.tfidf_filter - [Triage Batch] N=10 | noise=0 | high-risk=4590
2026-05-21 11:01:12,854 [INFO] src.triage.tfidf_filter - [Triage] N=10 | theta_max_idf=2.0000 (fixed, theoretical_max=2.3026) | theta_tfidf=0.02
2026-05-21 11:01:12,855 [INFO] src.triage.tfidf_filter - [Triage Batch] N=10 | noise=0 | high-risk=4600
2026-05-21 11:01:12,855 [INFO] src.triage.tfidf_filter - [Triage] N=10 | theta_max_idf=2.0000 (fixed, theoretical_max=2.3026) | theta_tfidf=0.02
2026-05-21 11:01:12,855 [INFO] src.triage.tfidf_filter - [Triage Batch] N=10 | noise=0 | high-risk=4610
2026-05-21 11:01:12,855 [INFO] src.triage.tfidf_filter - [Triage] N=10 | theta_max_idf=2.0000 (fixed, theoretical_max=2.3026) | theta_tfidf=0.02
2026-05-21 11:01:12,855 [INFO] src.triage.tfidf_filter - [Triage Batch] N=10 | noise=0 | high-risk=4620
2026-05-21 11:01:12,855 [INFO] src.triage.tfidf_filter - [Triage] N=10 | theta_max_idf=2.0000 (fixed, theoretical_max=2.3026) | theta_tfidf=0.02
2026-05-21 11:01:12,855 [INFO] src.triage.tfidf_filter - [Triage Batch] N=10 | noise=0 | high-risk=4630
2026-05-21 11:01:12,855 [INFO] src.triage.tfidf_filter - [Triage] N=10 | theta_max_idf=2.0000 (fixed, theoretical_max=2.3026) | theta_tfidf=0.02
2026-05-21 11:01:12,855 [INFO] src.triage.tfidf_filter - [Triage Batch] N=10 | noise=0 | high-risk=4640
2026-05-21 11:01:12,855 [INFO] src.triage.tfidf_filter - [Triage] N=10 | theta_max_idf=2.0000 (fixed, theoretical_max=2.3026) | theta_tfidf=0.02
2026-05-21 11:01:12,855 [INFO] src.triage.tfidf_filter - [Triage Batch] N=10 | noise=0 | high-risk=4650
2026-05-21 11:01:12,855 [INFO] src.triage.tfidf_filter - [Triage] N=10 | theta_max_idf=2.0000 (fixed, theoretical_max=2.3026) | theta_tfidf=0.02
2026-05-21 11:01:12,855 [INFO] src.triage.tfidf_filter - [Triage Batch] N=10 | noise=0 | high-risk=4660
2026-05-21 11:01:12,855 [INFO] src.triage.tfidf_filter - [Triage] N=10 | theta_max_idf=2.0000 (fixed, theoretical_max=2.3026) | theta_tfidf=0.02
2026-05-21 11:01:12,856 [INFO] src.triage.tfidf_filter - [Triage Batch] N=10 | noise=0 | high-risk=4670
2026-05-21 11:01:12,856 [INFO] src.triage.tfidf_filter - [Triage] N=10 | theta_max_idf=2.0000 (fixed, theoretical_max=2.3026) | theta_tfidf=0.02
2026-05-21 11:01:12,856 [INFO] src.triage.tfidf_filter - [Triage Batch] N=10 | noise=0 | high-risk=4680
2026-05-21 11:01:12,856 [INFO] src.triage.tfidf_filter - [Triage] N=10 | theta_max_idf=2.0000 (fixed, theoretical_max=2.3026) | theta_tfidf=0.02
2026-05-21 11:01:12,856 [INFO] src.triage.tfidf_filter - [Triage Batch] N=10 | noise=0 | high-risk=4690
2026-05-21 11:01:12,856 [INFO] src.triage.tfidf_filter - [Triage] N=10 | theta_max_idf=2.0000 (fixed, theoretical_max=2.3026) | theta_tfidf=0.02
2026-05-21 11:01:12,856 [INFO] src.triage.tfidf_filter - [Triage Batch] N=10 | noise=0 | high-risk=4700
2026-05-21 11:01:12,856 [INFO] src.triage.tfidf_filter - [Triage] N=10 | theta_max_idf=2.0000 (fixed, theoretical_max=2.3026) | theta_tfidf=0.02
2026-05-21 11:01:12,856 [INFO] src.triage.tfidf_filter - [Triage Batch] N=10 | noise=0 | high-risk=4710
2026-05-21 11:01:12,856 [INFO] src.triage.tfidf_filter - [Triage] N=10 | theta_max_idf=2.0000 (fixed, theoretical_max=2.3026) | theta_tfidf=0.02
2026-05-21 11:01:12,856 [INFO] src.triage.tfidf_filter - [Triage Batch] N=10 | noise=0 | high-risk=4720
2026-05-21 11:01:12,856 [INFO] src.triage.tfidf_filter - [Triage] N=10 | theta_max_idf=2.0000 (fixed, theoretical_max=2.3026) | theta_tfidf=0.02
2026-05-21 11:01:12,857 [INFO] src.triage.tfidf_filter - [Triage Batch] N=10 | noise=0 | high-risk=4730
2026-05-21 11:01:12,857 [INFO] src.triage.tfidf_filter - [Triage] N=10 | theta_max_idf=2.0000 (fixed, theoretical_max=2.3026) | theta_tfidf=0.02
2026-05-21 11:01:12,857 [INFO] src.triage.tfidf_filter - [Triage Batch] N=10 | noise=0 | high-risk=4740
2026-05-21 11:01:12,857 [INFO] src.triage.tfidf_filter - [Triage] N=10 | theta_max_idf=2.0000 (fixed, theoretical_max=2.3026) | theta_tfidf=0.02
2026-05-21 11:01:12,857 [INFO] src.triage.tfidf_filter - [Triage Batch] N=10 | noise=0 | high-risk=4750
2026-05-21 11:01:12,857 [INFO] src.triage.tfidf_filter - [Triage] N=10 | theta_max_idf=2.0000 (fixed, theoretical_max=2.3026) | theta_tfidf=0.02
2026-05-21 11:01:12,857 [INFO] src.triage.tfidf_filter - [Triage Batch] N=10 | noise=0 | high-risk=4760
2026-05-21 11:01:12,857 [INFO] src.triage.tfidf_filter - [Triage] N=10 | theta_max_idf=2.0000 (fixed, theoretical_max=2.3026) | theta_tfidf=0.02
2026-05-21 11:01:12,857 [INFO] src.triage.tfidf_filter - [Triage Batch] N=10 | noise=0 | high-risk=4770
2026-05-21 11:01:12,857 [INFO] src.triage.tfidf_filter - [Triage] N=10 | theta_max_idf=2.0000 (fixed, theoretical_max=2.3026) | theta_tfidf=0.02
2026-05-21 11:01:12,857 [INFO] src.triage.tfidf_filter - [Triage Batch] N=10 | noise=0 | high-risk=4780
2026-05-21 11:01:12,857 [INFO] src.triage.tfidf_filter - [Triage] N=10 | theta_max_idf=2.0000 (fixed, theoretical_max=2.3026) | theta_tfidf=0.02
2026-05-21 11:01:12,857 [INFO] src.triage.tfidf_filter - [Triage Batch] N=10 | noise=0 | high-risk=4790
2026-05-21 11:01:12,857 [INFO] src.triage.tfidf_filter - [Triage] N=10 | theta_max_idf=2.0000 (fixed, theoretical_max=2.3026) | theta_tfidf=0.02
2026-05-21 11:01:12,858 [INFO] src.triage.tfidf_filter - [Triage Batch] N=10 | noise=0 | high-risk=4800
2026-05-21 11:01:12,858 [INFO] src.triage.tfidf_filter - [Triage] N=10 | theta_max_idf=2.0000 (fixed, theoretical_max=2.3026) | theta_tfidf=0.02
2026-05-21 11:01:12,858 [INFO] src.triage.tfidf_filter - [Triage Batch] N=10 | noise=0 | high-risk=4810
2026-05-21 11:01:12,858 [INFO] src.triage.tfidf_filter - [Triage] N=10 | theta_max_idf=2.0000 (fixed, theoretical_max=2.3026) | theta_tfidf=0.02
2026-05-21 11:01:12,858 [INFO] src.triage.tfidf_filter - [Triage Batch] N=10 | noise=0 | high-risk=4820
2026-05-21 11:01:12,858 [INFO] src.triage.tfidf_filter - [Triage] N=10 | theta_max_idf=2.0000 (fixed, theoretical_max=2.3026) | theta_tfidf=0.02
2026-05-21 11:01:12,858 [INFO] src.triage.tfidf_filter - [Triage Batch] N=10 | noise=0 | high-risk=4830
2026-05-21 11:01:12,858 [INFO] src.triage.tfidf_filter - [Triage] N=10 | theta_max_idf=2.0000 (fixed, theoretical_max=2.3026) | theta_tfidf=0.02
2026-05-21 11:01:12,858 [INFO] src.triage.tfidf_filter - [Triage Batch] N=10 | noise=0 | high-risk=4840
2026-05-21 11:01:12,858 [INFO] src.triage.tfidf_filter - [Triage] N=10 | theta_max_idf=2.0000 (fixed, theoretical_max=2.3026) | theta_tfidf=0.02
2026-05-21 11:01:12,858 [INFO] src.triage.tfidf_filter - [Triage Batch] N=10 | noise=0 | high-risk=4850
2026-05-21 11:01:12,858 [INFO] src.triage.tfidf_filter - [Triage] N=10 | theta_max_idf=2.0000 (fixed, theoretical_max=2.3026) | theta_tfidf=0.02
2026-05-21 11:01:12,858 [INFO] src.triage.tfidf_filter - [Triage Batch] N=10 | noise=0 | high-risk=4860
2026-05-21 11:01:12,858 [INFO] src.triage.tfidf_filter - [Triage] N=10 | theta_max_idf=2.0000 (fixed, theoretical_max=2.3026) | theta_tfidf=0.02
2026-05-21 11:01:12,858 [INFO] src.triage.tfidf_filter - [Triage Batch] N=10 | noise=0 | high-risk=4870
2026-05-21 11:01:12,859 [INFO] src.triage.tfidf_filter - [Triage] N=10 | theta_max_idf=2.0000 (fixed, theoretical_max=2.3026) | theta_tfidf=0.02
2026-05-21 11:01:12,859 [INFO] src.triage.tfidf_filter - [Triage Batch] N=10 | noise=0 | high-risk=4880
2026-05-21 11:01:12,859 [INFO] src.triage.tfidf_filter - [Triage] N=10 | theta_max_idf=2.0000 (fixed, theoretical_max=2.3026) | theta_tfidf=0.02
2026-05-21 11:01:12,859 [INFO] src.triage.tfidf_filter - [Triage Batch] N=10 | noise=0 | high-risk=4890
2026-05-21 11:01:12,859 [INFO] src.triage.tfidf_filter - [Triage] N=10 | theta_max_idf=2.0000 (fixed, theoretical_max=2.3026) | theta_tfidf=0.02
2026-05-21 11:01:12,859 [INFO] src.triage.tfidf_filter - [Triage Batch] N=10 | noise=0 | high-risk=4900
2026-05-21 11:01:12,859 [INFO] src.triage.tfidf_filter - [Triage] N=10 | theta_max_idf=2.0000 (fixed, theoretical_max=2.3026) | theta_tfidf=0.02
2026-05-21 11:01:12,859 [INFO] src.triage.tfidf_filter - [Triage Batch] N=10 | noise=0 | high-risk=4910
2026-05-21 11:01:12,860 [INFO] src.triage.tfidf_filter - [Triage] N=10 | theta_max_idf=2.0000 (fixed, theoretical_max=2.3026) | theta_tfidf=0.02
2026-05-21 11:01:12,860 [INFO] src.triage.tfidf_filter - [Triage Batch] N=10 | noise=0 | high-risk=4920
2026-05-21 11:01:12,860 [INFO] src.triage.tfidf_filter - [Triage] N=10 | theta_max_idf=2.0000 (fixed, theoretical_max=2.3026) | theta_tfidf=0.02
2026-05-21 11:01:12,860 [INFO] src.triage.tfidf_filter - [Triage Batch] N=10 | noise=0 | high-risk=4930
2026-05-21 11:01:12,860 [INFO] src.triage.tfidf_filter - [Triage] N=10 | theta_max_idf=2.0000 (fixed, theoretical_max=2.3026) | theta_tfidf=0.02
2026-05-21 11:01:12,860 [INFO] src.triage.tfidf_filter - [Triage Batch] N=10 | noise=0 | high-risk=4940
2026-05-21 11:01:12,864 [INFO] src.triage.tfidf_filter - [Triage] N=10 | theta_max_idf=2.0000 (fixed, theoretical_max=2.3026) | theta_tfidf=0.02
2026-05-21 11:01:12,865 [INFO] src.triage.tfidf_filter - [Triage Batch] N=10 | noise=0 | high-risk=4950
2026-05-21 11:01:12,865 [INFO] src.triage.tfidf_filter - [Triage] N=10 | theta_max_idf=2.0000 (fixed, theoretical_max=2.3026) | theta_tfidf=0.02
2026-05-21 11:01:12,865 [INFO] src.triage.tfidf_filter - [Triage Batch] N=10 | noise=0 | high-risk=4960
2026-05-21 11:01:12,865 [INFO] src.triage.tfidf_filter - [Triage] N=10 | theta_max_idf=2.0000 (fixed, theoretical_max=2.3026) | theta_tfidf=0.02
2026-05-21 11:01:12,865 [INFO] src.triage.tfidf_filter - [Triage Batch] N=10 | noise=0 | high-risk=4970
2026-05-21 11:01:12,865 [INFO] src.triage.tfidf_filter - [Triage] N=10 | theta_max_idf=2.0000 (fixed, theoretical_max=2.3026) | theta_tfidf=0.02
2026-05-21 11:01:12,867 [INFO] src.triage.tfidf_filter - [Triage Batch] N=10 | noise=0 | high-risk=4980
2026-05-21 11:01:12,867 [INFO] src.triage.tfidf_filter - [Triage] N=10 | theta_max_idf=2.0000 (fixed, theoretical_max=2.3026) | theta_tfidf=0.02
2026-05-21 11:01:12,868 [INFO] src.triage.tfidf_filter - [Triage Batch] N=10 | noise=0 | high-risk=4990
2026-05-21 11:01:12,868 [INFO] src.triage.tfidf_filter - [Triage] N=10 | theta_max_idf=2.0000 (fixed, theoretical_max=2.3026) | theta_tfidf=0.02
2026-05-21 11:01:12,868 [INFO] src.triage.tfidf_filter - [Triage Batch] N=10 | noise=0 | high-risk=5000
2026-05-21 11:01:12,869 [INFO] MainPipeline - 
================================================================
2026-05-21 11:01:12,869 [INFO] MainPipeline -   RANKING METRICS -- DIM vs MajorityVote Baseline
2026-05-21 11:01:12,869 [INFO] MainPipeline -   Dataset : Splunk BOTS v3 (annotated synthetic sequences)
2026-05-21 11:01:12,869 [INFO] MainPipeline -   N_test  : 2000 queries | Candidates: 21 playbooks
2026-05-21 11:01:12,869 [INFO] MainPipeline -   ------------------------------------------------------------
2026-05-21 11:01:12,869 [INFO] MainPipeline -     K |     Metric |  MajorityVote |      DIM |     Gain
2026-05-21 11:01:12,869 [INFO] MainPipeline -   ------------------------------------------------------------
2026-05-21 11:01:12,870 [INFO] MainPipeline -     1 |  hit_ratio |        0.7870 |   0.5440 |  -0.2430
2026-05-21 11:01:12,870 [INFO] MainPipeline -     1 |       ndcg |        0.7870 |   0.5440 |  -0.2430
2026-05-21 11:01:12,870 [INFO] MainPipeline -     3 |  hit_ratio |        0.9555 |   0.6710 |  -0.2845
2026-05-21 11:01:12,870 [INFO] MainPipeline -     3 |       ndcg |        0.8900 |   0.6197 |  -0.2704
2026-05-21 11:01:12,871 [INFO] MainPipeline -     5 |  hit_ratio |        0.9780 |   0.7230 |  -0.2550
2026-05-21 11:01:12,871 [INFO] MainPipeline -     5 |       ndcg |        0.8993 |   0.6409 |  -0.2584
2026-05-21 11:01:12,871 [INFO] MainPipeline -    10 |  hit_ratio |        0.9960 |   0.8320 |  -0.1640
2026-05-21 11:01:12,871 [INFO] MainPipeline -    10 |       ndcg |        0.9053 |   0.6756 |  -0.2297
2026-05-21 11:01:12,871 [INFO] MainPipeline -   ------------------------------------------------------------
2026-05-21 11:01:12,871 [INFO] MainPipeline -   MAP@1 : Baseline=0.7870 | DIM=0.5440 | Gain=-0.2430
2026-05-21 11:01:12,871 [INFO] MainPipeline -   MAP@3 : Baseline=0.8671 | DIM=0.6018 | Gain=-0.2653
2026-05-21 11:01:12,871 [INFO] MainPipeline -   MAP@5 : Baseline=0.8722 | DIM=0.6135 | Gain=-0.2587
2026-05-21 11:01:12,872 [INFO] MainPipeline -   MAP@10: Baseline=0.8747 | DIM=0.6275 | Gain=-0.2473
2026-05-21 11:01:12,872 [INFO] MainPipeline -   ============================================================
2026-05-21 11:01:12,872 [INFO] MainPipeline - 
  SOC OPERATIONAL METRICS (real pipeline execution times)
2026-05-21 11:01:12,873 [INFO] MainPipeline -   ------------------------------------------------------------
2026-05-21 11:01:12,873 [INFO] MainPipeline -   MTTD -- TF-IDF Filter Latency (N=500 alerts):
2026-05-21 11:01:12,873 [INFO] MainPipeline -     Mean : 0.238 ms | Std: 0.381 ms
2026-05-21 11:01:12,873 [INFO] MainPipeline -     Min  : 0.000 ms | Max: 4.162 ms
2026-05-21 11:01:12,873 [INFO] MainPipeline -   MTTR -- DIM Inference Latency (N=2000 sequences):
2026-05-21 11:01:12,873 [INFO] MainPipeline -     Mean : 5.948 ms | Std: 1.408 ms
2026-05-21 11:01:12,874 [INFO] MainPipeline -     Min  : 4.559 ms | Max: 10.428 ms
2026-05-21 11:01:12,874 [INFO] MainPipeline -   Analyst Workload Reduction:
2026-05-21 11:01:12,874 [INFO] MainPipeline -     Automated: 6/7 steps = 85.7%
2026-05-21 11:01:12,874 [INFO] MainPipeline -     Remaining: 1 HITL approval step (by design)
2026-05-21 11:01:12,874 [INFO] MainPipeline -   ------------------------------------------------------------
2026-05-21 11:01:12,875 [INFO] MainPipeline -   Note: MTTD/MTTR are computational latency measurements.
2026-05-21 11:01:12,875 [INFO] MainPipeline -   Production deployment times include SIEM I/O and network latency.
2026-05-21 11:01:12,875 [INFO] MainPipeline -   ============================================================
2026-05-21 11:01:12,875 [INFO] MainPipeline - 
  UNSW-NB15 / CICIDS2017 Classification Metrics:
2026-05-21 11:01:12,875 [INFO] MainPipeline -   Run: py -3.11 test_modules.py  for full classification results
2026-05-21 11:01:12,875 [INFO] MainPipeline - 
================================================================
2026-05-21 11:01:12,875 [INFO] MainPipeline -   Evaluation complete. Details saved to logs/pipeline.log
2026-05-21 11:01:12,875 [INFO] MainPipeline - ================================================================

2026-05-21 13:14:14,081 [INFO] MainPipeline - 
================================================================
2026-05-21 13:14:14,083 [INFO] MainPipeline -   FULL EVALUATION -- Best Checkpoint
2026-05-21 13:14:14,083 [INFO] MainPipeline - ================================================================
2026-05-21 13:14:14,372 [INFO] src.models.dim - DIM initialized | params=463,425
2026-05-21 13:14:14,388 [INFO] MainPipeline -   Checkpoint  : epoch=35, NDCG@5=0.7206
2026-05-21 13:14:14,388 [INFO] MainPipeline -   Architecture: max_seq_len=20, embed_dim=64, params=463,425
2026-05-21 13:14:14,396 [INFO] MainPipeline -   Loading Splunk BOTS test set ...
2026-05-21 13:14:14,397 [INFO] src.data.dataset_loader - ============================================================
2026-05-21 13:14:14,398 [INFO] src.data.dataset_loader -   Splunk BOTS v3 -" Sequence Generation for DIM Training
2026-05-21 13:14:14,398 [INFO] src.data.dataset_loader - ============================================================
2026-05-21 13:14:14,398 [INFO] src.data.dataset_loader -   NOTE: DIM dilatih dari SYNTHETIC SEQUENCES yang diturunkan
2026-05-21 13:14:14,398 [INFO] src.data.dataset_loader -   dari distribusi eventcode Splunk BOTS v3, bukan raw log.
2026-05-21 13:14:14,399 [INFO] src.data.dataset_loader -   Eventcode dianotasi sistematis ke kelas playbook respons.
2026-05-21 13:14:14,399 [INFO] src.data.dataset_loader -   Gunakan loader.describe() untuk detail provenance lengkap.
2026-05-21 13:14:14,399 [INFO] src.data.dataset_loader - ------------------------------------------------------------
2026-05-21 13:14:14,433 [INFO] src.data.dataset_loader - Eventcode distribution loaded from BOTS: 10 unique event codes
2026-05-21 13:14:14,434 [INFO] src.data.dataset_loader -   Eventcode distribution source : bots_eventcode_csv (10 unique codes)
  Sequences to generate         : 10000
  Sequence length (max)         : 20
  Mapped playbook classes       : 7
2026-05-21 13:14:14,434 [INFO] src.data.dataset_loader - ============================================================
2026-05-21 13:14:17,261 [INFO] src.data.dataset_loader -   Sequences generated: 10000 (train=8000, test=2000)
2026-05-21 13:14:17,612 [INFO] MainPipeline -   Test set: 2000 sequences | 21 playbook candidates
2026-05-21 13:14:37,053 [INFO] src.triage.tfidf_filter - [Triage] N=10 | theta_max_idf=2.0000 (fixed, theoretical_max=2.3026) | theta_tfidf=0.02
2026-05-21 13:14:37,054 [INFO] src.triage.tfidf_filter - [Triage Batch] N=10 | noise=0 | high-risk=10
2026-05-21 13:14:37,054 [INFO] src.triage.tfidf_filter - [Triage] N=10 | theta_max_idf=2.0000 (fixed, theoretical_max=2.3026) | theta_tfidf=0.02
2026-05-21 13:14:37,054 [INFO] src.triage.tfidf_filter - [Triage Batch] N=10 | noise=0 | high-risk=20
2026-05-21 13:14:37,054 [INFO] src.triage.tfidf_filter - [Triage] N=10 | theta_max_idf=2.0000 (fixed, theoretical_max=2.3026) | theta_tfidf=0.02
2026-05-21 13:14:37,054 [INFO] src.triage.tfidf_filter - [Triage Batch] N=10 | noise=0 | high-risk=30
2026-05-21 13:14:37,055 [INFO] src.triage.tfidf_filter - [Triage] N=10 | theta_max_idf=2.0000 (fixed, theoretical_max=2.3026) | theta_tfidf=0.02
2026-05-21 13:14:37,055 [INFO] src.triage.tfidf_filter - [Triage Batch] N=10 | noise=0 | high-risk=40
2026-05-21 13:14:37,056 [INFO] src.triage.tfidf_filter - [Triage] N=10 | theta_max_idf=2.0000 (fixed, theoretical_max=2.3026) | theta_tfidf=0.02
2026-05-21 13:14:37,056 [INFO] src.triage.tfidf_filter - [Triage Batch] N=10 | noise=0 | high-risk=50
2026-05-21 13:14:37,056 [INFO] src.triage.tfidf_filter - [Triage] N=10 | theta_max_idf=2.0000 (fixed, theoretical_max=2.3026) | theta_tfidf=0.02
2026-05-21 13:14:37,056 [INFO] src.triage.tfidf_filter - [Triage Batch] N=10 | noise=0 | high-risk=60
2026-05-21 13:14:37,056 [INFO] src.triage.tfidf_filter - [Triage] N=10 | theta_max_idf=2.0000 (fixed, theoretical_max=2.3026) | theta_tfidf=0.02
2026-05-21 13:14:37,057 [INFO] src.triage.tfidf_filter - [Triage Batch] N=10 | noise=0 | high-risk=70
2026-05-21 13:14:37,057 [INFO] src.triage.tfidf_filter - [Triage] N=10 | theta_max_idf=2.0000 (fixed, theoretical_max=2.3026) | theta_tfidf=0.02
2026-05-21 13:14:37,057 [INFO] src.triage.tfidf_filter - [Triage Batch] N=10 | noise=0 | high-risk=80
2026-05-21 13:14:37,058 [INFO] src.triage.tfidf_filter - [Triage] N=10 | theta_max_idf=2.0000 (fixed, theoretical_max=2.3026) | theta_tfidf=0.02
2026-05-21 13:14:37,058 [INFO] src.triage.tfidf_filter - [Triage Batch] N=10 | noise=0 | high-risk=90
2026-05-21 13:14:37,058 [INFO] src.triage.tfidf_filter - [Triage] N=10 | theta_max_idf=2.0000 (fixed, theoretical_max=2.3026) | theta_tfidf=0.02
2026-05-21 13:14:37,058 [INFO] src.triage.tfidf_filter - [Triage Batch] N=10 | noise=0 | high-risk=100
2026-05-21 13:14:37,059 [INFO] src.triage.tfidf_filter - [Triage] N=10 | theta_max_idf=2.0000 (fixed, theoretical_max=2.3026) | theta_tfidf=0.02
2026-05-21 13:14:37,059 [INFO] src.triage.tfidf_filter - [Triage Batch] N=10 | noise=0 | high-risk=110
2026-05-21 13:14:37,059 [INFO] src.triage.tfidf_filter - [Triage] N=10 | theta_max_idf=2.0000 (fixed, theoretical_max=2.3026) | theta_tfidf=0.02
2026-05-21 13:14:37,059 [INFO] src.triage.tfidf_filter - [Triage Batch] N=10 | noise=0 | high-risk=120
2026-05-21 13:14:37,059 [INFO] src.triage.tfidf_filter - [Triage] N=10 | theta_max_idf=2.0000 (fixed, theoretical_max=2.3026) | theta_tfidf=0.02
2026-05-21 13:14:37,060 [INFO] src.triage.tfidf_filter - [Triage Batch] N=10 | noise=0 | high-risk=130
2026-05-21 13:14:37,060 [INFO] src.triage.tfidf_filter - [Triage] N=10 | theta_max_idf=2.0000 (fixed, theoretical_max=2.3026) | theta_tfidf=0.02
2026-05-21 13:14:37,060 [INFO] src.triage.tfidf_filter - [Triage Batch] N=10 | noise=0 | high-risk=140
2026-05-21 13:14:37,060 [INFO] src.triage.tfidf_filter - [Triage] N=10 | theta_max_idf=2.0000 (fixed, theoretical_max=2.3026) | theta_tfidf=0.02
2026-05-21 13:14:37,060 [INFO] src.triage.tfidf_filter - [Triage Batch] N=10 | noise=0 | high-risk=150
2026-05-21 13:14:37,060 [INFO] src.triage.tfidf_filter - [Triage] N=10 | theta_max_idf=2.0000 (fixed, theoretical_max=2.3026) | theta_tfidf=0.02
2026-05-21 13:14:37,061 [INFO] src.triage.tfidf_filter - [Triage Batch] N=10 | noise=0 | high-risk=160
2026-05-21 13:14:37,061 [INFO] src.triage.tfidf_filter - [Triage] N=10 | theta_max_idf=2.0000 (fixed, theoretical_max=2.3026) | theta_tfidf=0.02
2026-05-21 13:14:37,061 [INFO] src.triage.tfidf_filter - [Triage Batch] N=10 | noise=0 | high-risk=170
2026-05-21 13:14:37,062 [INFO] src.triage.tfidf_filter - [Triage] N=10 | theta_max_idf=2.0000 (fixed, theoretical_max=2.3026) | theta_tfidf=0.02
2026-05-21 13:14:37,062 [INFO] src.triage.tfidf_filter - [Triage Batch] N=10 | noise=0 | high-risk=180
2026-05-21 13:14:37,063 [INFO] src.triage.tfidf_filter - [Triage] N=10 | theta_max_idf=2.0000 (fixed, theoretical_max=2.3026) | theta_tfidf=0.02
2026-05-21 13:14:37,063 [INFO] src.triage.tfidf_filter - [Triage Batch] N=10 | noise=0 | high-risk=190
2026-05-21 13:14:37,063 [INFO] src.triage.tfidf_filter - [Triage] N=10 | theta_max_idf=2.0000 (fixed, theoretical_max=2.3026) | theta_tfidf=0.02
2026-05-21 13:14:37,063 [INFO] src.triage.tfidf_filter - [Triage Batch] N=10 | noise=0 | high-risk=200
2026-05-21 13:14:37,063 [INFO] src.triage.tfidf_filter - [Triage] N=10 | theta_max_idf=2.0000 (fixed, theoretical_max=2.3026) | theta_tfidf=0.02
2026-05-21 13:14:37,063 [INFO] src.triage.tfidf_filter - [Triage Batch] N=10 | noise=0 | high-risk=210
2026-05-21 13:14:37,063 [INFO] src.triage.tfidf_filter - [Triage] N=10 | theta_max_idf=2.0000 (fixed, theoretical_max=2.3026) | theta_tfidf=0.02
2026-05-21 13:14:37,064 [INFO] src.triage.tfidf_filter - [Triage Batch] N=10 | noise=0 | high-risk=220
2026-05-21 13:14:37,064 [INFO] src.triage.tfidf_filter - [Triage] N=10 | theta_max_idf=2.0000 (fixed, theoretical_max=2.3026) | theta_tfidf=0.02
2026-05-21 13:14:37,064 [INFO] src.triage.tfidf_filter - [Triage Batch] N=10 | noise=0 | high-risk=230
2026-05-21 13:14:37,065 [INFO] src.triage.tfidf_filter - [Triage] N=10 | theta_max_idf=2.0000 (fixed, theoretical_max=2.3026) | theta_tfidf=0.02
2026-05-21 13:14:37,065 [INFO] src.triage.tfidf_filter - [Triage Batch] N=10 | noise=0 | high-risk=240
2026-05-21 13:14:37,066 [INFO] src.triage.tfidf_filter - [Triage] N=10 | theta_max_idf=2.0000 (fixed, theoretical_max=2.3026) | theta_tfidf=0.02
2026-05-21 13:14:37,066 [INFO] src.triage.tfidf_filter - [Triage Batch] N=10 | noise=0 | high-risk=250
2026-05-21 13:14:37,066 [INFO] src.triage.tfidf_filter - [Triage] N=10 | theta_max_idf=2.0000 (fixed, theoretical_max=2.3026) | theta_tfidf=0.02
2026-05-21 13:14:37,066 [INFO] src.triage.tfidf_filter - [Triage Batch] N=10 | noise=0 | high-risk=260
2026-05-21 13:14:37,066 [INFO] src.triage.tfidf_filter - [Triage] N=10 | theta_max_idf=2.0000 (fixed, theoretical_max=2.3026) | theta_tfidf=0.02
2026-05-21 13:14:37,067 [INFO] src.triage.tfidf_filter - [Triage Batch] N=10 | noise=0 | high-risk=270
2026-05-21 13:14:37,067 [INFO] src.triage.tfidf_filter - [Triage] N=10 | theta_max_idf=2.0000 (fixed, theoretical_max=2.3026) | theta_tfidf=0.02
2026-05-21 13:14:37,067 [INFO] src.triage.tfidf_filter - [Triage Batch] N=10 | noise=0 | high-risk=280
2026-05-21 13:14:37,068 [INFO] src.triage.tfidf_filter - [Triage] N=10 | theta_max_idf=2.0000 (fixed, theoretical_max=2.3026) | theta_tfidf=0.02
2026-05-21 13:14:37,068 [INFO] src.triage.tfidf_filter - [Triage Batch] N=10 | noise=0 | high-risk=290
2026-05-21 13:14:37,068 [INFO] src.triage.tfidf_filter - [Triage] N=10 | theta_max_idf=2.0000 (fixed, theoretical_max=2.3026) | theta_tfidf=0.02
2026-05-21 13:14:37,069 [INFO] src.triage.tfidf_filter - [Triage Batch] N=10 | noise=0 | high-risk=300
2026-05-21 13:14:37,069 [INFO] src.triage.tfidf_filter - [Triage] N=10 | theta_max_idf=2.0000 (fixed, theoretical_max=2.3026) | theta_tfidf=0.02
2026-05-21 13:14:37,070 [INFO] src.triage.tfidf_filter - [Triage Batch] N=10 | noise=0 | high-risk=310
2026-05-21 13:14:37,070 [INFO] src.triage.tfidf_filter - [Triage] N=10 | theta_max_idf=2.0000 (fixed, theoretical_max=2.3026) | theta_tfidf=0.02
2026-05-21 13:14:37,071 [INFO] src.triage.tfidf_filter - [Triage Batch] N=10 | noise=0 | high-risk=320
2026-05-21 13:14:37,071 [INFO] src.triage.tfidf_filter - [Triage] N=10 | theta_max_idf=2.0000 (fixed, theoretical_max=2.3026) | theta_tfidf=0.02
2026-05-21 13:14:37,071 [INFO] src.triage.tfidf_filter - [Triage Batch] N=10 | noise=0 | high-risk=330
2026-05-21 13:14:37,071 [INFO] src.triage.tfidf_filter - [Triage] N=10 | theta_max_idf=2.0000 (fixed, theoretical_max=2.3026) | theta_tfidf=0.02
2026-05-21 13:14:37,071 [INFO] src.triage.tfidf_filter - [Triage Batch] N=10 | noise=0 | high-risk=340
2026-05-21 13:14:37,072 [INFO] src.triage.tfidf_filter - [Triage] N=10 | theta_max_idf=2.0000 (fixed, theoretical_max=2.3026) | theta_tfidf=0.02
2026-05-21 13:14:37,072 [INFO] src.triage.tfidf_filter - [Triage Batch] N=10 | noise=0 | high-risk=350
2026-05-21 13:14:37,072 [INFO] src.triage.tfidf_filter - [Triage] N=10 | theta_max_idf=2.0000 (fixed, theoretical_max=2.3026) | theta_tfidf=0.02
2026-05-21 13:14:37,073 [INFO] src.triage.tfidf_filter - [Triage Batch] N=10 | noise=0 | high-risk=360
2026-05-21 13:14:37,073 [INFO] src.triage.tfidf_filter - [Triage] N=10 | theta_max_idf=2.0000 (fixed, theoretical_max=2.3026) | theta_tfidf=0.02
2026-05-21 13:14:37,073 [INFO] src.triage.tfidf_filter - [Triage Batch] N=10 | noise=0 | high-risk=370
2026-05-21 13:14:37,073 [INFO] src.triage.tfidf_filter - [Triage] N=10 | theta_max_idf=2.0000 (fixed, theoretical_max=2.3026) | theta_tfidf=0.02
2026-05-21 13:14:37,073 [INFO] src.triage.tfidf_filter - [Triage Batch] N=10 | noise=0 | high-risk=380
2026-05-21 13:14:37,074 [INFO] src.triage.tfidf_filter - [Triage] N=10 | theta_max_idf=2.0000 (fixed, theoretical_max=2.3026) | theta_tfidf=0.02
2026-05-21 13:14:37,074 [INFO] src.triage.tfidf_filter - [Triage Batch] N=10 | noise=0 | high-risk=390
2026-05-21 13:14:37,074 [INFO] src.triage.tfidf_filter - [Triage] N=10 | theta_max_idf=2.0000 (fixed, theoretical_max=2.3026) | theta_tfidf=0.02
2026-05-21 13:14:37,075 [INFO] src.triage.tfidf_filter - [Triage Batch] N=10 | noise=0 | high-risk=400
2026-05-21 13:14:37,075 [INFO] src.triage.tfidf_filter - [Triage] N=10 | theta_max_idf=2.0000 (fixed, theoretical_max=2.3026) | theta_tfidf=0.02
2026-05-21 13:14:37,076 [INFO] src.triage.tfidf_filter - [Triage Batch] N=10 | noise=0 | high-risk=410
2026-05-21 13:14:37,076 [INFO] src.triage.tfidf_filter - [Triage] N=10 | theta_max_idf=2.0000 (fixed, theoretical_max=2.3026) | theta_tfidf=0.02
2026-05-21 13:14:37,076 [INFO] src.triage.tfidf_filter - [Triage Batch] N=10 | noise=0 | high-risk=420
2026-05-21 13:14:37,076 [INFO] src.triage.tfidf_filter - [Triage] N=10 | theta_max_idf=2.0000 (fixed, theoretical_max=2.3026) | theta_tfidf=0.02
2026-05-21 13:14:37,076 [INFO] src.triage.tfidf_filter - [Triage Batch] N=10 | noise=0 | high-risk=430
2026-05-21 13:14:37,077 [INFO] src.triage.tfidf_filter - [Triage] N=10 | theta_max_idf=2.0000 (fixed, theoretical_max=2.3026) | theta_tfidf=0.02
2026-05-21 13:14:37,077 [INFO] src.triage.tfidf_filter - [Triage Batch] N=10 | noise=0 | high-risk=440
2026-05-21 13:14:37,077 [INFO] src.triage.tfidf_filter - [Triage] N=10 | theta_max_idf=2.0000 (fixed, theoretical_max=2.3026) | theta_tfidf=0.02
2026-05-21 13:14:37,078 [INFO] src.triage.tfidf_filter - [Triage Batch] N=10 | noise=0 | high-risk=450
2026-05-21 13:14:37,078 [INFO] src.triage.tfidf_filter - [Triage] N=10 | theta_max_idf=2.0000 (fixed, theoretical_max=2.3026) | theta_tfidf=0.02
2026-05-21 13:14:37,078 [INFO] src.triage.tfidf_filter - [Triage Batch] N=10 | noise=0 | high-risk=460
2026-05-21 13:14:37,078 [INFO] src.triage.tfidf_filter - [Triage] N=10 | theta_max_idf=2.0000 (fixed, theoretical_max=2.3026) | theta_tfidf=0.02
2026-05-21 13:14:37,078 [INFO] src.triage.tfidf_filter - [Triage Batch] N=10 | noise=0 | high-risk=470
2026-05-21 13:14:37,078 [INFO] src.triage.tfidf_filter - [Triage] N=10 | theta_max_idf=2.0000 (fixed, theoretical_max=2.3026) | theta_tfidf=0.02
2026-05-21 13:14:37,078 [INFO] src.triage.tfidf_filter - [Triage Batch] N=10 | noise=0 | high-risk=480
2026-05-21 13:14:37,078 [INFO] src.triage.tfidf_filter - [Triage] N=10 | theta_max_idf=2.0000 (fixed, theoretical_max=2.3026) | theta_tfidf=0.02
2026-05-21 13:14:37,078 [INFO] src.triage.tfidf_filter - [Triage Batch] N=10 | noise=0 | high-risk=490
2026-05-21 13:14:37,079 [INFO] src.triage.tfidf_filter - [Triage] N=10 | theta_max_idf=2.0000 (fixed, theoretical_max=2.3026) | theta_tfidf=0.02
2026-05-21 13:14:37,080 [INFO] src.triage.tfidf_filter - [Triage Batch] N=10 | noise=0 | high-risk=500
2026-05-21 13:14:37,080 [INFO] src.triage.tfidf_filter - [Triage] N=10 | theta_max_idf=2.0000 (fixed, theoretical_max=2.3026) | theta_tfidf=0.02
2026-05-21 13:14:37,080 [INFO] src.triage.tfidf_filter - [Triage Batch] N=10 | noise=0 | high-risk=510
2026-05-21 13:14:37,081 [INFO] src.triage.tfidf_filter - [Triage] N=10 | theta_max_idf=2.0000 (fixed, theoretical_max=2.3026) | theta_tfidf=0.02
2026-05-21 13:14:37,081 [INFO] src.triage.tfidf_filter - [Triage Batch] N=10 | noise=0 | high-risk=520
2026-05-21 13:14:37,081 [INFO] src.triage.tfidf_filter - [Triage] N=10 | theta_max_idf=2.0000 (fixed, theoretical_max=2.3026) | theta_tfidf=0.02
2026-05-21 13:14:37,081 [INFO] src.triage.tfidf_filter - [Triage Batch] N=10 | noise=0 | high-risk=530
2026-05-21 13:14:37,082 [INFO] src.triage.tfidf_filter - [Triage] N=10 | theta_max_idf=2.0000 (fixed, theoretical_max=2.3026) | theta_tfidf=0.02
2026-05-21 13:14:37,082 [INFO] src.triage.tfidf_filter - [Triage Batch] N=10 | noise=0 | high-risk=540
2026-05-21 13:14:37,082 [INFO] src.triage.tfidf_filter - [Triage] N=10 | theta_max_idf=2.0000 (fixed, theoretical_max=2.3026) | theta_tfidf=0.02
2026-05-21 13:14:37,082 [INFO] src.triage.tfidf_filter - [Triage Batch] N=10 | noise=0 | high-risk=550
2026-05-21 13:14:37,082 [INFO] src.triage.tfidf_filter - [Triage] N=10 | theta_max_idf=2.0000 (fixed, theoretical_max=2.3026) | theta_tfidf=0.02
2026-05-21 13:14:37,082 [INFO] src.triage.tfidf_filter - [Triage Batch] N=10 | noise=0 | high-risk=560
2026-05-21 13:14:37,083 [INFO] src.triage.tfidf_filter - [Triage] N=10 | theta_max_idf=2.0000 (fixed, theoretical_max=2.3026) | theta_tfidf=0.02
2026-05-21 13:14:37,083 [INFO] src.triage.tfidf_filter - [Triage Batch] N=10 | noise=0 | high-risk=570
2026-05-21 13:14:37,084 [INFO] src.triage.tfidf_filter - [Triage] N=10 | theta_max_idf=2.0000 (fixed, theoretical_max=2.3026) | theta_tfidf=0.02
2026-05-21 13:14:37,084 [INFO] src.triage.tfidf_filter - [Triage Batch] N=10 | noise=0 | high-risk=580
2026-05-21 13:14:37,084 [INFO] src.triage.tfidf_filter - [Triage] N=10 | theta_max_idf=2.0000 (fixed, theoretical_max=2.3026) | theta_tfidf=0.02
2026-05-21 13:14:37,084 [INFO] src.triage.tfidf_filter - [Triage Batch] N=10 | noise=0 | high-risk=590
2026-05-21 13:14:37,084 [INFO] src.triage.tfidf_filter - [Triage] N=10 | theta_max_idf=2.0000 (fixed, theoretical_max=2.3026) | theta_tfidf=0.02
2026-05-21 13:14:37,085 [INFO] src.triage.tfidf_filter - [Triage Batch] N=10 | noise=0 | high-risk=600
2026-05-21 13:14:37,085 [INFO] src.triage.tfidf_filter - [Triage] N=10 | theta_max_idf=2.0000 (fixed, theoretical_max=2.3026) | theta_tfidf=0.02
2026-05-21 13:14:37,086 [INFO] src.triage.tfidf_filter - [Triage Batch] N=10 | noise=0 | high-risk=610
2026-05-21 13:14:37,086 [INFO] src.triage.tfidf_filter - [Triage] N=10 | theta_max_idf=2.0000 (fixed, theoretical_max=2.3026) | theta_tfidf=0.02
2026-05-21 13:14:37,086 [INFO] src.triage.tfidf_filter - [Triage Batch] N=10 | noise=0 | high-risk=620
2026-05-21 13:14:37,086 [INFO] src.triage.tfidf_filter - [Triage] N=10 | theta_max_idf=2.0000 (fixed, theoretical_max=2.3026) | theta_tfidf=0.02
2026-05-21 13:14:37,087 [INFO] src.triage.tfidf_filter - [Triage Batch] N=10 | noise=0 | high-risk=630
2026-05-21 13:14:37,087 [INFO] src.triage.tfidf_filter - [Triage] N=10 | theta_max_idf=2.0000 (fixed, theoretical_max=2.3026) | theta_tfidf=0.02
2026-05-21 13:14:37,087 [INFO] src.triage.tfidf_filter - [Triage Batch] N=10 | noise=0 | high-risk=640
2026-05-21 13:14:37,087 [INFO] src.triage.tfidf_filter - [Triage] N=10 | theta_max_idf=2.0000 (fixed, theoretical_max=2.3026) | theta_tfidf=0.02
2026-05-21 13:14:37,088 [INFO] src.triage.tfidf_filter - [Triage Batch] N=10 | noise=0 | high-risk=650
2026-05-21 13:14:37,088 [INFO] src.triage.tfidf_filter - [Triage] N=10 | theta_max_idf=2.0000 (fixed, theoretical_max=2.3026) | theta_tfidf=0.02
2026-05-21 13:14:37,088 [INFO] src.triage.tfidf_filter - [Triage Batch] N=10 | noise=0 | high-risk=660
2026-05-21 13:14:37,088 [INFO] src.triage.tfidf_filter - [Triage] N=10 | theta_max_idf=2.0000 (fixed, theoretical_max=2.3026) | theta_tfidf=0.02
2026-05-21 13:14:37,089 [INFO] src.triage.tfidf_filter - [Triage Batch] N=10 | noise=0 | high-risk=670
2026-05-21 13:14:37,089 [INFO] src.triage.tfidf_filter - [Triage] N=10 | theta_max_idf=2.0000 (fixed, theoretical_max=2.3026) | theta_tfidf=0.02
2026-05-21 13:14:37,089 [INFO] src.triage.tfidf_filter - [Triage Batch] N=10 | noise=0 | high-risk=680
2026-05-21 13:14:37,090 [INFO] src.triage.tfidf_filter - [Triage] N=10 | theta_max_idf=2.0000 (fixed, theoretical_max=2.3026) | theta_tfidf=0.02
2026-05-21 13:14:37,090 [INFO] src.triage.tfidf_filter - [Triage Batch] N=10 | noise=0 | high-risk=690
2026-05-21 13:14:37,090 [INFO] src.triage.tfidf_filter - [Triage] N=10 | theta_max_idf=2.0000 (fixed, theoretical_max=2.3026) | theta_tfidf=0.02
2026-05-21 13:14:37,090 [INFO] src.triage.tfidf_filter - [Triage Batch] N=10 | noise=0 | high-risk=700
2026-05-21 13:14:37,090 [INFO] src.triage.tfidf_filter - [Triage] N=10 | theta_max_idf=2.0000 (fixed, theoretical_max=2.3026) | theta_tfidf=0.02
2026-05-21 13:14:37,091 [INFO] src.triage.tfidf_filter - [Triage Batch] N=10 | noise=0 | high-risk=710
2026-05-21 13:14:37,091 [INFO] src.triage.tfidf_filter - [Triage] N=10 | theta_max_idf=2.0000 (fixed, theoretical_max=2.3026) | theta_tfidf=0.02
2026-05-21 13:14:37,091 [INFO] src.triage.tfidf_filter - [Triage Batch] N=10 | noise=0 | high-risk=720
2026-05-21 13:14:37,091 [INFO] src.triage.tfidf_filter - [Triage] N=10 | theta_max_idf=2.0000 (fixed, theoretical_max=2.3026) | theta_tfidf=0.02
2026-05-21 13:14:37,092 [INFO] src.triage.tfidf_filter - [Triage Batch] N=10 | noise=0 | high-risk=730
2026-05-21 13:14:37,092 [INFO] src.triage.tfidf_filter - [Triage] N=10 | theta_max_idf=2.0000 (fixed, theoretical_max=2.3026) | theta_tfidf=0.02
2026-05-21 13:14:37,092 [INFO] src.triage.tfidf_filter - [Triage Batch] N=10 | noise=0 | high-risk=740
2026-05-21 13:14:37,092 [INFO] src.triage.tfidf_filter - [Triage] N=10 | theta_max_idf=2.0000 (fixed, theoretical_max=2.3026) | theta_tfidf=0.02
2026-05-21 13:14:37,092 [INFO] src.triage.tfidf_filter - [Triage Batch] N=10 | noise=0 | high-risk=750
2026-05-21 13:14:37,092 [INFO] src.triage.tfidf_filter - [Triage] N=10 | theta_max_idf=2.0000 (fixed, theoretical_max=2.3026) | theta_tfidf=0.02
2026-05-21 13:14:37,093 [INFO] src.triage.tfidf_filter - [Triage Batch] N=10 | noise=0 | high-risk=760
2026-05-21 13:14:37,093 [INFO] src.triage.tfidf_filter - [Triage] N=10 | theta_max_idf=2.0000 (fixed, theoretical_max=2.3026) | theta_tfidf=0.02
2026-05-21 13:14:37,093 [INFO] src.triage.tfidf_filter - [Triage Batch] N=10 | noise=0 | high-risk=770
2026-05-21 13:14:37,093 [INFO] src.triage.tfidf_filter - [Triage] N=10 | theta_max_idf=2.0000 (fixed, theoretical_max=2.3026) | theta_tfidf=0.02
2026-05-21 13:14:37,093 [INFO] src.triage.tfidf_filter - [Triage Batch] N=10 | noise=0 | high-risk=780
2026-05-21 13:14:37,094 [INFO] src.triage.tfidf_filter - [Triage] N=10 | theta_max_idf=2.0000 (fixed, theoretical_max=2.3026) | theta_tfidf=0.02
2026-05-21 13:14:37,094 [INFO] src.triage.tfidf_filter - [Triage Batch] N=10 | noise=0 | high-risk=790
2026-05-21 13:14:37,094 [INFO] src.triage.tfidf_filter - [Triage] N=10 | theta_max_idf=2.0000 (fixed, theoretical_max=2.3026) | theta_tfidf=0.02
2026-05-21 13:14:37,094 [INFO] src.triage.tfidf_filter - [Triage Batch] N=10 | noise=0 | high-risk=800
2026-05-21 13:14:37,095 [INFO] src.triage.tfidf_filter - [Triage] N=10 | theta_max_idf=2.0000 (fixed, theoretical_max=2.3026) | theta_tfidf=0.02
2026-05-21 13:14:37,095 [INFO] src.triage.tfidf_filter - [Triage Batch] N=10 | noise=0 | high-risk=810
2026-05-21 13:14:37,095 [INFO] src.triage.tfidf_filter - [Triage] N=10 | theta_max_idf=2.0000 (fixed, theoretical_max=2.3026) | theta_tfidf=0.02
2026-05-21 13:14:37,095 [INFO] src.triage.tfidf_filter - [Triage Batch] N=10 | noise=0 | high-risk=820
2026-05-21 13:14:37,095 [INFO] src.triage.tfidf_filter - [Triage] N=10 | theta_max_idf=2.0000 (fixed, theoretical_max=2.3026) | theta_tfidf=0.02
2026-05-21 13:14:37,096 [INFO] src.triage.tfidf_filter - [Triage Batch] N=10 | noise=0 | high-risk=830
2026-05-21 13:14:37,096 [INFO] src.triage.tfidf_filter - [Triage] N=10 | theta_max_idf=2.0000 (fixed, theoretical_max=2.3026) | theta_tfidf=0.02
2026-05-21 13:14:37,096 [INFO] src.triage.tfidf_filter - [Triage Batch] N=10 | noise=0 | high-risk=840
2026-05-21 13:14:37,097 [INFO] src.triage.tfidf_filter - [Triage] N=10 | theta_max_idf=2.0000 (fixed, theoretical_max=2.3026) | theta_tfidf=0.02
2026-05-21 13:14:37,097 [INFO] src.triage.tfidf_filter - [Triage Batch] N=10 | noise=0 | high-risk=850
2026-05-21 13:14:37,097 [INFO] src.triage.tfidf_filter - [Triage] N=10 | theta_max_idf=2.0000 (fixed, theoretical_max=2.3026) | theta_tfidf=0.02
2026-05-21 13:14:37,097 [INFO] src.triage.tfidf_filter - [Triage Batch] N=10 | noise=0 | high-risk=860
2026-05-21 13:14:37,097 [INFO] src.triage.tfidf_filter - [Triage] N=10 | theta_max_idf=2.0000 (fixed, theoretical_max=2.3026) | theta_tfidf=0.02
2026-05-21 13:14:37,097 [INFO] src.triage.tfidf_filter - [Triage Batch] N=10 | noise=0 | high-risk=870
2026-05-21 13:14:37,098 [INFO] src.triage.tfidf_filter - [Triage] N=10 | theta_max_idf=2.0000 (fixed, theoretical_max=2.3026) | theta_tfidf=0.02
2026-05-21 13:14:37,098 [INFO] src.triage.tfidf_filter - [Triage Batch] N=10 | noise=0 | high-risk=880
2026-05-21 13:14:37,098 [INFO] src.triage.tfidf_filter - [Triage] N=10 | theta_max_idf=2.0000 (fixed, theoretical_max=2.3026) | theta_tfidf=0.02
2026-05-21 13:14:37,099 [INFO] src.triage.tfidf_filter - [Triage Batch] N=10 | noise=0 | high-risk=890
2026-05-21 13:14:37,099 [INFO] src.triage.tfidf_filter - [Triage] N=10 | theta_max_idf=2.0000 (fixed, theoretical_max=2.3026) | theta_tfidf=0.02
2026-05-21 13:14:37,099 [INFO] src.triage.tfidf_filter - [Triage Batch] N=10 | noise=0 | high-risk=900
2026-05-21 13:14:37,099 [INFO] src.triage.tfidf_filter - [Triage] N=10 | theta_max_idf=2.0000 (fixed, theoretical_max=2.3026) | theta_tfidf=0.02
2026-05-21 13:14:37,099 [INFO] src.triage.tfidf_filter - [Triage Batch] N=10 | noise=0 | high-risk=910
2026-05-21 13:14:37,099 [INFO] src.triage.tfidf_filter - [Triage] N=10 | theta_max_idf=2.0000 (fixed, theoretical_max=2.3026) | theta_tfidf=0.02
2026-05-21 13:14:37,099 [INFO] src.triage.tfidf_filter - [Triage Batch] N=10 | noise=0 | high-risk=920
2026-05-21 13:14:37,100 [INFO] src.triage.tfidf_filter - [Triage] N=10 | theta_max_idf=2.0000 (fixed, theoretical_max=2.3026) | theta_tfidf=0.02
2026-05-21 13:14:37,100 [INFO] src.triage.tfidf_filter - [Triage Batch] N=10 | noise=0 | high-risk=930
2026-05-21 13:14:37,100 [INFO] src.triage.tfidf_filter - [Triage] N=10 | theta_max_idf=2.0000 (fixed, theoretical_max=2.3026) | theta_tfidf=0.02
2026-05-21 13:14:37,101 [INFO] src.triage.tfidf_filter - [Triage Batch] N=10 | noise=0 | high-risk=940
2026-05-21 13:14:37,101 [INFO] src.triage.tfidf_filter - [Triage] N=10 | theta_max_idf=2.0000 (fixed, theoretical_max=2.3026) | theta_tfidf=0.02
2026-05-21 13:14:37,101 [INFO] src.triage.tfidf_filter - [Triage Batch] N=10 | noise=0 | high-risk=950
2026-05-21 13:14:37,101 [INFO] src.triage.tfidf_filter - [Triage] N=10 | theta_max_idf=2.0000 (fixed, theoretical_max=2.3026) | theta_tfidf=0.02
2026-05-21 13:14:37,102 [INFO] src.triage.tfidf_filter - [Triage Batch] N=10 | noise=0 | high-risk=960
2026-05-21 13:14:37,102 [INFO] src.triage.tfidf_filter - [Triage] N=10 | theta_max_idf=2.0000 (fixed, theoretical_max=2.3026) | theta_tfidf=0.02
2026-05-21 13:14:37,102 [INFO] src.triage.tfidf_filter - [Triage Batch] N=10 | noise=0 | high-risk=970
2026-05-21 13:14:37,103 [INFO] src.triage.tfidf_filter - [Triage] N=10 | theta_max_idf=2.0000 (fixed, theoretical_max=2.3026) | theta_tfidf=0.02
2026-05-21 13:14:37,103 [INFO] src.triage.tfidf_filter - [Triage Batch] N=10 | noise=0 | high-risk=980
2026-05-21 13:14:37,103 [INFO] src.triage.tfidf_filter - [Triage] N=10 | theta_max_idf=2.0000 (fixed, theoretical_max=2.3026) | theta_tfidf=0.02
2026-05-21 13:14:37,103 [INFO] src.triage.tfidf_filter - [Triage Batch] N=10 | noise=0 | high-risk=990
2026-05-21 13:14:37,104 [INFO] src.triage.tfidf_filter - [Triage] N=10 | theta_max_idf=2.0000 (fixed, theoretical_max=2.3026) | theta_tfidf=0.02
2026-05-21 13:14:37,104 [INFO] src.triage.tfidf_filter - [Triage Batch] N=10 | noise=0 | high-risk=1000
2026-05-21 13:14:37,104 [INFO] src.triage.tfidf_filter - [Triage] N=10 | theta_max_idf=2.0000 (fixed, theoretical_max=2.3026) | theta_tfidf=0.02
2026-05-21 13:14:37,104 [INFO] src.triage.tfidf_filter - [Triage Batch] N=10 | noise=0 | high-risk=1010
2026-05-21 13:14:37,104 [INFO] src.triage.tfidf_filter - [Triage] N=10 | theta_max_idf=2.0000 (fixed, theoretical_max=2.3026) | theta_tfidf=0.02
2026-05-21 13:14:37,104 [INFO] src.triage.tfidf_filter - [Triage Batch] N=10 | noise=0 | high-risk=1020
2026-05-21 13:14:37,104 [INFO] src.triage.tfidf_filter - [Triage] N=10 | theta_max_idf=2.0000 (fixed, theoretical_max=2.3026) | theta_tfidf=0.02
2026-05-21 13:14:37,104 [INFO] src.triage.tfidf_filter - [Triage Batch] N=10 | noise=0 | high-risk=1030
2026-05-21 13:14:37,105 [INFO] src.triage.tfidf_filter - [Triage] N=10 | theta_max_idf=2.0000 (fixed, theoretical_max=2.3026) | theta_tfidf=0.02
2026-05-21 13:14:37,105 [INFO] src.triage.tfidf_filter - [Triage Batch] N=10 | noise=0 | high-risk=1040
2026-05-21 13:14:37,105 [INFO] src.triage.tfidf_filter - [Triage] N=10 | theta_max_idf=2.0000 (fixed, theoretical_max=2.3026) | theta_tfidf=0.02
2026-05-21 13:14:37,105 [INFO] src.triage.tfidf_filter - [Triage Batch] N=10 | noise=0 | high-risk=1050
2026-05-21 13:14:37,106 [INFO] src.triage.tfidf_filter - [Triage] N=10 | theta_max_idf=2.0000 (fixed, theoretical_max=2.3026) | theta_tfidf=0.02
2026-05-21 13:14:37,106 [INFO] src.triage.tfidf_filter - [Triage Batch] N=10 | noise=0 | high-risk=1060
2026-05-21 13:14:37,106 [INFO] src.triage.tfidf_filter - [Triage] N=10 | theta_max_idf=2.0000 (fixed, theoretical_max=2.3026) | theta_tfidf=0.02
2026-05-21 13:14:37,106 [INFO] src.triage.tfidf_filter - [Triage Batch] N=10 | noise=0 | high-risk=1070
2026-05-21 13:14:37,107 [INFO] src.triage.tfidf_filter - [Triage] N=10 | theta_max_idf=2.0000 (fixed, theoretical_max=2.3026) | theta_tfidf=0.02
2026-05-21 13:14:37,108 [INFO] src.triage.tfidf_filter - [Triage Batch] N=10 | noise=0 | high-risk=1080
2026-05-21 13:14:37,108 [INFO] src.triage.tfidf_filter - [Triage] N=10 | theta_max_idf=2.0000 (fixed, theoretical_max=2.3026) | theta_tfidf=0.02
2026-05-21 13:14:37,108 [INFO] src.triage.tfidf_filter - [Triage Batch] N=10 | noise=0 | high-risk=1090
2026-05-21 13:14:37,108 [INFO] src.triage.tfidf_filter - [Triage] N=10 | theta_max_idf=2.0000 (fixed, theoretical_max=2.3026) | theta_tfidf=0.02
2026-05-21 13:14:37,108 [INFO] src.triage.tfidf_filter - [Triage Batch] N=10 | noise=0 | high-risk=1100
2026-05-21 13:14:37,108 [INFO] src.triage.tfidf_filter - [Triage] N=10 | theta_max_idf=2.0000 (fixed, theoretical_max=2.3026) | theta_tfidf=0.02
2026-05-21 13:14:37,108 [INFO] src.triage.tfidf_filter - [Triage Batch] N=10 | noise=0 | high-risk=1110
2026-05-21 13:14:37,110 [INFO] src.triage.tfidf_filter - [Triage] N=10 | theta_max_idf=2.0000 (fixed, theoretical_max=2.3026) | theta_tfidf=0.02
2026-05-21 13:14:37,110 [INFO] src.triage.tfidf_filter - [Triage Batch] N=10 | noise=0 | high-risk=1120
2026-05-21 13:14:37,110 [INFO] src.triage.tfidf_filter - [Triage] N=10 | theta_max_idf=2.0000 (fixed, theoretical_max=2.3026) | theta_tfidf=0.02
2026-05-21 13:14:37,110 [INFO] src.triage.tfidf_filter - [Triage Batch] N=10 | noise=0 | high-risk=1130
2026-05-21 13:14:37,111 [INFO] src.triage.tfidf_filter - [Triage] N=10 | theta_max_idf=2.0000 (fixed, theoretical_max=2.3026) | theta_tfidf=0.02
2026-05-21 13:14:37,111 [INFO] src.triage.tfidf_filter - [Triage Batch] N=10 | noise=0 | high-risk=1140
2026-05-21 13:14:37,111 [INFO] src.triage.tfidf_filter - [Triage] N=10 | theta_max_idf=2.0000 (fixed, theoretical_max=2.3026) | theta_tfidf=0.02
2026-05-21 13:14:37,111 [INFO] src.triage.tfidf_filter - [Triage Batch] N=10 | noise=0 | high-risk=1150
2026-05-21 13:14:37,111 [INFO] src.triage.tfidf_filter - [Triage] N=10 | theta_max_idf=2.0000 (fixed, theoretical_max=2.3026) | theta_tfidf=0.02
2026-05-21 13:14:37,111 [INFO] src.triage.tfidf_filter - [Triage Batch] N=10 | noise=0 | high-risk=1160
2026-05-21 13:14:37,112 [INFO] src.triage.tfidf_filter - [Triage] N=10 | theta_max_idf=2.0000 (fixed, theoretical_max=2.3026) | theta_tfidf=0.02
2026-05-21 13:14:37,112 [INFO] src.triage.tfidf_filter - [Triage Batch] N=10 | noise=0 | high-risk=1170
2026-05-21 13:14:37,112 [INFO] src.triage.tfidf_filter - [Triage] N=10 | theta_max_idf=2.0000 (fixed, theoretical_max=2.3026) | theta_tfidf=0.02
2026-05-21 13:14:37,113 [INFO] src.triage.tfidf_filter - [Triage Batch] N=10 | noise=0 | high-risk=1180
2026-05-21 13:14:37,113 [INFO] src.triage.tfidf_filter - [Triage] N=10 | theta_max_idf=2.0000 (fixed, theoretical_max=2.3026) | theta_tfidf=0.02
2026-05-21 13:14:37,113 [INFO] src.triage.tfidf_filter - [Triage Batch] N=10 | noise=0 | high-risk=1190
2026-05-21 13:14:37,113 [INFO] src.triage.tfidf_filter - [Triage] N=10 | theta_max_idf=2.0000 (fixed, theoretical_max=2.3026) | theta_tfidf=0.02
2026-05-21 13:14:37,114 [INFO] src.triage.tfidf_filter - [Triage Batch] N=10 | noise=0 | high-risk=1200
2026-05-21 13:14:37,114 [INFO] src.triage.tfidf_filter - [Triage] N=10 | theta_max_idf=2.0000 (fixed, theoretical_max=2.3026) | theta_tfidf=0.02
2026-05-21 13:14:37,114 [INFO] src.triage.tfidf_filter - [Triage Batch] N=10 | noise=0 | high-risk=1210
2026-05-21 13:14:37,114 [INFO] src.triage.tfidf_filter - [Triage] N=10 | theta_max_idf=2.0000 (fixed, theoretical_max=2.3026) | theta_tfidf=0.02
2026-05-21 13:14:37,115 [INFO] src.triage.tfidf_filter - [Triage Batch] N=10 | noise=0 | high-risk=1220
2026-05-21 13:14:37,115 [INFO] src.triage.tfidf_filter - [Triage] N=10 | theta_max_idf=2.0000 (fixed, theoretical_max=2.3026) | theta_tfidf=0.02
2026-05-21 13:14:37,115 [INFO] src.triage.tfidf_filter - [Triage Batch] N=10 | noise=0 | high-risk=1230
2026-05-21 13:14:37,116 [INFO] src.triage.tfidf_filter - [Triage] N=10 | theta_max_idf=2.0000 (fixed, theoretical_max=2.3026) | theta_tfidf=0.02
2026-05-21 13:14:37,116 [INFO] src.triage.tfidf_filter - [Triage Batch] N=10 | noise=0 | high-risk=1240
2026-05-21 13:14:37,116 [INFO] src.triage.tfidf_filter - [Triage] N=10 | theta_max_idf=2.0000 (fixed, theoretical_max=2.3026) | theta_tfidf=0.02
2026-05-21 13:14:37,117 [INFO] src.triage.tfidf_filter - [Triage Batch] N=10 | noise=0 | high-risk=1250
2026-05-21 13:14:37,117 [INFO] src.triage.tfidf_filter - [Triage] N=10 | theta_max_idf=2.0000 (fixed, theoretical_max=2.3026) | theta_tfidf=0.02
2026-05-21 13:14:37,117 [INFO] src.triage.tfidf_filter - [Triage Batch] N=10 | noise=0 | high-risk=1260
2026-05-21 13:14:37,117 [INFO] src.triage.tfidf_filter - [Triage] N=10 | theta_max_idf=2.0000 (fixed, theoretical_max=2.3026) | theta_tfidf=0.02
2026-05-21 13:14:37,118 [INFO] src.triage.tfidf_filter - [Triage Batch] N=10 | noise=0 | high-risk=1270
2026-05-21 13:14:37,118 [INFO] src.triage.tfidf_filter - [Triage] N=10 | theta_max_idf=2.0000 (fixed, theoretical_max=2.3026) | theta_tfidf=0.02
2026-05-21 13:14:37,118 [INFO] src.triage.tfidf_filter - [Triage Batch] N=10 | noise=0 | high-risk=1280
2026-05-21 13:14:37,118 [INFO] src.triage.tfidf_filter - [Triage] N=10 | theta_max_idf=2.0000 (fixed, theoretical_max=2.3026) | theta_tfidf=0.02
2026-05-21 13:14:37,119 [INFO] src.triage.tfidf_filter - [Triage Batch] N=10 | noise=0 | high-risk=1290
2026-05-21 13:14:37,119 [INFO] src.triage.tfidf_filter - [Triage] N=10 | theta_max_idf=2.0000 (fixed, theoretical_max=2.3026) | theta_tfidf=0.02
2026-05-21 13:14:37,119 [INFO] src.triage.tfidf_filter - [Triage Batch] N=10 | noise=0 | high-risk=1300
2026-05-21 13:14:37,119 [INFO] src.triage.tfidf_filter - [Triage] N=10 | theta_max_idf=2.0000 (fixed, theoretical_max=2.3026) | theta_tfidf=0.02
2026-05-21 13:14:37,120 [INFO] src.triage.tfidf_filter - [Triage Batch] N=10 | noise=0 | high-risk=1310
2026-05-21 13:14:37,120 [INFO] src.triage.tfidf_filter - [Triage] N=10 | theta_max_idf=2.0000 (fixed, theoretical_max=2.3026) | theta_tfidf=0.02
2026-05-21 13:14:37,120 [INFO] src.triage.tfidf_filter - [Triage Batch] N=10 | noise=0 | high-risk=1320
2026-05-21 13:14:37,121 [INFO] src.triage.tfidf_filter - [Triage] N=10 | theta_max_idf=2.0000 (fixed, theoretical_max=2.3026) | theta_tfidf=0.02
2026-05-21 13:14:37,121 [INFO] src.triage.tfidf_filter - [Triage Batch] N=10 | noise=0 | high-risk=1330
2026-05-21 13:14:37,121 [INFO] src.triage.tfidf_filter - [Triage] N=10 | theta_max_idf=2.0000 (fixed, theoretical_max=2.3026) | theta_tfidf=0.02
2026-05-21 13:14:37,121 [INFO] src.triage.tfidf_filter - [Triage Batch] N=10 | noise=0 | high-risk=1340
2026-05-21 13:14:37,121 [INFO] src.triage.tfidf_filter - [Triage] N=10 | theta_max_idf=2.0000 (fixed, theoretical_max=2.3026) | theta_tfidf=0.02
2026-05-21 13:14:37,122 [INFO] src.triage.tfidf_filter - [Triage Batch] N=10 | noise=0 | high-risk=1350
2026-05-21 13:14:37,122 [INFO] src.triage.tfidf_filter - [Triage] N=10 | theta_max_idf=2.0000 (fixed, theoretical_max=2.3026) | theta_tfidf=0.02
2026-05-21 13:14:37,122 [INFO] src.triage.tfidf_filter - [Triage Batch] N=10 | noise=0 | high-risk=1360
2026-05-21 13:14:37,123 [INFO] src.triage.tfidf_filter - [Triage] N=10 | theta_max_idf=2.0000 (fixed, theoretical_max=2.3026) | theta_tfidf=0.02
2026-05-21 13:14:37,123 [INFO] src.triage.tfidf_filter - [Triage Batch] N=10 | noise=0 | high-risk=1370
2026-05-21 13:14:37,123 [INFO] src.triage.tfidf_filter - [Triage] N=10 | theta_max_idf=2.0000 (fixed, theoretical_max=2.3026) | theta_tfidf=0.02
2026-05-21 13:14:37,123 [INFO] src.triage.tfidf_filter - [Triage Batch] N=10 | noise=0 | high-risk=1380
2026-05-21 13:14:37,123 [INFO] src.triage.tfidf_filter - [Triage] N=10 | theta_max_idf=2.0000 (fixed, theoretical_max=2.3026) | theta_tfidf=0.02
2026-05-21 13:14:37,123 [INFO] src.triage.tfidf_filter - [Triage Batch] N=10 | noise=0 | high-risk=1390
2026-05-21 13:14:37,124 [INFO] src.triage.tfidf_filter - [Triage] N=10 | theta_max_idf=2.0000 (fixed, theoretical_max=2.3026) | theta_tfidf=0.02
2026-05-21 13:14:37,124 [INFO] src.triage.tfidf_filter - [Triage Batch] N=10 | noise=0 | high-risk=1400
2026-05-21 13:14:37,124 [INFO] src.triage.tfidf_filter - [Triage] N=10 | theta_max_idf=2.0000 (fixed, theoretical_max=2.3026) | theta_tfidf=0.02
2026-05-21 13:14:37,124 [INFO] src.triage.tfidf_filter - [Triage Batch] N=10 | noise=0 | high-risk=1410
2026-05-21 13:14:37,124 [INFO] src.triage.tfidf_filter - [Triage] N=10 | theta_max_idf=2.0000 (fixed, theoretical_max=2.3026) | theta_tfidf=0.02
2026-05-21 13:14:37,125 [INFO] src.triage.tfidf_filter - [Triage Batch] N=10 | noise=0 | high-risk=1420
2026-05-21 13:14:37,125 [INFO] src.triage.tfidf_filter - [Triage] N=10 | theta_max_idf=2.0000 (fixed, theoretical_max=2.3026) | theta_tfidf=0.02
2026-05-21 13:14:37,126 [INFO] src.triage.tfidf_filter - [Triage Batch] N=10 | noise=0 | high-risk=1430
2026-05-21 13:14:37,126 [INFO] src.triage.tfidf_filter - [Triage] N=10 | theta_max_idf=2.0000 (fixed, theoretical_max=2.3026) | theta_tfidf=0.02
2026-05-21 13:14:37,126 [INFO] src.triage.tfidf_filter - [Triage Batch] N=10 | noise=0 | high-risk=1440
2026-05-21 13:14:37,126 [INFO] src.triage.tfidf_filter - [Triage] N=10 | theta_max_idf=2.0000 (fixed, theoretical_max=2.3026) | theta_tfidf=0.02
2026-05-21 13:14:37,126 [INFO] src.triage.tfidf_filter - [Triage Batch] N=10 | noise=0 | high-risk=1450
2026-05-21 13:14:37,127 [INFO] src.triage.tfidf_filter - [Triage] N=10 | theta_max_idf=2.0000 (fixed, theoretical_max=2.3026) | theta_tfidf=0.02
2026-05-21 13:14:37,127 [INFO] src.triage.tfidf_filter - [Triage Batch] N=10 | noise=0 | high-risk=1460
2026-05-21 13:14:37,127 [INFO] src.triage.tfidf_filter - [Triage] N=10 | theta_max_idf=2.0000 (fixed, theoretical_max=2.3026) | theta_tfidf=0.02
2026-05-21 13:14:37,128 [INFO] src.triage.tfidf_filter - [Triage Batch] N=10 | noise=0 | high-risk=1470
2026-05-21 13:14:37,128 [INFO] src.triage.tfidf_filter - [Triage] N=10 | theta_max_idf=2.0000 (fixed, theoretical_max=2.3026) | theta_tfidf=0.02
2026-05-21 13:14:37,128 [INFO] src.triage.tfidf_filter - [Triage Batch] N=10 | noise=0 | high-risk=1480
2026-05-21 13:14:37,128 [INFO] src.triage.tfidf_filter - [Triage] N=10 | theta_max_idf=2.0000 (fixed, theoretical_max=2.3026) | theta_tfidf=0.02
2026-05-21 13:14:37,128 [INFO] src.triage.tfidf_filter - [Triage Batch] N=10 | noise=0 | high-risk=1490
2026-05-21 13:14:37,129 [INFO] src.triage.tfidf_filter - [Triage] N=10 | theta_max_idf=2.0000 (fixed, theoretical_max=2.3026) | theta_tfidf=0.02
2026-05-21 13:14:37,129 [INFO] src.triage.tfidf_filter - [Triage Batch] N=10 | noise=0 | high-risk=1500
2026-05-21 13:14:37,129 [INFO] src.triage.tfidf_filter - [Triage] N=10 | theta_max_idf=2.0000 (fixed, theoretical_max=2.3026) | theta_tfidf=0.02
2026-05-21 13:14:37,130 [INFO] src.triage.tfidf_filter - [Triage Batch] N=10 | noise=0 | high-risk=1510
2026-05-21 13:14:37,130 [INFO] src.triage.tfidf_filter - [Triage] N=10 | theta_max_idf=2.0000 (fixed, theoretical_max=2.3026) | theta_tfidf=0.02
2026-05-21 13:14:37,131 [INFO] src.triage.tfidf_filter - [Triage Batch] N=10 | noise=0 | high-risk=1520
2026-05-21 13:14:37,131 [INFO] src.triage.tfidf_filter - [Triage] N=10 | theta_max_idf=2.0000 (fixed, theoretical_max=2.3026) | theta_tfidf=0.02
2026-05-21 13:14:37,131 [INFO] src.triage.tfidf_filter - [Triage Batch] N=10 | noise=0 | high-risk=1530
2026-05-21 13:14:37,131 [INFO] src.triage.tfidf_filter - [Triage] N=10 | theta_max_idf=2.0000 (fixed, theoretical_max=2.3026) | theta_tfidf=0.02
2026-05-21 13:14:37,131 [INFO] src.triage.tfidf_filter - [Triage Batch] N=10 | noise=0 | high-risk=1540
2026-05-21 13:14:37,132 [INFO] src.triage.tfidf_filter - [Triage] N=10 | theta_max_idf=2.0000 (fixed, theoretical_max=2.3026) | theta_tfidf=0.02
2026-05-21 13:14:37,132 [INFO] src.triage.tfidf_filter - [Triage Batch] N=10 | noise=0 | high-risk=1550
2026-05-21 13:14:37,132 [INFO] src.triage.tfidf_filter - [Triage] N=10 | theta_max_idf=2.0000 (fixed, theoretical_max=2.3026) | theta_tfidf=0.02
2026-05-21 13:14:37,133 [INFO] src.triage.tfidf_filter - [Triage Batch] N=10 | noise=0 | high-risk=1560
2026-05-21 13:14:37,133 [INFO] src.triage.tfidf_filter - [Triage] N=10 | theta_max_idf=2.0000 (fixed, theoretical_max=2.3026) | theta_tfidf=0.02
2026-05-21 13:14:37,133 [INFO] src.triage.tfidf_filter - [Triage Batch] N=10 | noise=0 | high-risk=1570
2026-05-21 13:14:37,134 [INFO] src.triage.tfidf_filter - [Triage] N=10 | theta_max_idf=2.0000 (fixed, theoretical_max=2.3026) | theta_tfidf=0.02
2026-05-21 13:14:37,134 [INFO] src.triage.tfidf_filter - [Triage Batch] N=10 | noise=0 | high-risk=1580
2026-05-21 13:14:37,134 [INFO] src.triage.tfidf_filter - [Triage] N=10 | theta_max_idf=2.0000 (fixed, theoretical_max=2.3026) | theta_tfidf=0.02
2026-05-21 13:14:37,134 [INFO] src.triage.tfidf_filter - [Triage Batch] N=10 | noise=0 | high-risk=1590
2026-05-21 13:14:37,134 [INFO] src.triage.tfidf_filter - [Triage] N=10 | theta_max_idf=2.0000 (fixed, theoretical_max=2.3026) | theta_tfidf=0.02
2026-05-21 13:14:37,134 [INFO] src.triage.tfidf_filter - [Triage Batch] N=10 | noise=0 | high-risk=1600
2026-05-21 13:14:37,135 [INFO] src.triage.tfidf_filter - [Triage] N=10 | theta_max_idf=2.0000 (fixed, theoretical_max=2.3026) | theta_tfidf=0.02
2026-05-21 13:14:37,135 [INFO] src.triage.tfidf_filter - [Triage Batch] N=10 | noise=0 | high-risk=1610
2026-05-21 13:14:37,135 [INFO] src.triage.tfidf_filter - [Triage] N=10 | theta_max_idf=2.0000 (fixed, theoretical_max=2.3026) | theta_tfidf=0.02
2026-05-21 13:14:37,135 [INFO] src.triage.tfidf_filter - [Triage Batch] N=10 | noise=0 | high-risk=1620
2026-05-21 13:14:37,136 [INFO] src.triage.tfidf_filter - [Triage] N=10 | theta_max_idf=2.0000 (fixed, theoretical_max=2.3026) | theta_tfidf=0.02
2026-05-21 13:14:37,136 [INFO] src.triage.tfidf_filter - [Triage Batch] N=10 | noise=0 | high-risk=1630
2026-05-21 13:14:37,136 [INFO] src.triage.tfidf_filter - [Triage] N=10 | theta_max_idf=2.0000 (fixed, theoretical_max=2.3026) | theta_tfidf=0.02
2026-05-21 13:14:37,137 [INFO] src.triage.tfidf_filter - [Triage Batch] N=10 | noise=0 | high-risk=1640
2026-05-21 13:14:37,137 [INFO] src.triage.tfidf_filter - [Triage] N=10 | theta_max_idf=2.0000 (fixed, theoretical_max=2.3026) | theta_tfidf=0.02
2026-05-21 13:14:37,137 [INFO] src.triage.tfidf_filter - [Triage Batch] N=10 | noise=0 | high-risk=1650
2026-05-21 13:14:37,137 [INFO] src.triage.tfidf_filter - [Triage] N=10 | theta_max_idf=2.0000 (fixed, theoretical_max=2.3026) | theta_tfidf=0.02
2026-05-21 13:14:37,137 [INFO] src.triage.tfidf_filter - [Triage Batch] N=10 | noise=0 | high-risk=1660
2026-05-21 13:14:37,137 [INFO] src.triage.tfidf_filter - [Triage] N=10 | theta_max_idf=2.0000 (fixed, theoretical_max=2.3026) | theta_tfidf=0.02
2026-05-21 13:14:37,138 [INFO] src.triage.tfidf_filter - [Triage Batch] N=10 | noise=0 | high-risk=1670
2026-05-21 13:14:37,138 [INFO] src.triage.tfidf_filter - [Triage] N=10 | theta_max_idf=2.0000 (fixed, theoretical_max=2.3026) | theta_tfidf=0.02
2026-05-21 13:14:37,138 [INFO] src.triage.tfidf_filter - [Triage Batch] N=10 | noise=0 | high-risk=1680
2026-05-21 13:14:37,139 [INFO] src.triage.tfidf_filter - [Triage] N=10 | theta_max_idf=2.0000 (fixed, theoretical_max=2.3026) | theta_tfidf=0.02
2026-05-21 13:14:37,139 [INFO] src.triage.tfidf_filter - [Triage Batch] N=10 | noise=0 | high-risk=1690
2026-05-21 13:14:37,139 [INFO] src.triage.tfidf_filter - [Triage] N=10 | theta_max_idf=2.0000 (fixed, theoretical_max=2.3026) | theta_tfidf=0.02
2026-05-21 13:14:37,140 [INFO] src.triage.tfidf_filter - [Triage Batch] N=10 | noise=0 | high-risk=1700
2026-05-21 13:14:37,140 [INFO] src.triage.tfidf_filter - [Triage] N=10 | theta_max_idf=2.0000 (fixed, theoretical_max=2.3026) | theta_tfidf=0.02
2026-05-21 13:14:37,140 [INFO] src.triage.tfidf_filter - [Triage Batch] N=10 | noise=0 | high-risk=1710
2026-05-21 13:14:37,140 [INFO] src.triage.tfidf_filter - [Triage] N=10 | theta_max_idf=2.0000 (fixed, theoretical_max=2.3026) | theta_tfidf=0.02
2026-05-21 13:14:37,140 [INFO] src.triage.tfidf_filter - [Triage Batch] N=10 | noise=0 | high-risk=1720
2026-05-21 13:14:37,140 [INFO] src.triage.tfidf_filter - [Triage] N=10 | theta_max_idf=2.0000 (fixed, theoretical_max=2.3026) | theta_tfidf=0.02
2026-05-21 13:14:37,141 [INFO] src.triage.tfidf_filter - [Triage Batch] N=10 | noise=0 | high-risk=1730
2026-05-21 13:14:37,141 [INFO] src.triage.tfidf_filter - [Triage] N=10 | theta_max_idf=2.0000 (fixed, theoretical_max=2.3026) | theta_tfidf=0.02
2026-05-21 13:14:37,142 [INFO] src.triage.tfidf_filter - [Triage Batch] N=10 | noise=0 | high-risk=1740
2026-05-21 13:14:37,142 [INFO] src.triage.tfidf_filter - [Triage] N=10 | theta_max_idf=2.0000 (fixed, theoretical_max=2.3026) | theta_tfidf=0.02
2026-05-21 13:14:37,142 [INFO] src.triage.tfidf_filter - [Triage Batch] N=10 | noise=0 | high-risk=1750
2026-05-21 13:14:37,142 [INFO] src.triage.tfidf_filter - [Triage] N=10 | theta_max_idf=2.0000 (fixed, theoretical_max=2.3026) | theta_tfidf=0.02
2026-05-21 13:14:37,143 [INFO] src.triage.tfidf_filter - [Triage Batch] N=10 | noise=0 | high-risk=1760
2026-05-21 13:14:37,143 [INFO] src.triage.tfidf_filter - [Triage] N=10 | theta_max_idf=2.0000 (fixed, theoretical_max=2.3026) | theta_tfidf=0.02
2026-05-21 13:14:37,144 [INFO] src.triage.tfidf_filter - [Triage Batch] N=10 | noise=0 | high-risk=1770
2026-05-21 13:14:37,144 [INFO] src.triage.tfidf_filter - [Triage] N=10 | theta_max_idf=2.0000 (fixed, theoretical_max=2.3026) | theta_tfidf=0.02
2026-05-21 13:14:37,144 [INFO] src.triage.tfidf_filter - [Triage Batch] N=10 | noise=0 | high-risk=1780
2026-05-21 13:14:37,144 [INFO] src.triage.tfidf_filter - [Triage] N=10 | theta_max_idf=2.0000 (fixed, theoretical_max=2.3026) | theta_tfidf=0.02
2026-05-21 13:14:37,144 [INFO] src.triage.tfidf_filter - [Triage Batch] N=10 | noise=0 | high-risk=1790
2026-05-21 13:14:37,144 [INFO] src.triage.tfidf_filter - [Triage] N=10 | theta_max_idf=2.0000 (fixed, theoretical_max=2.3026) | theta_tfidf=0.02
2026-05-21 13:14:37,145 [INFO] src.triage.tfidf_filter - [Triage Batch] N=10 | noise=0 | high-risk=1800
2026-05-21 13:14:37,145 [INFO] src.triage.tfidf_filter - [Triage] N=10 | theta_max_idf=2.0000 (fixed, theoretical_max=2.3026) | theta_tfidf=0.02
2026-05-21 13:14:37,146 [INFO] src.triage.tfidf_filter - [Triage Batch] N=10 | noise=0 | high-risk=1810
2026-05-21 13:14:37,146 [INFO] src.triage.tfidf_filter - [Triage] N=10 | theta_max_idf=2.0000 (fixed, theoretical_max=2.3026) | theta_tfidf=0.02
2026-05-21 13:14:37,146 [INFO] src.triage.tfidf_filter - [Triage Batch] N=10 | noise=0 | high-risk=1820
2026-05-21 13:14:37,146 [INFO] src.triage.tfidf_filter - [Triage] N=10 | theta_max_idf=2.0000 (fixed, theoretical_max=2.3026) | theta_tfidf=0.02
2026-05-21 13:14:37,147 [INFO] src.triage.tfidf_filter - [Triage Batch] N=10 | noise=0 | high-risk=1830
2026-05-21 13:14:37,147 [INFO] src.triage.tfidf_filter - [Triage] N=10 | theta_max_idf=2.0000 (fixed, theoretical_max=2.3026) | theta_tfidf=0.02
2026-05-21 13:14:37,147 [INFO] src.triage.tfidf_filter - [Triage Batch] N=10 | noise=0 | high-risk=1840
2026-05-21 13:14:37,147 [INFO] src.triage.tfidf_filter - [Triage] N=10 | theta_max_idf=2.0000 (fixed, theoretical_max=2.3026) | theta_tfidf=0.02
2026-05-21 13:14:37,147 [INFO] src.triage.tfidf_filter - [Triage Batch] N=10 | noise=0 | high-risk=1850
2026-05-21 13:14:37,147 [INFO] src.triage.tfidf_filter - [Triage] N=10 | theta_max_idf=2.0000 (fixed, theoretical_max=2.3026) | theta_tfidf=0.02
2026-05-21 13:14:37,147 [INFO] src.triage.tfidf_filter - [Triage Batch] N=10 | noise=0 | high-risk=1860
2026-05-21 13:14:37,148 [INFO] src.triage.tfidf_filter - [Triage] N=10 | theta_max_idf=2.0000 (fixed, theoretical_max=2.3026) | theta_tfidf=0.02
2026-05-21 13:14:37,148 [INFO] src.triage.tfidf_filter - [Triage Batch] N=10 | noise=0 | high-risk=1870
2026-05-21 13:14:37,148 [INFO] src.triage.tfidf_filter - [Triage] N=10 | theta_max_idf=2.0000 (fixed, theoretical_max=2.3026) | theta_tfidf=0.02
2026-05-21 13:14:37,148 [INFO] src.triage.tfidf_filter - [Triage Batch] N=10 | noise=0 | high-risk=1880
2026-05-21 13:14:37,148 [INFO] src.triage.tfidf_filter - [Triage] N=10 | theta_max_idf=2.0000 (fixed, theoretical_max=2.3026) | theta_tfidf=0.02
2026-05-21 13:14:37,149 [INFO] src.triage.tfidf_filter - [Triage Batch] N=10 | noise=0 | high-risk=1890
2026-05-21 13:14:37,149 [INFO] src.triage.tfidf_filter - [Triage] N=10 | theta_max_idf=2.0000 (fixed, theoretical_max=2.3026) | theta_tfidf=0.02
2026-05-21 13:14:37,149 [INFO] src.triage.tfidf_filter - [Triage Batch] N=10 | noise=0 | high-risk=1900
2026-05-21 13:14:37,150 [INFO] src.triage.tfidf_filter - [Triage] N=10 | theta_max_idf=2.0000 (fixed, theoretical_max=2.3026) | theta_tfidf=0.02
2026-05-21 13:14:37,150 [INFO] src.triage.tfidf_filter - [Triage Batch] N=10 | noise=0 | high-risk=1910
2026-05-21 13:14:37,150 [INFO] src.triage.tfidf_filter - [Triage] N=10 | theta_max_idf=2.0000 (fixed, theoretical_max=2.3026) | theta_tfidf=0.02
2026-05-21 13:14:37,150 [INFO] src.triage.tfidf_filter - [Triage Batch] N=10 | noise=0 | high-risk=1920
2026-05-21 13:14:37,151 [INFO] src.triage.tfidf_filter - [Triage] N=10 | theta_max_idf=2.0000 (fixed, theoretical_max=2.3026) | theta_tfidf=0.02
2026-05-21 13:14:37,151 [INFO] src.triage.tfidf_filter - [Triage Batch] N=10 | noise=0 | high-risk=1930
2026-05-21 13:14:37,151 [INFO] src.triage.tfidf_filter - [Triage] N=10 | theta_max_idf=2.0000 (fixed, theoretical_max=2.3026) | theta_tfidf=0.02
2026-05-21 13:14:37,151 [INFO] src.triage.tfidf_filter - [Triage Batch] N=10 | noise=0 | high-risk=1940
2026-05-21 13:14:37,151 [INFO] src.triage.tfidf_filter - [Triage] N=10 | theta_max_idf=2.0000 (fixed, theoretical_max=2.3026) | theta_tfidf=0.02
2026-05-21 13:14:37,152 [INFO] src.triage.tfidf_filter - [Triage Batch] N=10 | noise=0 | high-risk=1950
2026-05-21 13:14:37,152 [INFO] src.triage.tfidf_filter - [Triage] N=10 | theta_max_idf=2.0000 (fixed, theoretical_max=2.3026) | theta_tfidf=0.02
2026-05-21 13:14:37,152 [INFO] src.triage.tfidf_filter - [Triage Batch] N=10 | noise=0 | high-risk=1960
2026-05-21 13:14:37,152 [INFO] src.triage.tfidf_filter - [Triage] N=10 | theta_max_idf=2.0000 (fixed, theoretical_max=2.3026) | theta_tfidf=0.02
2026-05-21 13:14:37,152 [INFO] src.triage.tfidf_filter - [Triage Batch] N=10 | noise=0 | high-risk=1970
2026-05-21 13:14:37,152 [INFO] src.triage.tfidf_filter - [Triage] N=10 | theta_max_idf=2.0000 (fixed, theoretical_max=2.3026) | theta_tfidf=0.02
2026-05-21 13:14:37,152 [INFO] src.triage.tfidf_filter - [Triage Batch] N=10 | noise=0 | high-risk=1980
2026-05-21 13:14:37,154 [INFO] src.triage.tfidf_filter - [Triage] N=10 | theta_max_idf=2.0000 (fixed, theoretical_max=2.3026) | theta_tfidf=0.02
2026-05-21 13:14:37,154 [INFO] src.triage.tfidf_filter - [Triage Batch] N=10 | noise=0 | high-risk=1990
2026-05-21 13:14:37,154 [INFO] src.triage.tfidf_filter - [Triage] N=10 | theta_max_idf=2.0000 (fixed, theoretical_max=2.3026) | theta_tfidf=0.02
2026-05-21 13:14:37,154 [INFO] src.triage.tfidf_filter - [Triage Batch] N=10 | noise=0 | high-risk=2000
2026-05-21 13:14:37,154 [INFO] src.triage.tfidf_filter - [Triage] N=10 | theta_max_idf=2.0000 (fixed, theoretical_max=2.3026) | theta_tfidf=0.02
2026-05-21 13:14:37,154 [INFO] src.triage.tfidf_filter - [Triage Batch] N=10 | noise=0 | high-risk=2010
2026-05-21 13:14:37,154 [INFO] src.triage.tfidf_filter - [Triage] N=10 | theta_max_idf=2.0000 (fixed, theoretical_max=2.3026) | theta_tfidf=0.02
2026-05-21 13:14:37,155 [INFO] src.triage.tfidf_filter - [Triage Batch] N=10 | noise=0 | high-risk=2020
2026-05-21 13:14:37,155 [INFO] src.triage.tfidf_filter - [Triage] N=10 | theta_max_idf=2.0000 (fixed, theoretical_max=2.3026) | theta_tfidf=0.02
2026-05-21 13:14:37,155 [INFO] src.triage.tfidf_filter - [Triage Batch] N=10 | noise=0 | high-risk=2030
2026-05-21 13:14:37,156 [INFO] src.triage.tfidf_filter - [Triage] N=10 | theta_max_idf=2.0000 (fixed, theoretical_max=2.3026) | theta_tfidf=0.02
2026-05-21 13:14:37,156 [INFO] src.triage.tfidf_filter - [Triage Batch] N=10 | noise=0 | high-risk=2040
2026-05-21 13:14:37,156 [INFO] src.triage.tfidf_filter - [Triage] N=10 | theta_max_idf=2.0000 (fixed, theoretical_max=2.3026) | theta_tfidf=0.02
2026-05-21 13:14:37,157 [INFO] src.triage.tfidf_filter - [Triage Batch] N=10 | noise=0 | high-risk=2050
2026-05-21 13:14:37,157 [INFO] src.triage.tfidf_filter - [Triage] N=10 | theta_max_idf=2.0000 (fixed, theoretical_max=2.3026) | theta_tfidf=0.02
2026-05-21 13:14:37,157 [INFO] src.triage.tfidf_filter - [Triage Batch] N=10 | noise=0 | high-risk=2060
2026-05-21 13:14:37,157 [INFO] src.triage.tfidf_filter - [Triage] N=10 | theta_max_idf=2.0000 (fixed, theoretical_max=2.3026) | theta_tfidf=0.02
2026-05-21 13:14:37,158 [INFO] src.triage.tfidf_filter - [Triage Batch] N=10 | noise=0 | high-risk=2070
2026-05-21 13:14:37,158 [INFO] src.triage.tfidf_filter - [Triage] N=10 | theta_max_idf=2.0000 (fixed, theoretical_max=2.3026) | theta_tfidf=0.02
2026-05-21 13:14:37,158 [INFO] src.triage.tfidf_filter - [Triage Batch] N=10 | noise=0 | high-risk=2080
2026-05-21 13:14:37,158 [INFO] src.triage.tfidf_filter - [Triage] N=10 | theta_max_idf=2.0000 (fixed, theoretical_max=2.3026) | theta_tfidf=0.02
2026-05-21 13:14:37,158 [INFO] src.triage.tfidf_filter - [Triage Batch] N=10 | noise=0 | high-risk=2090
2026-05-21 13:14:37,158 [INFO] src.triage.tfidf_filter - [Triage] N=10 | theta_max_idf=2.0000 (fixed, theoretical_max=2.3026) | theta_tfidf=0.02
2026-05-21 13:14:37,159 [INFO] src.triage.tfidf_filter - [Triage Batch] N=10 | noise=0 | high-risk=2100
2026-05-21 13:14:37,159 [INFO] src.triage.tfidf_filter - [Triage] N=10 | theta_max_idf=2.0000 (fixed, theoretical_max=2.3026) | theta_tfidf=0.02
2026-05-21 13:14:37,159 [INFO] src.triage.tfidf_filter - [Triage Batch] N=10 | noise=0 | high-risk=2110
2026-05-21 13:14:37,160 [INFO] src.triage.tfidf_filter - [Triage] N=10 | theta_max_idf=2.0000 (fixed, theoretical_max=2.3026) | theta_tfidf=0.02
2026-05-21 13:14:37,160 [INFO] src.triage.tfidf_filter - [Triage Batch] N=10 | noise=0 | high-risk=2120
2026-05-21 13:14:37,160 [INFO] src.triage.tfidf_filter - [Triage] N=10 | theta_max_idf=2.0000 (fixed, theoretical_max=2.3026) | theta_tfidf=0.02
2026-05-21 13:14:37,160 [INFO] src.triage.tfidf_filter - [Triage Batch] N=10 | noise=0 | high-risk=2130
2026-05-21 13:14:37,160 [INFO] src.triage.tfidf_filter - [Triage] N=10 | theta_max_idf=2.0000 (fixed, theoretical_max=2.3026) | theta_tfidf=0.02
2026-05-21 13:14:37,161 [INFO] src.triage.tfidf_filter - [Triage Batch] N=10 | noise=0 | high-risk=2140
2026-05-21 13:14:37,161 [INFO] src.triage.tfidf_filter - [Triage] N=10 | theta_max_idf=2.0000 (fixed, theoretical_max=2.3026) | theta_tfidf=0.02
2026-05-21 13:14:37,161 [INFO] src.triage.tfidf_filter - [Triage Batch] N=10 | noise=0 | high-risk=2150
2026-05-21 13:14:37,161 [INFO] src.triage.tfidf_filter - [Triage] N=10 | theta_max_idf=2.0000 (fixed, theoretical_max=2.3026) | theta_tfidf=0.02
2026-05-21 13:14:37,162 [INFO] src.triage.tfidf_filter - [Triage Batch] N=10 | noise=0 | high-risk=2160
2026-05-21 13:14:37,162 [INFO] src.triage.tfidf_filter - [Triage] N=10 | theta_max_idf=2.0000 (fixed, theoretical_max=2.3026) | theta_tfidf=0.02
2026-05-21 13:14:37,162 [INFO] src.triage.tfidf_filter - [Triage Batch] N=10 | noise=0 | high-risk=2170
2026-05-21 13:14:37,162 [INFO] src.triage.tfidf_filter - [Triage] N=10 | theta_max_idf=2.0000 (fixed, theoretical_max=2.3026) | theta_tfidf=0.02
2026-05-21 13:14:37,162 [INFO] src.triage.tfidf_filter - [Triage Batch] N=10 | noise=0 | high-risk=2180
2026-05-21 13:14:37,162 [INFO] src.triage.tfidf_filter - [Triage] N=10 | theta_max_idf=2.0000 (fixed, theoretical_max=2.3026) | theta_tfidf=0.02
2026-05-21 13:14:37,162 [INFO] src.triage.tfidf_filter - [Triage Batch] N=10 | noise=0 | high-risk=2190
2026-05-21 13:14:37,163 [INFO] src.triage.tfidf_filter - [Triage] N=10 | theta_max_idf=2.0000 (fixed, theoretical_max=2.3026) | theta_tfidf=0.02
2026-05-21 13:14:37,163 [INFO] src.triage.tfidf_filter - [Triage Batch] N=10 | noise=0 | high-risk=2200
2026-05-21 13:14:37,163 [INFO] src.triage.tfidf_filter - [Triage] N=10 | theta_max_idf=2.0000 (fixed, theoretical_max=2.3026) | theta_tfidf=0.02
2026-05-21 13:14:37,164 [INFO] src.triage.tfidf_filter - [Triage Batch] N=10 | noise=0 | high-risk=2210
2026-05-21 13:14:37,164 [INFO] src.triage.tfidf_filter - [Triage] N=10 | theta_max_idf=2.0000 (fixed, theoretical_max=2.3026) | theta_tfidf=0.02
2026-05-21 13:14:37,164 [INFO] src.triage.tfidf_filter - [Triage Batch] N=10 | noise=0 | high-risk=2220
2026-05-21 13:14:37,164 [INFO] src.triage.tfidf_filter - [Triage] N=10 | theta_max_idf=2.0000 (fixed, theoretical_max=2.3026) | theta_tfidf=0.02
2026-05-21 13:14:37,164 [INFO] src.triage.tfidf_filter - [Triage Batch] N=10 | noise=0 | high-risk=2230
2026-05-21 13:14:37,164 [INFO] src.triage.tfidf_filter - [Triage] N=10 | theta_max_idf=2.0000 (fixed, theoretical_max=2.3026) | theta_tfidf=0.02
2026-05-21 13:14:37,165 [INFO] src.triage.tfidf_filter - [Triage Batch] N=10 | noise=0 | high-risk=2240
2026-05-21 13:14:37,165 [INFO] src.triage.tfidf_filter - [Triage] N=10 | theta_max_idf=2.0000 (fixed, theoretical_max=2.3026) | theta_tfidf=0.02
2026-05-21 13:14:37,165 [INFO] src.triage.tfidf_filter - [Triage Batch] N=10 | noise=0 | high-risk=2250
2026-05-21 13:14:37,165 [INFO] src.triage.tfidf_filter - [Triage] N=10 | theta_max_idf=2.0000 (fixed, theoretical_max=2.3026) | theta_tfidf=0.02
2026-05-21 13:14:37,166 [INFO] src.triage.tfidf_filter - [Triage Batch] N=10 | noise=0 | high-risk=2260
2026-05-21 13:14:37,166 [INFO] src.triage.tfidf_filter - [Triage] N=10 | theta_max_idf=2.0000 (fixed, theoretical_max=2.3026) | theta_tfidf=0.02
2026-05-21 13:14:37,166 [INFO] src.triage.tfidf_filter - [Triage Batch] N=10 | noise=0 | high-risk=2270
2026-05-21 13:14:37,167 [INFO] src.triage.tfidf_filter - [Triage] N=10 | theta_max_idf=2.0000 (fixed, theoretical_max=2.3026) | theta_tfidf=0.02
2026-05-21 13:14:37,167 [INFO] src.triage.tfidf_filter - [Triage Batch] N=10 | noise=0 | high-risk=2280
2026-05-21 13:14:37,167 [INFO] src.triage.tfidf_filter - [Triage] N=10 | theta_max_idf=2.0000 (fixed, theoretical_max=2.3026) | theta_tfidf=0.02
2026-05-21 13:14:37,167 [INFO] src.triage.tfidf_filter - [Triage Batch] N=10 | noise=0 | high-risk=2290
2026-05-21 13:14:37,168 [INFO] src.triage.tfidf_filter - [Triage] N=10 | theta_max_idf=2.0000 (fixed, theoretical_max=2.3026) | theta_tfidf=0.02
2026-05-21 13:14:37,168 [INFO] src.triage.tfidf_filter - [Triage Batch] N=10 | noise=0 | high-risk=2300
2026-05-21 13:14:37,168 [INFO] src.triage.tfidf_filter - [Triage] N=10 | theta_max_idf=2.0000 (fixed, theoretical_max=2.3026) | theta_tfidf=0.02
2026-05-21 13:14:37,168 [INFO] src.triage.tfidf_filter - [Triage Batch] N=10 | noise=0 | high-risk=2310
2026-05-21 13:14:37,168 [INFO] src.triage.tfidf_filter - [Triage] N=10 | theta_max_idf=2.0000 (fixed, theoretical_max=2.3026) | theta_tfidf=0.02
2026-05-21 13:14:37,168 [INFO] src.triage.tfidf_filter - [Triage Batch] N=10 | noise=0 | high-risk=2320
2026-05-21 13:14:37,168 [INFO] src.triage.tfidf_filter - [Triage] N=10 | theta_max_idf=2.0000 (fixed, theoretical_max=2.3026) | theta_tfidf=0.02
2026-05-21 13:14:37,169 [INFO] src.triage.tfidf_filter - [Triage Batch] N=10 | noise=0 | high-risk=2330
2026-05-21 13:14:37,169 [INFO] src.triage.tfidf_filter - [Triage] N=10 | theta_max_idf=2.0000 (fixed, theoretical_max=2.3026) | theta_tfidf=0.02
2026-05-21 13:14:37,170 [INFO] src.triage.tfidf_filter - [Triage Batch] N=10 | noise=0 | high-risk=2340
2026-05-21 13:14:37,170 [INFO] src.triage.tfidf_filter - [Triage] N=10 | theta_max_idf=2.0000 (fixed, theoretical_max=2.3026) | theta_tfidf=0.02
2026-05-21 13:14:37,170 [INFO] src.triage.tfidf_filter - [Triage Batch] N=10 | noise=0 | high-risk=2350
2026-05-21 13:14:37,170 [INFO] src.triage.tfidf_filter - [Triage] N=10 | theta_max_idf=2.0000 (fixed, theoretical_max=2.3026) | theta_tfidf=0.02
2026-05-21 13:14:37,171 [INFO] src.triage.tfidf_filter - [Triage Batch] N=10 | noise=0 | high-risk=2360
2026-05-21 13:14:37,171 [INFO] src.triage.tfidf_filter - [Triage] N=10 | theta_max_idf=2.0000 (fixed, theoretical_max=2.3026) | theta_tfidf=0.02
2026-05-21 13:14:37,171 [INFO] src.triage.tfidf_filter - [Triage Batch] N=10 | noise=0 | high-risk=2370
2026-05-21 13:14:37,171 [INFO] src.triage.tfidf_filter - [Triage] N=10 | theta_max_idf=2.0000 (fixed, theoretical_max=2.3026) | theta_tfidf=0.02
2026-05-21 13:14:37,171 [INFO] src.triage.tfidf_filter - [Triage Batch] N=10 | noise=0 | high-risk=2380
2026-05-21 13:14:37,171 [INFO] src.triage.tfidf_filter - [Triage] N=10 | theta_max_idf=2.0000 (fixed, theoretical_max=2.3026) | theta_tfidf=0.02
2026-05-21 13:14:37,172 [INFO] src.triage.tfidf_filter - [Triage Batch] N=10 | noise=0 | high-risk=2390
2026-05-21 13:14:37,172 [INFO] src.triage.tfidf_filter - [Triage] N=10 | theta_max_idf=2.0000 (fixed, theoretical_max=2.3026) | theta_tfidf=0.02
2026-05-21 13:14:37,172 [INFO] src.triage.tfidf_filter - [Triage Batch] N=10 | noise=0 | high-risk=2400
2026-05-21 13:14:37,173 [INFO] src.triage.tfidf_filter - [Triage] N=10 | theta_max_idf=2.0000 (fixed, theoretical_max=2.3026) | theta_tfidf=0.02
2026-05-21 13:14:37,173 [INFO] src.triage.tfidf_filter - [Triage Batch] N=10 | noise=0 | high-risk=2410
2026-05-21 13:14:37,173 [INFO] src.triage.tfidf_filter - [Triage] N=10 | theta_max_idf=2.0000 (fixed, theoretical_max=2.3026) | theta_tfidf=0.02
2026-05-21 13:14:37,173 [INFO] src.triage.tfidf_filter - [Triage Batch] N=10 | noise=0 | high-risk=2420
2026-05-21 13:14:37,174 [INFO] src.triage.tfidf_filter - [Triage] N=10 | theta_max_idf=2.0000 (fixed, theoretical_max=2.3026) | theta_tfidf=0.02
2026-05-21 13:14:37,174 [INFO] src.triage.tfidf_filter - [Triage Batch] N=10 | noise=0 | high-risk=2430
2026-05-21 13:14:37,174 [INFO] src.triage.tfidf_filter - [Triage] N=10 | theta_max_idf=2.0000 (fixed, theoretical_max=2.3026) | theta_tfidf=0.02
2026-05-21 13:14:37,174 [INFO] src.triage.tfidf_filter - [Triage Batch] N=10 | noise=0 | high-risk=2440
2026-05-21 13:14:37,174 [INFO] src.triage.tfidf_filter - [Triage] N=10 | theta_max_idf=2.0000 (fixed, theoretical_max=2.3026) | theta_tfidf=0.02
2026-05-21 13:14:37,174 [INFO] src.triage.tfidf_filter - [Triage Batch] N=10 | noise=0 | high-risk=2450
2026-05-21 13:14:37,175 [INFO] src.triage.tfidf_filter - [Triage] N=10 | theta_max_idf=2.0000 (fixed, theoretical_max=2.3026) | theta_tfidf=0.02
2026-05-21 13:14:37,175 [INFO] src.triage.tfidf_filter - [Triage Batch] N=10 | noise=0 | high-risk=2460
2026-05-21 13:14:37,175 [INFO] src.triage.tfidf_filter - [Triage] N=10 | theta_max_idf=2.0000 (fixed, theoretical_max=2.3026) | theta_tfidf=0.02
2026-05-21 13:14:37,176 [INFO] src.triage.tfidf_filter - [Triage Batch] N=10 | noise=0 | high-risk=2470
2026-05-21 13:14:37,176 [INFO] src.triage.tfidf_filter - [Triage] N=10 | theta_max_idf=2.0000 (fixed, theoretical_max=2.3026) | theta_tfidf=0.02
2026-05-21 13:14:37,176 [INFO] src.triage.tfidf_filter - [Triage Batch] N=10 | noise=0 | high-risk=2480
2026-05-21 13:14:37,176 [INFO] src.triage.tfidf_filter - [Triage] N=10 | theta_max_idf=2.0000 (fixed, theoretical_max=2.3026) | theta_tfidf=0.02
2026-05-21 13:14:37,177 [INFO] src.triage.tfidf_filter - [Triage Batch] N=10 | noise=0 | high-risk=2490
2026-05-21 13:14:37,177 [INFO] src.triage.tfidf_filter - [Triage] N=10 | theta_max_idf=2.0000 (fixed, theoretical_max=2.3026) | theta_tfidf=0.02
2026-05-21 13:14:37,177 [INFO] src.triage.tfidf_filter - [Triage Batch] N=10 | noise=0 | high-risk=2500
2026-05-21 13:14:37,177 [INFO] src.triage.tfidf_filter - [Triage] N=10 | theta_max_idf=2.0000 (fixed, theoretical_max=2.3026) | theta_tfidf=0.02
2026-05-21 13:14:37,177 [INFO] src.triage.tfidf_filter - [Triage Batch] N=10 | noise=0 | high-risk=2510
2026-05-21 13:14:37,178 [INFO] src.triage.tfidf_filter - [Triage] N=10 | theta_max_idf=2.0000 (fixed, theoretical_max=2.3026) | theta_tfidf=0.02
2026-05-21 13:14:37,178 [INFO] src.triage.tfidf_filter - [Triage Batch] N=10 | noise=0 | high-risk=2520
2026-05-21 13:14:37,178 [INFO] src.triage.tfidf_filter - [Triage] N=10 | theta_max_idf=2.0000 (fixed, theoretical_max=2.3026) | theta_tfidf=0.02
2026-05-21 13:14:37,179 [INFO] src.triage.tfidf_filter - [Triage Batch] N=10 | noise=0 | high-risk=2530
2026-05-21 13:14:37,179 [INFO] src.triage.tfidf_filter - [Triage] N=10 | theta_max_idf=2.0000 (fixed, theoretical_max=2.3026) | theta_tfidf=0.02
2026-05-21 13:14:37,179 [INFO] src.triage.tfidf_filter - [Triage Batch] N=10 | noise=0 | high-risk=2540
2026-05-21 13:14:37,179 [INFO] src.triage.tfidf_filter - [Triage] N=10 | theta_max_idf=2.0000 (fixed, theoretical_max=2.3026) | theta_tfidf=0.02
2026-05-21 13:14:37,180 [INFO] src.triage.tfidf_filter - [Triage Batch] N=10 | noise=0 | high-risk=2550
2026-05-21 13:14:37,180 [INFO] src.triage.tfidf_filter - [Triage] N=10 | theta_max_idf=2.0000 (fixed, theoretical_max=2.3026) | theta_tfidf=0.02
2026-05-21 13:14:37,180 [INFO] src.triage.tfidf_filter - [Triage Batch] N=10 | noise=0 | high-risk=2560
2026-05-21 13:14:37,181 [INFO] src.triage.tfidf_filter - [Triage] N=10 | theta_max_idf=2.0000 (fixed, theoretical_max=2.3026) | theta_tfidf=0.02
2026-05-21 13:14:37,181 [INFO] src.triage.tfidf_filter - [Triage Batch] N=10 | noise=0 | high-risk=2570
2026-05-21 13:14:37,181 [INFO] src.triage.tfidf_filter - [Triage] N=10 | theta_max_idf=2.0000 (fixed, theoretical_max=2.3026) | theta_tfidf=0.02
2026-05-21 13:14:37,181 [INFO] src.triage.tfidf_filter - [Triage Batch] N=10 | noise=0 | high-risk=2580
2026-05-21 13:14:37,181 [INFO] src.triage.tfidf_filter - [Triage] N=10 | theta_max_idf=2.0000 (fixed, theoretical_max=2.3026) | theta_tfidf=0.02
2026-05-21 13:14:37,181 [INFO] src.triage.tfidf_filter - [Triage Batch] N=10 | noise=0 | high-risk=2590
2026-05-21 13:14:37,181 [INFO] src.triage.tfidf_filter - [Triage] N=10 | theta_max_idf=2.0000 (fixed, theoretical_max=2.3026) | theta_tfidf=0.02
2026-05-21 13:14:37,182 [INFO] src.triage.tfidf_filter - [Triage Batch] N=10 | noise=0 | high-risk=2600
2026-05-21 13:14:37,182 [INFO] src.triage.tfidf_filter - [Triage] N=10 | theta_max_idf=2.0000 (fixed, theoretical_max=2.3026) | theta_tfidf=0.02
2026-05-21 13:14:37,182 [INFO] src.triage.tfidf_filter - [Triage Batch] N=10 | noise=0 | high-risk=2610
2026-05-21 13:14:37,183 [INFO] src.triage.tfidf_filter - [Triage] N=10 | theta_max_idf=2.0000 (fixed, theoretical_max=2.3026) | theta_tfidf=0.02
2026-05-21 13:14:37,183 [INFO] src.triage.tfidf_filter - [Triage Batch] N=10 | noise=0 | high-risk=2620
2026-05-21 13:14:37,183 [INFO] src.triage.tfidf_filter - [Triage] N=10 | theta_max_idf=2.0000 (fixed, theoretical_max=2.3026) | theta_tfidf=0.02
2026-05-21 13:14:37,184 [INFO] src.triage.tfidf_filter - [Triage Batch] N=10 | noise=0 | high-risk=2630
2026-05-21 13:14:37,184 [INFO] src.triage.tfidf_filter - [Triage] N=10 | theta_max_idf=2.0000 (fixed, theoretical_max=2.3026) | theta_tfidf=0.02
2026-05-21 13:14:37,184 [INFO] src.triage.tfidf_filter - [Triage Batch] N=10 | noise=0 | high-risk=2640
2026-05-21 13:14:37,184 [INFO] src.triage.tfidf_filter - [Triage] N=10 | theta_max_idf=2.0000 (fixed, theoretical_max=2.3026) | theta_tfidf=0.02
2026-05-21 13:14:37,184 [INFO] src.triage.tfidf_filter - [Triage Batch] N=10 | noise=0 | high-risk=2650
2026-05-21 13:14:37,184 [INFO] src.triage.tfidf_filter - [Triage] N=10 | theta_max_idf=2.0000 (fixed, theoretical_max=2.3026) | theta_tfidf=0.02
2026-05-21 13:14:37,185 [INFO] src.triage.tfidf_filter - [Triage Batch] N=10 | noise=0 | high-risk=2660
2026-05-21 13:14:37,185 [INFO] src.triage.tfidf_filter - [Triage] N=10 | theta_max_idf=2.0000 (fixed, theoretical_max=2.3026) | theta_tfidf=0.02
2026-05-21 13:14:37,185 [INFO] src.triage.tfidf_filter - [Triage Batch] N=10 | noise=0 | high-risk=2670
2026-05-21 13:14:37,186 [INFO] src.triage.tfidf_filter - [Triage] N=10 | theta_max_idf=2.0000 (fixed, theoretical_max=2.3026) | theta_tfidf=0.02
2026-05-21 13:14:37,186 [INFO] src.triage.tfidf_filter - [Triage Batch] N=10 | noise=0 | high-risk=2680
2026-05-21 13:14:37,186 [INFO] src.triage.tfidf_filter - [Triage] N=10 | theta_max_idf=2.0000 (fixed, theoretical_max=2.3026) | theta_tfidf=0.02
2026-05-21 13:14:37,186 [INFO] src.triage.tfidf_filter - [Triage Batch] N=10 | noise=0 | high-risk=2690
2026-05-21 13:14:37,186 [INFO] src.triage.tfidf_filter - [Triage] N=10 | theta_max_idf=2.0000 (fixed, theoretical_max=2.3026) | theta_tfidf=0.02
2026-05-21 13:14:37,186 [INFO] src.triage.tfidf_filter - [Triage Batch] N=10 | noise=0 | high-risk=2700
2026-05-21 13:14:37,186 [INFO] src.triage.tfidf_filter - [Triage] N=10 | theta_max_idf=2.0000 (fixed, theoretical_max=2.3026) | theta_tfidf=0.02
2026-05-21 13:14:37,187 [INFO] src.triage.tfidf_filter - [Triage Batch] N=10 | noise=0 | high-risk=2710
2026-05-21 13:14:37,187 [INFO] src.triage.tfidf_filter - [Triage] N=10 | theta_max_idf=2.0000 (fixed, theoretical_max=2.3026) | theta_tfidf=0.02
2026-05-21 13:14:37,187 [INFO] src.triage.tfidf_filter - [Triage Batch] N=10 | noise=0 | high-risk=2720
2026-05-21 13:14:37,188 [INFO] src.triage.tfidf_filter - [Triage] N=10 | theta_max_idf=2.0000 (fixed, theoretical_max=2.3026) | theta_tfidf=0.02
2026-05-21 13:14:37,188 [INFO] src.triage.tfidf_filter - [Triage Batch] N=10 | noise=0 | high-risk=2730
2026-05-21 13:14:37,188 [INFO] src.triage.tfidf_filter - [Triage] N=10 | theta_max_idf=2.0000 (fixed, theoretical_max=2.3026) | theta_tfidf=0.02
2026-05-21 13:14:37,188 [INFO] src.triage.tfidf_filter - [Triage Batch] N=10 | noise=0 | high-risk=2740
2026-05-21 13:14:37,188 [INFO] src.triage.tfidf_filter - [Triage] N=10 | theta_max_idf=2.0000 (fixed, theoretical_max=2.3026) | theta_tfidf=0.02
2026-05-21 13:14:37,188 [INFO] src.triage.tfidf_filter - [Triage Batch] N=10 | noise=0 | high-risk=2750
2026-05-21 13:14:37,189 [INFO] src.triage.tfidf_filter - [Triage] N=10 | theta_max_idf=2.0000 (fixed, theoretical_max=2.3026) | theta_tfidf=0.02
2026-05-21 13:14:37,189 [INFO] src.triage.tfidf_filter - [Triage Batch] N=10 | noise=0 | high-risk=2760
2026-05-21 13:14:37,189 [INFO] src.triage.tfidf_filter - [Triage] N=10 | theta_max_idf=2.0000 (fixed, theoretical_max=2.3026) | theta_tfidf=0.02
2026-05-21 13:14:37,190 [INFO] src.triage.tfidf_filter - [Triage Batch] N=10 | noise=0 | high-risk=2770
2026-05-21 13:14:37,190 [INFO] src.triage.tfidf_filter - [Triage] N=10 | theta_max_idf=2.0000 (fixed, theoretical_max=2.3026) | theta_tfidf=0.02
2026-05-21 13:14:37,190 [INFO] src.triage.tfidf_filter - [Triage Batch] N=10 | noise=0 | high-risk=2780
2026-05-21 13:14:37,190 [INFO] src.triage.tfidf_filter - [Triage] N=10 | theta_max_idf=2.0000 (fixed, theoretical_max=2.3026) | theta_tfidf=0.02
2026-05-21 13:14:37,190 [INFO] src.triage.tfidf_filter - [Triage Batch] N=10 | noise=0 | high-risk=2790
2026-05-21 13:14:37,190 [INFO] src.triage.tfidf_filter - [Triage] N=10 | theta_max_idf=2.0000 (fixed, theoretical_max=2.3026) | theta_tfidf=0.02
2026-05-21 13:14:37,191 [INFO] src.triage.tfidf_filter - [Triage Batch] N=10 | noise=0 | high-risk=2800
2026-05-21 13:14:37,191 [INFO] src.triage.tfidf_filter - [Triage] N=10 | theta_max_idf=2.0000 (fixed, theoretical_max=2.3026) | theta_tfidf=0.02
2026-05-21 13:14:37,191 [INFO] src.triage.tfidf_filter - [Triage Batch] N=10 | noise=0 | high-risk=2810
2026-05-21 13:14:37,191 [INFO] src.triage.tfidf_filter - [Triage] N=10 | theta_max_idf=2.0000 (fixed, theoretical_max=2.3026) | theta_tfidf=0.02
2026-05-21 13:14:37,191 [INFO] src.triage.tfidf_filter - [Triage Batch] N=10 | noise=0 | high-risk=2820
2026-05-21 13:14:37,192 [INFO] src.triage.tfidf_filter - [Triage] N=10 | theta_max_idf=2.0000 (fixed, theoretical_max=2.3026) | theta_tfidf=0.02
2026-05-21 13:14:37,192 [INFO] src.triage.tfidf_filter - [Triage Batch] N=10 | noise=0 | high-risk=2830
2026-05-21 13:14:37,193 [INFO] src.triage.tfidf_filter - [Triage] N=10 | theta_max_idf=2.0000 (fixed, theoretical_max=2.3026) | theta_tfidf=0.02
2026-05-21 13:14:37,193 [INFO] src.triage.tfidf_filter - [Triage Batch] N=10 | noise=0 | high-risk=2840
2026-05-21 13:14:37,193 [INFO] src.triage.tfidf_filter - [Triage] N=10 | theta_max_idf=2.0000 (fixed, theoretical_max=2.3026) | theta_tfidf=0.02
2026-05-21 13:14:37,193 [INFO] src.triage.tfidf_filter - [Triage Batch] N=10 | noise=0 | high-risk=2850
2026-05-21 13:14:37,193 [INFO] src.triage.tfidf_filter - [Triage] N=10 | theta_max_idf=2.0000 (fixed, theoretical_max=2.3026) | theta_tfidf=0.02
2026-05-21 13:14:37,194 [INFO] src.triage.tfidf_filter - [Triage Batch] N=10 | noise=0 | high-risk=2860
2026-05-21 13:14:37,194 [INFO] src.triage.tfidf_filter - [Triage] N=10 | theta_max_idf=2.0000 (fixed, theoretical_max=2.3026) | theta_tfidf=0.02
2026-05-21 13:14:37,194 [INFO] src.triage.tfidf_filter - [Triage Batch] N=10 | noise=0 | high-risk=2870
2026-05-21 13:14:37,195 [INFO] src.triage.tfidf_filter - [Triage] N=10 | theta_max_idf=2.0000 (fixed, theoretical_max=2.3026) | theta_tfidf=0.02
2026-05-21 13:14:37,195 [INFO] src.triage.tfidf_filter - [Triage Batch] N=10 | noise=0 | high-risk=2880
2026-05-21 13:14:37,195 [INFO] src.triage.tfidf_filter - [Triage] N=10 | theta_max_idf=2.0000 (fixed, theoretical_max=2.3026) | theta_tfidf=0.02
2026-05-21 13:14:37,195 [INFO] src.triage.tfidf_filter - [Triage Batch] N=10 | noise=0 | high-risk=2890
2026-05-21 13:14:37,195 [INFO] src.triage.tfidf_filter - [Triage] N=10 | theta_max_idf=2.0000 (fixed, theoretical_max=2.3026) | theta_tfidf=0.02
2026-05-21 13:14:37,195 [INFO] src.triage.tfidf_filter - [Triage Batch] N=10 | noise=0 | high-risk=2900
2026-05-21 13:14:37,196 [INFO] src.triage.tfidf_filter - [Triage] N=10 | theta_max_idf=2.0000 (fixed, theoretical_max=2.3026) | theta_tfidf=0.02
2026-05-21 13:14:37,196 [INFO] src.triage.tfidf_filter - [Triage Batch] N=10 | noise=0 | high-risk=2910
2026-05-21 13:14:37,196 [INFO] src.triage.tfidf_filter - [Triage] N=10 | theta_max_idf=2.0000 (fixed, theoretical_max=2.3026) | theta_tfidf=0.02
2026-05-21 13:14:37,197 [INFO] src.triage.tfidf_filter - [Triage Batch] N=10 | noise=0 | high-risk=2920
2026-05-21 13:14:37,197 [INFO] src.triage.tfidf_filter - [Triage] N=10 | theta_max_idf=2.0000 (fixed, theoretical_max=2.3026) | theta_tfidf=0.02
2026-05-21 13:14:37,197 [INFO] src.triage.tfidf_filter - [Triage Batch] N=10 | noise=0 | high-risk=2930
2026-05-21 13:14:37,198 [INFO] src.triage.tfidf_filter - [Triage] N=10 | theta_max_idf=2.0000 (fixed, theoretical_max=2.3026) | theta_tfidf=0.02
2026-05-21 13:14:37,198 [INFO] src.triage.tfidf_filter - [Triage Batch] N=10 | noise=0 | high-risk=2940
2026-05-21 13:14:37,198 [INFO] src.triage.tfidf_filter - [Triage] N=10 | theta_max_idf=2.0000 (fixed, theoretical_max=2.3026) | theta_tfidf=0.02
2026-05-21 13:14:37,198 [INFO] src.triage.tfidf_filter - [Triage Batch] N=10 | noise=0 | high-risk=2950
2026-05-21 13:14:37,198 [INFO] src.triage.tfidf_filter - [Triage] N=10 | theta_max_idf=2.0000 (fixed, theoretical_max=2.3026) | theta_tfidf=0.02
2026-05-21 13:14:37,198 [INFO] src.triage.tfidf_filter - [Triage Batch] N=10 | noise=0 | high-risk=2960
2026-05-21 13:14:37,199 [INFO] src.triage.tfidf_filter - [Triage] N=10 | theta_max_idf=2.0000 (fixed, theoretical_max=2.3026) | theta_tfidf=0.02
2026-05-21 13:14:37,199 [INFO] src.triage.tfidf_filter - [Triage Batch] N=10 | noise=0 | high-risk=2970
2026-05-21 13:14:37,199 [INFO] src.triage.tfidf_filter - [Triage] N=10 | theta_max_idf=2.0000 (fixed, theoretical_max=2.3026) | theta_tfidf=0.02
2026-05-21 13:14:37,200 [INFO] src.triage.tfidf_filter - [Triage Batch] N=10 | noise=0 | high-risk=2980
2026-05-21 13:14:37,200 [INFO] src.triage.tfidf_filter - [Triage] N=10 | theta_max_idf=2.0000 (fixed, theoretical_max=2.3026) | theta_tfidf=0.02
2026-05-21 13:14:37,200 [INFO] src.triage.tfidf_filter - [Triage Batch] N=10 | noise=0 | high-risk=2990
2026-05-21 13:14:37,200 [INFO] src.triage.tfidf_filter - [Triage] N=10 | theta_max_idf=2.0000 (fixed, theoretical_max=2.3026) | theta_tfidf=0.02
2026-05-21 13:14:37,200 [INFO] src.triage.tfidf_filter - [Triage Batch] N=10 | noise=0 | high-risk=3000
2026-05-21 13:14:37,200 [INFO] src.triage.tfidf_filter - [Triage] N=10 | theta_max_idf=2.0000 (fixed, theoretical_max=2.3026) | theta_tfidf=0.02
2026-05-21 13:14:37,201 [INFO] src.triage.tfidf_filter - [Triage Batch] N=10 | noise=0 | high-risk=3010
2026-05-21 13:14:37,201 [INFO] src.triage.tfidf_filter - [Triage] N=10 | theta_max_idf=2.0000 (fixed, theoretical_max=2.3026) | theta_tfidf=0.02
2026-05-21 13:14:37,201 [INFO] src.triage.tfidf_filter - [Triage Batch] N=10 | noise=0 | high-risk=3020
2026-05-21 13:14:37,202 [INFO] src.triage.tfidf_filter - [Triage] N=10 | theta_max_idf=2.0000 (fixed, theoretical_max=2.3026) | theta_tfidf=0.02
2026-05-21 13:14:37,202 [INFO] src.triage.tfidf_filter - [Triage Batch] N=10 | noise=0 | high-risk=3030
2026-05-21 13:14:37,202 [INFO] src.triage.tfidf_filter - [Triage] N=10 | theta_max_idf=2.0000 (fixed, theoretical_max=2.3026) | theta_tfidf=0.02
2026-05-21 13:14:37,202 [INFO] src.triage.tfidf_filter - [Triage Batch] N=10 | noise=0 | high-risk=3040
2026-05-21 13:14:37,202 [INFO] src.triage.tfidf_filter - [Triage] N=10 | theta_max_idf=2.0000 (fixed, theoretical_max=2.3026) | theta_tfidf=0.02
2026-05-21 13:14:37,203 [INFO] src.triage.tfidf_filter - [Triage Batch] N=10 | noise=0 | high-risk=3050
2026-05-21 13:14:37,203 [INFO] src.triage.tfidf_filter - [Triage] N=10 | theta_max_idf=2.0000 (fixed, theoretical_max=2.3026) | theta_tfidf=0.02
2026-05-21 13:14:37,203 [INFO] src.triage.tfidf_filter - [Triage Batch] N=10 | noise=0 | high-risk=3060
2026-05-21 13:14:37,204 [INFO] src.triage.tfidf_filter - [Triage] N=10 | theta_max_idf=2.0000 (fixed, theoretical_max=2.3026) | theta_tfidf=0.02
2026-05-21 13:14:37,204 [INFO] src.triage.tfidf_filter - [Triage Batch] N=10 | noise=0 | high-risk=3070
2026-05-21 13:14:37,204 [INFO] src.triage.tfidf_filter - [Triage] N=10 | theta_max_idf=2.0000 (fixed, theoretical_max=2.3026) | theta_tfidf=0.02
2026-05-21 13:14:37,204 [INFO] src.triage.tfidf_filter - [Triage Batch] N=10 | noise=0 | high-risk=3080
2026-05-21 13:14:37,204 [INFO] src.triage.tfidf_filter - [Triage] N=10 | theta_max_idf=2.0000 (fixed, theoretical_max=2.3026) | theta_tfidf=0.02
2026-05-21 13:14:37,204 [INFO] src.triage.tfidf_filter - [Triage Batch] N=10 | noise=0 | high-risk=3090
2026-05-21 13:14:37,205 [INFO] src.triage.tfidf_filter - [Triage] N=10 | theta_max_idf=2.0000 (fixed, theoretical_max=2.3026) | theta_tfidf=0.02
2026-05-21 13:14:37,205 [INFO] src.triage.tfidf_filter - [Triage Batch] N=10 | noise=0 | high-risk=3100
2026-05-21 13:14:37,205 [INFO] src.triage.tfidf_filter - [Triage] N=10 | theta_max_idf=2.0000 (fixed, theoretical_max=2.3026) | theta_tfidf=0.02
2026-05-21 13:14:37,205 [INFO] src.triage.tfidf_filter - [Triage Batch] N=10 | noise=0 | high-risk=3110
2026-05-21 13:14:37,205 [INFO] src.triage.tfidf_filter - [Triage] N=10 | theta_max_idf=2.0000 (fixed, theoretical_max=2.3026) | theta_tfidf=0.02
2026-05-21 13:14:37,206 [INFO] src.triage.tfidf_filter - [Triage Batch] N=10 | noise=0 | high-risk=3120
2026-05-21 13:14:37,206 [INFO] src.triage.tfidf_filter - [Triage] N=10 | theta_max_idf=2.0000 (fixed, theoretical_max=2.3026) | theta_tfidf=0.02
2026-05-21 13:14:37,206 [INFO] src.triage.tfidf_filter - [Triage Batch] N=10 | noise=0 | high-risk=3130
2026-05-21 13:14:37,207 [INFO] src.triage.tfidf_filter - [Triage] N=10 | theta_max_idf=2.0000 (fixed, theoretical_max=2.3026) | theta_tfidf=0.02
2026-05-21 13:14:37,207 [INFO] src.triage.tfidf_filter - [Triage Batch] N=10 | noise=0 | high-risk=3140
2026-05-21 13:14:37,207 [INFO] src.triage.tfidf_filter - [Triage] N=10 | theta_max_idf=2.0000 (fixed, theoretical_max=2.3026) | theta_tfidf=0.02
2026-05-21 13:14:37,207 [INFO] src.triage.tfidf_filter - [Triage Batch] N=10 | noise=0 | high-risk=3150
2026-05-21 13:14:37,208 [INFO] src.triage.tfidf_filter - [Triage] N=10 | theta_max_idf=2.0000 (fixed, theoretical_max=2.3026) | theta_tfidf=0.02
2026-05-21 13:14:37,208 [INFO] src.triage.tfidf_filter - [Triage Batch] N=10 | noise=0 | high-risk=3160
2026-05-21 13:14:37,209 [INFO] src.triage.tfidf_filter - [Triage] N=10 | theta_max_idf=2.0000 (fixed, theoretical_max=2.3026) | theta_tfidf=0.02
2026-05-21 13:14:37,209 [INFO] src.triage.tfidf_filter - [Triage Batch] N=10 | noise=0 | high-risk=3170
2026-05-21 13:14:37,209 [INFO] src.triage.tfidf_filter - [Triage] N=10 | theta_max_idf=2.0000 (fixed, theoretical_max=2.3026) | theta_tfidf=0.02
2026-05-21 13:14:37,209 [INFO] src.triage.tfidf_filter - [Triage Batch] N=10 | noise=0 | high-risk=3180
2026-05-21 13:14:37,209 [INFO] src.triage.tfidf_filter - [Triage] N=10 | theta_max_idf=2.0000 (fixed, theoretical_max=2.3026) | theta_tfidf=0.02
2026-05-21 13:14:37,210 [INFO] src.triage.tfidf_filter - [Triage Batch] N=10 | noise=0 | high-risk=3190
2026-05-21 13:14:37,210 [INFO] src.triage.tfidf_filter - [Triage] N=10 | theta_max_idf=2.0000 (fixed, theoretical_max=2.3026) | theta_tfidf=0.02
2026-05-21 13:14:37,210 [INFO] src.triage.tfidf_filter - [Triage Batch] N=10 | noise=0 | high-risk=3200
2026-05-21 13:14:37,210 [INFO] src.triage.tfidf_filter - [Triage] N=10 | theta_max_idf=2.0000 (fixed, theoretical_max=2.3026) | theta_tfidf=0.02
2026-05-21 13:14:37,210 [INFO] src.triage.tfidf_filter - [Triage Batch] N=10 | noise=0 | high-risk=3210
2026-05-21 13:14:37,210 [INFO] src.triage.tfidf_filter - [Triage] N=10 | theta_max_idf=2.0000 (fixed, theoretical_max=2.3026) | theta_tfidf=0.02
2026-05-21 13:14:37,210 [INFO] src.triage.tfidf_filter - [Triage Batch] N=10 | noise=0 | high-risk=3220
2026-05-21 13:14:37,211 [INFO] src.triage.tfidf_filter - [Triage] N=10 | theta_max_idf=2.0000 (fixed, theoretical_max=2.3026) | theta_tfidf=0.02
2026-05-21 13:14:37,211 [INFO] src.triage.tfidf_filter - [Triage Batch] N=10 | noise=0 | high-risk=3230
2026-05-21 13:14:37,211 [INFO] src.triage.tfidf_filter - [Triage] N=10 | theta_max_idf=2.0000 (fixed, theoretical_max=2.3026) | theta_tfidf=0.02
2026-05-21 13:14:37,212 [INFO] src.triage.tfidf_filter - [Triage Batch] N=10 | noise=0 | high-risk=3240
2026-05-21 13:14:37,212 [INFO] src.triage.tfidf_filter - [Triage] N=10 | theta_max_idf=2.0000 (fixed, theoretical_max=2.3026) | theta_tfidf=0.02
2026-05-21 13:14:37,212 [INFO] src.triage.tfidf_filter - [Triage Batch] N=10 | noise=0 | high-risk=3250
2026-05-21 13:14:37,213 [INFO] src.triage.tfidf_filter - [Triage] N=10 | theta_max_idf=2.0000 (fixed, theoretical_max=2.3026) | theta_tfidf=0.02
2026-05-21 13:14:37,213 [INFO] src.triage.tfidf_filter - [Triage Batch] N=10 | noise=0 | high-risk=3260
2026-05-21 13:14:37,213 [INFO] src.triage.tfidf_filter - [Triage] N=10 | theta_max_idf=2.0000 (fixed, theoretical_max=2.3026) | theta_tfidf=0.02
2026-05-21 13:14:37,213 [INFO] src.triage.tfidf_filter - [Triage Batch] N=10 | noise=0 | high-risk=3270
2026-05-21 13:14:37,213 [INFO] src.triage.tfidf_filter - [Triage] N=10 | theta_max_idf=2.0000 (fixed, theoretical_max=2.3026) | theta_tfidf=0.02
2026-05-21 13:14:37,213 [INFO] src.triage.tfidf_filter - [Triage Batch] N=10 | noise=0 | high-risk=3280
2026-05-21 13:14:37,213 [INFO] src.triage.tfidf_filter - [Triage] N=10 | theta_max_idf=2.0000 (fixed, theoretical_max=2.3026) | theta_tfidf=0.02
2026-05-21 13:14:37,214 [INFO] src.triage.tfidf_filter - [Triage Batch] N=10 | noise=0 | high-risk=3290
2026-05-21 13:14:37,214 [INFO] src.triage.tfidf_filter - [Triage] N=10 | theta_max_idf=2.0000 (fixed, theoretical_max=2.3026) | theta_tfidf=0.02
2026-05-21 13:14:37,214 [INFO] src.triage.tfidf_filter - [Triage Batch] N=10 | noise=0 | high-risk=3300
2026-05-21 13:14:37,214 [INFO] src.triage.tfidf_filter - [Triage] N=10 | theta_max_idf=2.0000 (fixed, theoretical_max=2.3026) | theta_tfidf=0.02
2026-05-21 13:14:37,215 [INFO] src.triage.tfidf_filter - [Triage Batch] N=10 | noise=0 | high-risk=3310
2026-05-21 13:14:37,215 [INFO] src.triage.tfidf_filter - [Triage] N=10 | theta_max_idf=2.0000 (fixed, theoretical_max=2.3026) | theta_tfidf=0.02
2026-05-21 13:14:37,215 [INFO] src.triage.tfidf_filter - [Triage Batch] N=10 | noise=0 | high-risk=3320
2026-05-21 13:14:37,215 [INFO] src.triage.tfidf_filter - [Triage] N=10 | theta_max_idf=2.0000 (fixed, theoretical_max=2.3026) | theta_tfidf=0.02
2026-05-21 13:14:37,216 [INFO] src.triage.tfidf_filter - [Triage Batch] N=10 | noise=0 | high-risk=3330
2026-05-21 13:14:37,216 [INFO] src.triage.tfidf_filter - [Triage] N=10 | theta_max_idf=2.0000 (fixed, theoretical_max=2.3026) | theta_tfidf=0.02
2026-05-21 13:14:37,216 [INFO] src.triage.tfidf_filter - [Triage Batch] N=10 | noise=0 | high-risk=3340
2026-05-21 13:14:37,217 [INFO] src.triage.tfidf_filter - [Triage] N=10 | theta_max_idf=2.0000 (fixed, theoretical_max=2.3026) | theta_tfidf=0.02
2026-05-21 13:14:37,217 [INFO] src.triage.tfidf_filter - [Triage Batch] N=10 | noise=0 | high-risk=3350
2026-05-21 13:14:37,217 [INFO] src.triage.tfidf_filter - [Triage] N=10 | theta_max_idf=2.0000 (fixed, theoretical_max=2.3026) | theta_tfidf=0.02
2026-05-21 13:14:37,217 [INFO] src.triage.tfidf_filter - [Triage Batch] N=10 | noise=0 | high-risk=3360
2026-05-21 13:14:37,217 [INFO] src.triage.tfidf_filter - [Triage] N=10 | theta_max_idf=2.0000 (fixed, theoretical_max=2.3026) | theta_tfidf=0.02
2026-05-21 13:14:37,217 [INFO] src.triage.tfidf_filter - [Triage Batch] N=10 | noise=0 | high-risk=3370
2026-05-21 13:14:37,217 [INFO] src.triage.tfidf_filter - [Triage] N=10 | theta_max_idf=2.0000 (fixed, theoretical_max=2.3026) | theta_tfidf=0.02
2026-05-21 13:14:37,218 [INFO] src.triage.tfidf_filter - [Triage Batch] N=10 | noise=0 | high-risk=3380
2026-05-21 13:14:37,218 [INFO] src.triage.tfidf_filter - [Triage] N=10 | theta_max_idf=2.0000 (fixed, theoretical_max=2.3026) | theta_tfidf=0.02
2026-05-21 13:14:37,218 [INFO] src.triage.tfidf_filter - [Triage Batch] N=10 | noise=0 | high-risk=3390
2026-05-21 13:14:37,219 [INFO] src.triage.tfidf_filter - [Triage] N=10 | theta_max_idf=2.0000 (fixed, theoretical_max=2.3026) | theta_tfidf=0.02
2026-05-21 13:14:37,219 [INFO] src.triage.tfidf_filter - [Triage Batch] N=10 | noise=0 | high-risk=3400
2026-05-21 13:14:37,219 [INFO] src.triage.tfidf_filter - [Triage] N=10 | theta_max_idf=2.0000 (fixed, theoretical_max=2.3026) | theta_tfidf=0.02
2026-05-21 13:14:37,219 [INFO] src.triage.tfidf_filter - [Triage Batch] N=10 | noise=0 | high-risk=3410
2026-05-21 13:14:37,219 [INFO] src.triage.tfidf_filter - [Triage] N=10 | theta_max_idf=2.0000 (fixed, theoretical_max=2.3026) | theta_tfidf=0.02
2026-05-21 13:14:37,219 [INFO] src.triage.tfidf_filter - [Triage Batch] N=10 | noise=0 | high-risk=3420
2026-05-21 13:14:37,220 [INFO] src.triage.tfidf_filter - [Triage] N=10 | theta_max_idf=2.0000 (fixed, theoretical_max=2.3026) | theta_tfidf=0.02
2026-05-21 13:14:37,220 [INFO] src.triage.tfidf_filter - [Triage Batch] N=10 | noise=0 | high-risk=3430
2026-05-21 13:14:37,221 [INFO] src.triage.tfidf_filter - [Triage] N=10 | theta_max_idf=2.0000 (fixed, theoretical_max=2.3026) | theta_tfidf=0.02
2026-05-21 13:14:37,221 [INFO] src.triage.tfidf_filter - [Triage Batch] N=10 | noise=0 | high-risk=3440
2026-05-21 13:14:37,221 [INFO] src.triage.tfidf_filter - [Triage] N=10 | theta_max_idf=2.0000 (fixed, theoretical_max=2.3026) | theta_tfidf=0.02
2026-05-21 13:14:37,221 [INFO] src.triage.tfidf_filter - [Triage Batch] N=10 | noise=0 | high-risk=3450
2026-05-21 13:14:37,221 [INFO] src.triage.tfidf_filter - [Triage] N=10 | theta_max_idf=2.0000 (fixed, theoretical_max=2.3026) | theta_tfidf=0.02
2026-05-21 13:14:37,221 [INFO] src.triage.tfidf_filter - [Triage Batch] N=10 | noise=0 | high-risk=3460
2026-05-21 13:14:37,221 [INFO] src.triage.tfidf_filter - [Triage] N=10 | theta_max_idf=2.0000 (fixed, theoretical_max=2.3026) | theta_tfidf=0.02
2026-05-21 13:14:37,222 [INFO] src.triage.tfidf_filter - [Triage Batch] N=10 | noise=0 | high-risk=3470
2026-05-21 13:14:37,222 [INFO] src.triage.tfidf_filter - [Triage] N=10 | theta_max_idf=2.0000 (fixed, theoretical_max=2.3026) | theta_tfidf=0.02
2026-05-21 13:14:37,222 [INFO] src.triage.tfidf_filter - [Triage Batch] N=10 | noise=0 | high-risk=3480
2026-05-21 13:14:37,223 [INFO] src.triage.tfidf_filter - [Triage] N=10 | theta_max_idf=2.0000 (fixed, theoretical_max=2.3026) | theta_tfidf=0.02
2026-05-21 13:14:37,223 [INFO] src.triage.tfidf_filter - [Triage Batch] N=10 | noise=0 | high-risk=3490
2026-05-21 13:14:37,223 [INFO] src.triage.tfidf_filter - [Triage] N=10 | theta_max_idf=2.0000 (fixed, theoretical_max=2.3026) | theta_tfidf=0.02
2026-05-21 13:14:37,224 [INFO] src.triage.tfidf_filter - [Triage Batch] N=10 | noise=0 | high-risk=3500
2026-05-21 13:14:37,224 [INFO] src.triage.tfidf_filter - [Triage] N=10 | theta_max_idf=2.0000 (fixed, theoretical_max=2.3026) | theta_tfidf=0.02
2026-05-21 13:14:37,224 [INFO] src.triage.tfidf_filter - [Triage Batch] N=10 | noise=0 | high-risk=3510
2026-05-21 13:14:37,225 [INFO] src.triage.tfidf_filter - [Triage] N=10 | theta_max_idf=2.0000 (fixed, theoretical_max=2.3026) | theta_tfidf=0.02
2026-05-21 13:14:37,225 [INFO] src.triage.tfidf_filter - [Triage Batch] N=10 | noise=0 | high-risk=3520
2026-05-21 13:14:37,225 [INFO] src.triage.tfidf_filter - [Triage] N=10 | theta_max_idf=2.0000 (fixed, theoretical_max=2.3026) | theta_tfidf=0.02
2026-05-21 13:14:37,225 [INFO] src.triage.tfidf_filter - [Triage Batch] N=10 | noise=0 | high-risk=3530
2026-05-21 13:14:37,225 [INFO] src.triage.tfidf_filter - [Triage] N=10 | theta_max_idf=2.0000 (fixed, theoretical_max=2.3026) | theta_tfidf=0.02
2026-05-21 13:14:37,225 [INFO] src.triage.tfidf_filter - [Triage Batch] N=10 | noise=0 | high-risk=3540
2026-05-21 13:14:37,226 [INFO] src.triage.tfidf_filter - [Triage] N=10 | theta_max_idf=2.0000 (fixed, theoretical_max=2.3026) | theta_tfidf=0.02
2026-05-21 13:14:37,226 [INFO] src.triage.tfidf_filter - [Triage Batch] N=10 | noise=0 | high-risk=3550
2026-05-21 13:14:37,226 [INFO] src.triage.tfidf_filter - [Triage] N=10 | theta_max_idf=2.0000 (fixed, theoretical_max=2.3026) | theta_tfidf=0.02
2026-05-21 13:14:37,226 [INFO] src.triage.tfidf_filter - [Triage Batch] N=10 | noise=0 | high-risk=3560
2026-05-21 13:14:37,227 [INFO] src.triage.tfidf_filter - [Triage] N=10 | theta_max_idf=2.0000 (fixed, theoretical_max=2.3026) | theta_tfidf=0.02
2026-05-21 13:14:37,227 [INFO] src.triage.tfidf_filter - [Triage Batch] N=10 | noise=0 | high-risk=3570
2026-05-21 13:14:37,227 [INFO] src.triage.tfidf_filter - [Triage] N=10 | theta_max_idf=2.0000 (fixed, theoretical_max=2.3026) | theta_tfidf=0.02
2026-05-21 13:14:37,228 [INFO] src.triage.tfidf_filter - [Triage Batch] N=10 | noise=0 | high-risk=3580
2026-05-21 13:14:37,228 [INFO] src.triage.tfidf_filter - [Triage] N=10 | theta_max_idf=2.0000 (fixed, theoretical_max=2.3026) | theta_tfidf=0.02
2026-05-21 13:14:37,228 [INFO] src.triage.tfidf_filter - [Triage Batch] N=10 | noise=0 | high-risk=3590
2026-05-21 13:14:37,228 [INFO] src.triage.tfidf_filter - [Triage] N=10 | theta_max_idf=2.0000 (fixed, theoretical_max=2.3026) | theta_tfidf=0.02
2026-05-21 13:14:37,228 [INFO] src.triage.tfidf_filter - [Triage Batch] N=10 | noise=0 | high-risk=3600
2026-05-21 13:14:37,229 [INFO] src.triage.tfidf_filter - [Triage] N=10 | theta_max_idf=2.0000 (fixed, theoretical_max=2.3026) | theta_tfidf=0.02
2026-05-21 13:14:37,229 [INFO] src.triage.tfidf_filter - [Triage Batch] N=10 | noise=0 | high-risk=3610
2026-05-21 13:14:37,229 [INFO] src.triage.tfidf_filter - [Triage] N=10 | theta_max_idf=2.0000 (fixed, theoretical_max=2.3026) | theta_tfidf=0.02
2026-05-21 13:14:37,230 [INFO] src.triage.tfidf_filter - [Triage Batch] N=10 | noise=0 | high-risk=3620
2026-05-21 13:14:37,230 [INFO] src.triage.tfidf_filter - [Triage] N=10 | theta_max_idf=2.0000 (fixed, theoretical_max=2.3026) | theta_tfidf=0.02
2026-05-21 13:14:37,230 [INFO] src.triage.tfidf_filter - [Triage Batch] N=10 | noise=0 | high-risk=3630
2026-05-21 13:14:37,230 [INFO] src.triage.tfidf_filter - [Triage] N=10 | theta_max_idf=2.0000 (fixed, theoretical_max=2.3026) | theta_tfidf=0.02
2026-05-21 13:14:37,230 [INFO] src.triage.tfidf_filter - [Triage Batch] N=10 | noise=0 | high-risk=3640
2026-05-21 13:14:37,230 [INFO] src.triage.tfidf_filter - [Triage] N=10 | theta_max_idf=2.0000 (fixed, theoretical_max=2.3026) | theta_tfidf=0.02
2026-05-21 13:14:37,231 [INFO] src.triage.tfidf_filter - [Triage Batch] N=10 | noise=0 | high-risk=3650
2026-05-21 13:14:37,231 [INFO] src.triage.tfidf_filter - [Triage] N=10 | theta_max_idf=2.0000 (fixed, theoretical_max=2.3026) | theta_tfidf=0.02
2026-05-21 13:14:37,231 [INFO] src.triage.tfidf_filter - [Triage Batch] N=10 | noise=0 | high-risk=3660
2026-05-21 13:14:37,232 [INFO] src.triage.tfidf_filter - [Triage] N=10 | theta_max_idf=2.0000 (fixed, theoretical_max=2.3026) | theta_tfidf=0.02
2026-05-21 13:14:37,232 [INFO] src.triage.tfidf_filter - [Triage Batch] N=10 | noise=0 | high-risk=3670
2026-05-21 13:14:37,232 [INFO] src.triage.tfidf_filter - [Triage] N=10 | theta_max_idf=2.0000 (fixed, theoretical_max=2.3026) | theta_tfidf=0.02
2026-05-21 13:14:37,232 [INFO] src.triage.tfidf_filter - [Triage Batch] N=10 | noise=0 | high-risk=3680
2026-05-21 13:14:37,233 [INFO] src.triage.tfidf_filter - [Triage] N=10 | theta_max_idf=2.0000 (fixed, theoretical_max=2.3026) | theta_tfidf=0.02
2026-05-21 13:14:37,233 [INFO] src.triage.tfidf_filter - [Triage Batch] N=10 | noise=0 | high-risk=3690
2026-05-21 13:14:37,233 [INFO] src.triage.tfidf_filter - [Triage] N=10 | theta_max_idf=2.0000 (fixed, theoretical_max=2.3026) | theta_tfidf=0.02
2026-05-21 13:14:37,233 [INFO] src.triage.tfidf_filter - [Triage Batch] N=10 | noise=0 | high-risk=3700
2026-05-21 13:14:37,233 [INFO] src.triage.tfidf_filter - [Triage] N=10 | theta_max_idf=2.0000 (fixed, theoretical_max=2.3026) | theta_tfidf=0.02
2026-05-21 13:14:37,233 [INFO] src.triage.tfidf_filter - [Triage Batch] N=10 | noise=0 | high-risk=3710
2026-05-21 13:14:37,234 [INFO] src.triage.tfidf_filter - [Triage] N=10 | theta_max_idf=2.0000 (fixed, theoretical_max=2.3026) | theta_tfidf=0.02
2026-05-21 13:14:37,234 [INFO] src.triage.tfidf_filter - [Triage Batch] N=10 | noise=0 | high-risk=3720
2026-05-21 13:14:37,234 [INFO] src.triage.tfidf_filter - [Triage] N=10 | theta_max_idf=2.0000 (fixed, theoretical_max=2.3026) | theta_tfidf=0.02
2026-05-21 13:14:37,235 [INFO] src.triage.tfidf_filter - [Triage Batch] N=10 | noise=0 | high-risk=3730
2026-05-21 13:14:37,235 [INFO] src.triage.tfidf_filter - [Triage] N=10 | theta_max_idf=2.0000 (fixed, theoretical_max=2.3026) | theta_tfidf=0.02
2026-05-21 13:14:37,235 [INFO] src.triage.tfidf_filter - [Triage Batch] N=10 | noise=0 | high-risk=3740
2026-05-21 13:14:37,235 [INFO] src.triage.tfidf_filter - [Triage] N=10 | theta_max_idf=2.0000 (fixed, theoretical_max=2.3026) | theta_tfidf=0.02
2026-05-21 13:14:37,235 [INFO] src.triage.tfidf_filter - [Triage Batch] N=10 | noise=0 | high-risk=3750
2026-05-21 13:14:37,235 [INFO] src.triage.tfidf_filter - [Triage] N=10 | theta_max_idf=2.0000 (fixed, theoretical_max=2.3026) | theta_tfidf=0.02
2026-05-21 13:14:37,235 [INFO] src.triage.tfidf_filter - [Triage Batch] N=10 | noise=0 | high-risk=3760
2026-05-21 13:14:37,236 [INFO] src.triage.tfidf_filter - [Triage] N=10 | theta_max_idf=2.0000 (fixed, theoretical_max=2.3026) | theta_tfidf=0.02
2026-05-21 13:14:37,236 [INFO] src.triage.tfidf_filter - [Triage Batch] N=10 | noise=0 | high-risk=3770
2026-05-21 13:14:37,236 [INFO] src.triage.tfidf_filter - [Triage] N=10 | theta_max_idf=2.0000 (fixed, theoretical_max=2.3026) | theta_tfidf=0.02
2026-05-21 13:14:37,237 [INFO] src.triage.tfidf_filter - [Triage Batch] N=10 | noise=0 | high-risk=3780
2026-05-21 13:14:37,237 [INFO] src.triage.tfidf_filter - [Triage] N=10 | theta_max_idf=2.0000 (fixed, theoretical_max=2.3026) | theta_tfidf=0.02
2026-05-21 13:14:37,237 [INFO] src.triage.tfidf_filter - [Triage Batch] N=10 | noise=0 | high-risk=3790
2026-05-21 13:14:37,238 [INFO] src.triage.tfidf_filter - [Triage] N=10 | theta_max_idf=2.0000 (fixed, theoretical_max=2.3026) | theta_tfidf=0.02
2026-05-21 13:14:37,238 [INFO] src.triage.tfidf_filter - [Triage Batch] N=10 | noise=0 | high-risk=3800
2026-05-21 13:14:37,238 [INFO] src.triage.tfidf_filter - [Triage] N=10 | theta_max_idf=2.0000 (fixed, theoretical_max=2.3026) | theta_tfidf=0.02
2026-05-21 13:14:37,238 [INFO] src.triage.tfidf_filter - [Triage Batch] N=10 | noise=0 | high-risk=3810
2026-05-21 13:14:37,238 [INFO] src.triage.tfidf_filter - [Triage] N=10 | theta_max_idf=2.0000 (fixed, theoretical_max=2.3026) | theta_tfidf=0.02
2026-05-21 13:14:37,238 [INFO] src.triage.tfidf_filter - [Triage Batch] N=10 | noise=0 | high-risk=3820
2026-05-21 13:14:37,239 [INFO] src.triage.tfidf_filter - [Triage] N=10 | theta_max_idf=2.0000 (fixed, theoretical_max=2.3026) | theta_tfidf=0.02
2026-05-21 13:14:37,239 [INFO] src.triage.tfidf_filter - [Triage Batch] N=10 | noise=0 | high-risk=3830
2026-05-21 13:14:37,239 [INFO] src.triage.tfidf_filter - [Triage] N=10 | theta_max_idf=2.0000 (fixed, theoretical_max=2.3026) | theta_tfidf=0.02
2026-05-21 13:14:37,240 [INFO] src.triage.tfidf_filter - [Triage Batch] N=10 | noise=0 | high-risk=3840
2026-05-21 13:14:37,240 [INFO] src.triage.tfidf_filter - [Triage] N=10 | theta_max_idf=2.0000 (fixed, theoretical_max=2.3026) | theta_tfidf=0.02
2026-05-21 13:14:37,240 [INFO] src.triage.tfidf_filter - [Triage Batch] N=10 | noise=0 | high-risk=3850
2026-05-21 13:14:37,240 [INFO] src.triage.tfidf_filter - [Triage] N=10 | theta_max_idf=2.0000 (fixed, theoretical_max=2.3026) | theta_tfidf=0.02
2026-05-21 13:14:37,240 [INFO] src.triage.tfidf_filter - [Triage Batch] N=10 | noise=0 | high-risk=3860
2026-05-21 13:14:37,241 [INFO] src.triage.tfidf_filter - [Triage] N=10 | theta_max_idf=2.0000 (fixed, theoretical_max=2.3026) | theta_tfidf=0.02
2026-05-21 13:14:37,241 [INFO] src.triage.tfidf_filter - [Triage Batch] N=10 | noise=0 | high-risk=3870
2026-05-21 13:14:37,241 [INFO] src.triage.tfidf_filter - [Triage] N=10 | theta_max_idf=2.0000 (fixed, theoretical_max=2.3026) | theta_tfidf=0.02
2026-05-21 13:14:37,241 [INFO] src.triage.tfidf_filter - [Triage Batch] N=10 | noise=0 | high-risk=3880
2026-05-21 13:14:37,241 [INFO] src.triage.tfidf_filter - [Triage] N=10 | theta_max_idf=2.0000 (fixed, theoretical_max=2.3026) | theta_tfidf=0.02
2026-05-21 13:14:37,241 [INFO] src.triage.tfidf_filter - [Triage Batch] N=10 | noise=0 | high-risk=3890
2026-05-21 13:14:37,241 [INFO] src.triage.tfidf_filter - [Triage] N=10 | theta_max_idf=2.0000 (fixed, theoretical_max=2.3026) | theta_tfidf=0.02
2026-05-21 13:14:37,241 [INFO] src.triage.tfidf_filter - [Triage Batch] N=10 | noise=0 | high-risk=3900
2026-05-21 13:14:37,241 [INFO] src.triage.tfidf_filter - [Triage] N=10 | theta_max_idf=2.0000 (fixed, theoretical_max=2.3026) | theta_tfidf=0.02
2026-05-21 13:14:37,242 [INFO] src.triage.tfidf_filter - [Triage Batch] N=10 | noise=0 | high-risk=3910
2026-05-21 13:14:37,242 [INFO] src.triage.tfidf_filter - [Triage] N=10 | theta_max_idf=2.0000 (fixed, theoretical_max=2.3026) | theta_tfidf=0.02
2026-05-21 13:14:37,242 [INFO] src.triage.tfidf_filter - [Triage Batch] N=10 | noise=0 | high-risk=3920
2026-05-21 13:14:37,242 [INFO] src.triage.tfidf_filter - [Triage] N=10 | theta_max_idf=2.0000 (fixed, theoretical_max=2.3026) | theta_tfidf=0.02
2026-05-21 13:14:37,243 [INFO] src.triage.tfidf_filter - [Triage Batch] N=10 | noise=0 | high-risk=3930
2026-05-21 13:14:37,243 [INFO] src.triage.tfidf_filter - [Triage] N=10 | theta_max_idf=2.0000 (fixed, theoretical_max=2.3026) | theta_tfidf=0.02
2026-05-21 13:14:37,243 [INFO] src.triage.tfidf_filter - [Triage Batch] N=10 | noise=0 | high-risk=3940
2026-05-21 13:14:37,243 [INFO] src.triage.tfidf_filter - [Triage] N=10 | theta_max_idf=2.0000 (fixed, theoretical_max=2.3026) | theta_tfidf=0.02
2026-05-21 13:14:37,244 [INFO] src.triage.tfidf_filter - [Triage Batch] N=10 | noise=0 | high-risk=3950
2026-05-21 13:14:37,244 [INFO] src.triage.tfidf_filter - [Triage] N=10 | theta_max_idf=2.0000 (fixed, theoretical_max=2.3026) | theta_tfidf=0.02
2026-05-21 13:14:37,244 [INFO] src.triage.tfidf_filter - [Triage Batch] N=10 | noise=0 | high-risk=3960
2026-05-21 13:14:37,245 [INFO] src.triage.tfidf_filter - [Triage] N=10 | theta_max_idf=2.0000 (fixed, theoretical_max=2.3026) | theta_tfidf=0.02
2026-05-21 13:14:37,245 [INFO] src.triage.tfidf_filter - [Triage Batch] N=10 | noise=0 | high-risk=3970
2026-05-21 13:14:37,245 [INFO] src.triage.tfidf_filter - [Triage] N=10 | theta_max_idf=2.0000 (fixed, theoretical_max=2.3026) | theta_tfidf=0.02
2026-05-21 13:14:37,245 [INFO] src.triage.tfidf_filter - [Triage Batch] N=10 | noise=0 | high-risk=3980
2026-05-21 13:14:37,245 [INFO] src.triage.tfidf_filter - [Triage] N=10 | theta_max_idf=2.0000 (fixed, theoretical_max=2.3026) | theta_tfidf=0.02
2026-05-21 13:14:37,245 [INFO] src.triage.tfidf_filter - [Triage Batch] N=10 | noise=0 | high-risk=3990
2026-05-21 13:14:37,245 [INFO] src.triage.tfidf_filter - [Triage] N=10 | theta_max_idf=2.0000 (fixed, theoretical_max=2.3026) | theta_tfidf=0.02
2026-05-21 13:14:37,246 [INFO] src.triage.tfidf_filter - [Triage Batch] N=10 | noise=0 | high-risk=4000
2026-05-21 13:14:37,251 [INFO] src.triage.tfidf_filter - [Triage] N=10 | theta_max_idf=2.0000 (fixed, theoretical_max=2.3026) | theta_tfidf=0.02
2026-05-21 13:14:37,251 [INFO] src.triage.tfidf_filter - [Triage Batch] N=10 | noise=0 | high-risk=4010
2026-05-21 13:14:37,251 [INFO] src.triage.tfidf_filter - [Triage] N=10 | theta_max_idf=2.0000 (fixed, theoretical_max=2.3026) | theta_tfidf=0.02
2026-05-21 13:14:37,252 [INFO] src.triage.tfidf_filter - [Triage Batch] N=10 | noise=0 | high-risk=4020
2026-05-21 13:14:37,252 [INFO] src.triage.tfidf_filter - [Triage] N=10 | theta_max_idf=2.0000 (fixed, theoretical_max=2.3026) | theta_tfidf=0.02
2026-05-21 13:14:37,252 [INFO] src.triage.tfidf_filter - [Triage Batch] N=10 | noise=0 | high-risk=4030
2026-05-21 13:14:37,252 [INFO] src.triage.tfidf_filter - [Triage] N=10 | theta_max_idf=2.0000 (fixed, theoretical_max=2.3026) | theta_tfidf=0.02
2026-05-21 13:14:37,253 [INFO] src.triage.tfidf_filter - [Triage Batch] N=10 | noise=0 | high-risk=4040
2026-05-21 13:14:37,253 [INFO] src.triage.tfidf_filter - [Triage] N=10 | theta_max_idf=2.0000 (fixed, theoretical_max=2.3026) | theta_tfidf=0.02
2026-05-21 13:14:37,253 [INFO] src.triage.tfidf_filter - [Triage Batch] N=10 | noise=0 | high-risk=4050
2026-05-21 13:14:37,253 [INFO] src.triage.tfidf_filter - [Triage] N=10 | theta_max_idf=2.0000 (fixed, theoretical_max=2.3026) | theta_tfidf=0.02
2026-05-21 13:14:37,254 [INFO] src.triage.tfidf_filter - [Triage Batch] N=10 | noise=0 | high-risk=4060
2026-05-21 13:14:37,254 [INFO] src.triage.tfidf_filter - [Triage] N=10 | theta_max_idf=2.0000 (fixed, theoretical_max=2.3026) | theta_tfidf=0.02
2026-05-21 13:14:37,254 [INFO] src.triage.tfidf_filter - [Triage Batch] N=10 | noise=0 | high-risk=4070
2026-05-21 13:14:37,254 [INFO] src.triage.tfidf_filter - [Triage] N=10 | theta_max_idf=2.0000 (fixed, theoretical_max=2.3026) | theta_tfidf=0.02
2026-05-21 13:14:37,255 [INFO] src.triage.tfidf_filter - [Triage Batch] N=10 | noise=0 | high-risk=4080
2026-05-21 13:14:37,255 [INFO] src.triage.tfidf_filter - [Triage] N=10 | theta_max_idf=2.0000 (fixed, theoretical_max=2.3026) | theta_tfidf=0.02
2026-05-21 13:14:37,255 [INFO] src.triage.tfidf_filter - [Triage Batch] N=10 | noise=0 | high-risk=4090
2026-05-21 13:14:37,255 [INFO] src.triage.tfidf_filter - [Triage] N=10 | theta_max_idf=2.0000 (fixed, theoretical_max=2.3026) | theta_tfidf=0.02
2026-05-21 13:14:37,256 [INFO] src.triage.tfidf_filter - [Triage Batch] N=10 | noise=0 | high-risk=4100
2026-05-21 13:14:37,256 [INFO] src.triage.tfidf_filter - [Triage] N=10 | theta_max_idf=2.0000 (fixed, theoretical_max=2.3026) | theta_tfidf=0.02
2026-05-21 13:14:37,256 [INFO] src.triage.tfidf_filter - [Triage Batch] N=10 | noise=0 | high-risk=4110
2026-05-21 13:14:37,256 [INFO] src.triage.tfidf_filter - [Triage] N=10 | theta_max_idf=2.0000 (fixed, theoretical_max=2.3026) | theta_tfidf=0.02
2026-05-21 13:14:37,256 [INFO] src.triage.tfidf_filter - [Triage Batch] N=10 | noise=0 | high-risk=4120
2026-05-21 13:14:37,257 [INFO] src.triage.tfidf_filter - [Triage] N=10 | theta_max_idf=2.0000 (fixed, theoretical_max=2.3026) | theta_tfidf=0.02
2026-05-21 13:14:37,257 [INFO] src.triage.tfidf_filter - [Triage Batch] N=10 | noise=0 | high-risk=4130
2026-05-21 13:14:37,257 [INFO] src.triage.tfidf_filter - [Triage] N=10 | theta_max_idf=2.0000 (fixed, theoretical_max=2.3026) | theta_tfidf=0.02
2026-05-21 13:14:37,257 [INFO] src.triage.tfidf_filter - [Triage Batch] N=10 | noise=0 | high-risk=4140
2026-05-21 13:14:37,257 [INFO] src.triage.tfidf_filter - [Triage] N=10 | theta_max_idf=2.0000 (fixed, theoretical_max=2.3026) | theta_tfidf=0.02
2026-05-21 13:14:37,257 [INFO] src.triage.tfidf_filter - [Triage Batch] N=10 | noise=0 | high-risk=4150
2026-05-21 13:14:37,258 [INFO] src.triage.tfidf_filter - [Triage] N=10 | theta_max_idf=2.0000 (fixed, theoretical_max=2.3026) | theta_tfidf=0.02
2026-05-21 13:14:37,258 [INFO] src.triage.tfidf_filter - [Triage Batch] N=10 | noise=0 | high-risk=4160
2026-05-21 13:14:37,258 [INFO] src.triage.tfidf_filter - [Triage] N=10 | theta_max_idf=2.0000 (fixed, theoretical_max=2.3026) | theta_tfidf=0.02
2026-05-21 13:14:37,258 [INFO] src.triage.tfidf_filter - [Triage Batch] N=10 | noise=0 | high-risk=4170
2026-05-21 13:14:37,259 [INFO] src.triage.tfidf_filter - [Triage] N=10 | theta_max_idf=2.0000 (fixed, theoretical_max=2.3026) | theta_tfidf=0.02
2026-05-21 13:14:37,259 [INFO] src.triage.tfidf_filter - [Triage Batch] N=10 | noise=0 | high-risk=4180
2026-05-21 13:14:37,259 [INFO] src.triage.tfidf_filter - [Triage] N=10 | theta_max_idf=2.0000 (fixed, theoretical_max=2.3026) | theta_tfidf=0.02
2026-05-21 13:14:37,259 [INFO] src.triage.tfidf_filter - [Triage Batch] N=10 | noise=0 | high-risk=4190
2026-05-21 13:14:37,259 [INFO] src.triage.tfidf_filter - [Triage] N=10 | theta_max_idf=2.0000 (fixed, theoretical_max=2.3026) | theta_tfidf=0.02
2026-05-21 13:14:37,260 [INFO] src.triage.tfidf_filter - [Triage Batch] N=10 | noise=0 | high-risk=4200
2026-05-21 13:14:37,260 [INFO] src.triage.tfidf_filter - [Triage] N=10 | theta_max_idf=2.0000 (fixed, theoretical_max=2.3026) | theta_tfidf=0.02
2026-05-21 13:14:37,260 [INFO] src.triage.tfidf_filter - [Triage Batch] N=10 | noise=0 | high-risk=4210
2026-05-21 13:14:37,260 [INFO] src.triage.tfidf_filter - [Triage] N=10 | theta_max_idf=2.0000 (fixed, theoretical_max=2.3026) | theta_tfidf=0.02
2026-05-21 13:14:37,261 [INFO] src.triage.tfidf_filter - [Triage Batch] N=10 | noise=0 | high-risk=4220
2026-05-21 13:14:37,261 [INFO] src.triage.tfidf_filter - [Triage] N=10 | theta_max_idf=2.0000 (fixed, theoretical_max=2.3026) | theta_tfidf=0.02
2026-05-21 13:14:37,261 [INFO] src.triage.tfidf_filter - [Triage Batch] N=10 | noise=0 | high-risk=4230
2026-05-21 13:14:37,261 [INFO] src.triage.tfidf_filter - [Triage] N=10 | theta_max_idf=2.0000 (fixed, theoretical_max=2.3026) | theta_tfidf=0.02
2026-05-21 13:14:37,261 [INFO] src.triage.tfidf_filter - [Triage Batch] N=10 | noise=0 | high-risk=4240
2026-05-21 13:14:37,261 [INFO] src.triage.tfidf_filter - [Triage] N=10 | theta_max_idf=2.0000 (fixed, theoretical_max=2.3026) | theta_tfidf=0.02
2026-05-21 13:14:37,262 [INFO] src.triage.tfidf_filter - [Triage Batch] N=10 | noise=0 | high-risk=4250
2026-05-21 13:14:37,262 [INFO] src.triage.tfidf_filter - [Triage] N=10 | theta_max_idf=2.0000 (fixed, theoretical_max=2.3026) | theta_tfidf=0.02
2026-05-21 13:14:37,262 [INFO] src.triage.tfidf_filter - [Triage Batch] N=10 | noise=0 | high-risk=4260
2026-05-21 13:14:37,262 [INFO] src.triage.tfidf_filter - [Triage] N=10 | theta_max_idf=2.0000 (fixed, theoretical_max=2.3026) | theta_tfidf=0.02
2026-05-21 13:14:37,263 [INFO] src.triage.tfidf_filter - [Triage Batch] N=10 | noise=0 | high-risk=4270
2026-05-21 13:14:37,263 [INFO] src.triage.tfidf_filter - [Triage] N=10 | theta_max_idf=2.0000 (fixed, theoretical_max=2.3026) | theta_tfidf=0.02
2026-05-21 13:14:37,263 [INFO] src.triage.tfidf_filter - [Triage Batch] N=10 | noise=0 | high-risk=4280
2026-05-21 13:14:37,263 [INFO] src.triage.tfidf_filter - [Triage] N=10 | theta_max_idf=2.0000 (fixed, theoretical_max=2.3026) | theta_tfidf=0.02
2026-05-21 13:14:37,263 [INFO] src.triage.tfidf_filter - [Triage Batch] N=10 | noise=0 | high-risk=4290
2026-05-21 13:14:37,263 [INFO] src.triage.tfidf_filter - [Triage] N=10 | theta_max_idf=2.0000 (fixed, theoretical_max=2.3026) | theta_tfidf=0.02
2026-05-21 13:14:37,263 [INFO] src.triage.tfidf_filter - [Triage Batch] N=10 | noise=0 | high-risk=4300
2026-05-21 13:14:37,264 [INFO] src.triage.tfidf_filter - [Triage] N=10 | theta_max_idf=2.0000 (fixed, theoretical_max=2.3026) | theta_tfidf=0.02
2026-05-21 13:14:37,264 [INFO] src.triage.tfidf_filter - [Triage Batch] N=10 | noise=0 | high-risk=4310
2026-05-21 13:14:37,264 [INFO] src.triage.tfidf_filter - [Triage] N=10 | theta_max_idf=2.0000 (fixed, theoretical_max=2.3026) | theta_tfidf=0.02
2026-05-21 13:14:37,264 [INFO] src.triage.tfidf_filter - [Triage Batch] N=10 | noise=0 | high-risk=4320
2026-05-21 13:14:37,265 [INFO] src.triage.tfidf_filter - [Triage] N=10 | theta_max_idf=2.0000 (fixed, theoretical_max=2.3026) | theta_tfidf=0.02
2026-05-21 13:14:37,265 [INFO] src.triage.tfidf_filter - [Triage Batch] N=10 | noise=0 | high-risk=4330
2026-05-21 13:14:37,265 [INFO] src.triage.tfidf_filter - [Triage] N=10 | theta_max_idf=2.0000 (fixed, theoretical_max=2.3026) | theta_tfidf=0.02
2026-05-21 13:14:37,266 [INFO] src.triage.tfidf_filter - [Triage Batch] N=10 | noise=0 | high-risk=4340
2026-05-21 13:14:37,266 [INFO] src.triage.tfidf_filter - [Triage] N=10 | theta_max_idf=2.0000 (fixed, theoretical_max=2.3026) | theta_tfidf=0.02
2026-05-21 13:14:37,266 [INFO] src.triage.tfidf_filter - [Triage Batch] N=10 | noise=0 | high-risk=4350
2026-05-21 13:14:37,266 [INFO] src.triage.tfidf_filter - [Triage] N=10 | theta_max_idf=2.0000 (fixed, theoretical_max=2.3026) | theta_tfidf=0.02
2026-05-21 13:14:37,266 [INFO] src.triage.tfidf_filter - [Triage Batch] N=10 | noise=0 | high-risk=4360
2026-05-21 13:14:37,266 [INFO] src.triage.tfidf_filter - [Triage] N=10 | theta_max_idf=2.0000 (fixed, theoretical_max=2.3026) | theta_tfidf=0.02
2026-05-21 13:14:37,267 [INFO] src.triage.tfidf_filter - [Triage Batch] N=10 | noise=0 | high-risk=4370
2026-05-21 13:14:37,267 [INFO] src.triage.tfidf_filter - [Triage] N=10 | theta_max_idf=2.0000 (fixed, theoretical_max=2.3026) | theta_tfidf=0.02
2026-05-21 13:14:37,267 [INFO] src.triage.tfidf_filter - [Triage Batch] N=10 | noise=0 | high-risk=4380
2026-05-21 13:14:37,267 [INFO] src.triage.tfidf_filter - [Triage] N=10 | theta_max_idf=2.0000 (fixed, theoretical_max=2.3026) | theta_tfidf=0.02
2026-05-21 13:14:37,268 [INFO] src.triage.tfidf_filter - [Triage Batch] N=10 | noise=0 | high-risk=4390
2026-05-21 13:14:37,268 [INFO] src.triage.tfidf_filter - [Triage] N=10 | theta_max_idf=2.0000 (fixed, theoretical_max=2.3026) | theta_tfidf=0.02
2026-05-21 13:14:37,268 [INFO] src.triage.tfidf_filter - [Triage Batch] N=10 | noise=0 | high-risk=4400
2026-05-21 13:14:37,268 [INFO] src.triage.tfidf_filter - [Triage] N=10 | theta_max_idf=2.0000 (fixed, theoretical_max=2.3026) | theta_tfidf=0.02
2026-05-21 13:14:37,269 [INFO] src.triage.tfidf_filter - [Triage Batch] N=10 | noise=0 | high-risk=4410
2026-05-21 13:14:37,269 [INFO] src.triage.tfidf_filter - [Triage] N=10 | theta_max_idf=2.0000 (fixed, theoretical_max=2.3026) | theta_tfidf=0.02
2026-05-21 13:14:37,269 [INFO] src.triage.tfidf_filter - [Triage Batch] N=10 | noise=0 | high-risk=4420
2026-05-21 13:14:37,269 [INFO] src.triage.tfidf_filter - [Triage] N=10 | theta_max_idf=2.0000 (fixed, theoretical_max=2.3026) | theta_tfidf=0.02
2026-05-21 13:14:37,269 [INFO] src.triage.tfidf_filter - [Triage Batch] N=10 | noise=0 | high-risk=4430
2026-05-21 13:14:37,270 [INFO] src.triage.tfidf_filter - [Triage] N=10 | theta_max_idf=2.0000 (fixed, theoretical_max=2.3026) | theta_tfidf=0.02
2026-05-21 13:14:37,270 [INFO] src.triage.tfidf_filter - [Triage Batch] N=10 | noise=0 | high-risk=4440
2026-05-21 13:14:37,270 [INFO] src.triage.tfidf_filter - [Triage] N=10 | theta_max_idf=2.0000 (fixed, theoretical_max=2.3026) | theta_tfidf=0.02
2026-05-21 13:14:37,270 [INFO] src.triage.tfidf_filter - [Triage Batch] N=10 | noise=0 | high-risk=4450
2026-05-21 13:14:37,271 [INFO] src.triage.tfidf_filter - [Triage] N=10 | theta_max_idf=2.0000 (fixed, theoretical_max=2.3026) | theta_tfidf=0.02
2026-05-21 13:14:37,271 [INFO] src.triage.tfidf_filter - [Triage Batch] N=10 | noise=0 | high-risk=4460
2026-05-21 13:14:37,271 [INFO] src.triage.tfidf_filter - [Triage] N=10 | theta_max_idf=2.0000 (fixed, theoretical_max=2.3026) | theta_tfidf=0.02
2026-05-21 13:14:37,271 [INFO] src.triage.tfidf_filter - [Triage Batch] N=10 | noise=0 | high-risk=4470
2026-05-21 13:14:37,271 [INFO] src.triage.tfidf_filter - [Triage] N=10 | theta_max_idf=2.0000 (fixed, theoretical_max=2.3026) | theta_tfidf=0.02
2026-05-21 13:14:37,271 [INFO] src.triage.tfidf_filter - [Triage Batch] N=10 | noise=0 | high-risk=4480
2026-05-21 13:14:37,272 [INFO] src.triage.tfidf_filter - [Triage] N=10 | theta_max_idf=2.0000 (fixed, theoretical_max=2.3026) | theta_tfidf=0.02
2026-05-21 13:14:37,272 [INFO] src.triage.tfidf_filter - [Triage Batch] N=10 | noise=0 | high-risk=4490
2026-05-21 13:14:37,272 [INFO] src.triage.tfidf_filter - [Triage] N=10 | theta_max_idf=2.0000 (fixed, theoretical_max=2.3026) | theta_tfidf=0.02
2026-05-21 13:14:37,272 [INFO] src.triage.tfidf_filter - [Triage Batch] N=10 | noise=0 | high-risk=4500
2026-05-21 13:14:37,273 [INFO] src.triage.tfidf_filter - [Triage] N=10 | theta_max_idf=2.0000 (fixed, theoretical_max=2.3026) | theta_tfidf=0.02
2026-05-21 13:14:37,273 [INFO] src.triage.tfidf_filter - [Triage Batch] N=10 | noise=0 | high-risk=4510
2026-05-21 13:14:37,273 [INFO] src.triage.tfidf_filter - [Triage] N=10 | theta_max_idf=2.0000 (fixed, theoretical_max=2.3026) | theta_tfidf=0.02
2026-05-21 13:14:37,273 [INFO] src.triage.tfidf_filter - [Triage Batch] N=10 | noise=0 | high-risk=4520
2026-05-21 13:14:37,273 [INFO] src.triage.tfidf_filter - [Triage] N=10 | theta_max_idf=2.0000 (fixed, theoretical_max=2.3026) | theta_tfidf=0.02
2026-05-21 13:14:37,273 [INFO] src.triage.tfidf_filter - [Triage Batch] N=10 | noise=0 | high-risk=4530
2026-05-21 13:14:37,273 [INFO] src.triage.tfidf_filter - [Triage] N=10 | theta_max_idf=2.0000 (fixed, theoretical_max=2.3026) | theta_tfidf=0.02
2026-05-21 13:14:37,274 [INFO] src.triage.tfidf_filter - [Triage Batch] N=10 | noise=0 | high-risk=4540
2026-05-21 13:14:37,274 [INFO] src.triage.tfidf_filter - [Triage] N=10 | theta_max_idf=2.0000 (fixed, theoretical_max=2.3026) | theta_tfidf=0.02
2026-05-21 13:14:37,274 [INFO] src.triage.tfidf_filter - [Triage Batch] N=10 | noise=0 | high-risk=4550
2026-05-21 13:14:37,275 [INFO] src.triage.tfidf_filter - [Triage] N=10 | theta_max_idf=2.0000 (fixed, theoretical_max=2.3026) | theta_tfidf=0.02
2026-05-21 13:14:37,275 [INFO] src.triage.tfidf_filter - [Triage Batch] N=10 | noise=0 | high-risk=4560
2026-05-21 13:14:37,275 [INFO] src.triage.tfidf_filter - [Triage] N=10 | theta_max_idf=2.0000 (fixed, theoretical_max=2.3026) | theta_tfidf=0.02
2026-05-21 13:14:37,275 [INFO] src.triage.tfidf_filter - [Triage Batch] N=10 | noise=0 | high-risk=4570
2026-05-21 13:14:37,275 [INFO] src.triage.tfidf_filter - [Triage] N=10 | theta_max_idf=2.0000 (fixed, theoretical_max=2.3026) | theta_tfidf=0.02
2026-05-21 13:14:37,275 [INFO] src.triage.tfidf_filter - [Triage Batch] N=10 | noise=0 | high-risk=4580
2026-05-21 13:14:37,276 [INFO] src.triage.tfidf_filter - [Triage] N=10 | theta_max_idf=2.0000 (fixed, theoretical_max=2.3026) | theta_tfidf=0.02
2026-05-21 13:14:37,276 [INFO] src.triage.tfidf_filter - [Triage Batch] N=10 | noise=0 | high-risk=4590
2026-05-21 13:14:37,276 [INFO] src.triage.tfidf_filter - [Triage] N=10 | theta_max_idf=2.0000 (fixed, theoretical_max=2.3026) | theta_tfidf=0.02
2026-05-21 13:14:37,276 [INFO] src.triage.tfidf_filter - [Triage Batch] N=10 | noise=0 | high-risk=4600
2026-05-21 13:14:37,277 [INFO] src.triage.tfidf_filter - [Triage] N=10 | theta_max_idf=2.0000 (fixed, theoretical_max=2.3026) | theta_tfidf=0.02
2026-05-21 13:14:37,277 [INFO] src.triage.tfidf_filter - [Triage Batch] N=10 | noise=0 | high-risk=4610
2026-05-21 13:14:37,277 [INFO] src.triage.tfidf_filter - [Triage] N=10 | theta_max_idf=2.0000 (fixed, theoretical_max=2.3026) | theta_tfidf=0.02
2026-05-21 13:14:37,277 [INFO] src.triage.tfidf_filter - [Triage Batch] N=10 | noise=0 | high-risk=4620
2026-05-21 13:14:37,277 [INFO] src.triage.tfidf_filter - [Triage] N=10 | theta_max_idf=2.0000 (fixed, theoretical_max=2.3026) | theta_tfidf=0.02
2026-05-21 13:14:37,277 [INFO] src.triage.tfidf_filter - [Triage Batch] N=10 | noise=0 | high-risk=4630
2026-05-21 13:14:37,277 [INFO] src.triage.tfidf_filter - [Triage] N=10 | theta_max_idf=2.0000 (fixed, theoretical_max=2.3026) | theta_tfidf=0.02
2026-05-21 13:14:37,278 [INFO] src.triage.tfidf_filter - [Triage Batch] N=10 | noise=0 | high-risk=4640
2026-05-21 13:14:37,278 [INFO] src.triage.tfidf_filter - [Triage] N=10 | theta_max_idf=2.0000 (fixed, theoretical_max=2.3026) | theta_tfidf=0.02
2026-05-21 13:14:37,278 [INFO] src.triage.tfidf_filter - [Triage Batch] N=10 | noise=0 | high-risk=4650
2026-05-21 13:14:37,279 [INFO] src.triage.tfidf_filter - [Triage] N=10 | theta_max_idf=2.0000 (fixed, theoretical_max=2.3026) | theta_tfidf=0.02
2026-05-21 13:14:37,279 [INFO] src.triage.tfidf_filter - [Triage Batch] N=10 | noise=0 | high-risk=4660
2026-05-21 13:14:37,279 [INFO] src.triage.tfidf_filter - [Triage] N=10 | theta_max_idf=2.0000 (fixed, theoretical_max=2.3026) | theta_tfidf=0.02
2026-05-21 13:14:37,280 [INFO] src.triage.tfidf_filter - [Triage Batch] N=10 | noise=0 | high-risk=4670
2026-05-21 13:14:37,280 [INFO] src.triage.tfidf_filter - [Triage] N=10 | theta_max_idf=2.0000 (fixed, theoretical_max=2.3026) | theta_tfidf=0.02
2026-05-21 13:14:37,280 [INFO] src.triage.tfidf_filter - [Triage Batch] N=10 | noise=0 | high-risk=4680
2026-05-21 13:14:37,280 [INFO] src.triage.tfidf_filter - [Triage] N=10 | theta_max_idf=2.0000 (fixed, theoretical_max=2.3026) | theta_tfidf=0.02
2026-05-21 13:14:37,280 [INFO] src.triage.tfidf_filter - [Triage Batch] N=10 | noise=0 | high-risk=4690
2026-05-21 13:14:37,280 [INFO] src.triage.tfidf_filter - [Triage] N=10 | theta_max_idf=2.0000 (fixed, theoretical_max=2.3026) | theta_tfidf=0.02
2026-05-21 13:14:37,280 [INFO] src.triage.tfidf_filter - [Triage Batch] N=10 | noise=0 | high-risk=4700
2026-05-21 13:14:37,280 [INFO] src.triage.tfidf_filter - [Triage] N=10 | theta_max_idf=2.0000 (fixed, theoretical_max=2.3026) | theta_tfidf=0.02
2026-05-21 13:14:37,281 [INFO] src.triage.tfidf_filter - [Triage Batch] N=10 | noise=0 | high-risk=4710
2026-05-21 13:14:37,281 [INFO] src.triage.tfidf_filter - [Triage] N=10 | theta_max_idf=2.0000 (fixed, theoretical_max=2.3026) | theta_tfidf=0.02
2026-05-21 13:14:37,281 [INFO] src.triage.tfidf_filter - [Triage Batch] N=10 | noise=0 | high-risk=4720
2026-05-21 13:14:37,281 [INFO] src.triage.tfidf_filter - [Triage] N=10 | theta_max_idf=2.0000 (fixed, theoretical_max=2.3026) | theta_tfidf=0.02
2026-05-21 13:14:37,282 [INFO] src.triage.tfidf_filter - [Triage Batch] N=10 | noise=0 | high-risk=4730
2026-05-21 13:14:37,282 [INFO] src.triage.tfidf_filter - [Triage] N=10 | theta_max_idf=2.0000 (fixed, theoretical_max=2.3026) | theta_tfidf=0.02
2026-05-21 13:14:37,283 [INFO] src.triage.tfidf_filter - [Triage Batch] N=10 | noise=0 | high-risk=4740
2026-05-21 13:14:37,283 [INFO] src.triage.tfidf_filter - [Triage] N=10 | theta_max_idf=2.0000 (fixed, theoretical_max=2.3026) | theta_tfidf=0.02
2026-05-21 13:14:37,283 [INFO] src.triage.tfidf_filter - [Triage Batch] N=10 | noise=0 | high-risk=4750
2026-05-21 13:14:37,283 [INFO] src.triage.tfidf_filter - [Triage] N=10 | theta_max_idf=2.0000 (fixed, theoretical_max=2.3026) | theta_tfidf=0.02
2026-05-21 13:14:37,283 [INFO] src.triage.tfidf_filter - [Triage Batch] N=10 | noise=0 | high-risk=4760
2026-05-21 13:14:37,283 [INFO] src.triage.tfidf_filter - [Triage] N=10 | theta_max_idf=2.0000 (fixed, theoretical_max=2.3026) | theta_tfidf=0.02
2026-05-21 13:14:37,283 [INFO] src.triage.tfidf_filter - [Triage Batch] N=10 | noise=0 | high-risk=4770
2026-05-21 13:14:37,284 [INFO] src.triage.tfidf_filter - [Triage] N=10 | theta_max_idf=2.0000 (fixed, theoretical_max=2.3026) | theta_tfidf=0.02
2026-05-21 13:14:37,284 [INFO] src.triage.tfidf_filter - [Triage Batch] N=10 | noise=0 | high-risk=4780
2026-05-21 13:14:37,284 [INFO] src.triage.tfidf_filter - [Triage] N=10 | theta_max_idf=2.0000 (fixed, theoretical_max=2.3026) | theta_tfidf=0.02
2026-05-21 13:14:37,284 [INFO] src.triage.tfidf_filter - [Triage Batch] N=10 | noise=0 | high-risk=4790
2026-05-21 13:14:37,284 [INFO] src.triage.tfidf_filter - [Triage] N=10 | theta_max_idf=2.0000 (fixed, theoretical_max=2.3026) | theta_tfidf=0.02
2026-05-21 13:14:37,284 [INFO] src.triage.tfidf_filter - [Triage Batch] N=10 | noise=0 | high-risk=4800
2026-05-21 13:14:37,285 [INFO] src.triage.tfidf_filter - [Triage] N=10 | theta_max_idf=2.0000 (fixed, theoretical_max=2.3026) | theta_tfidf=0.02
2026-05-21 13:14:37,285 [INFO] src.triage.tfidf_filter - [Triage Batch] N=10 | noise=0 | high-risk=4810
2026-05-21 13:14:37,285 [INFO] src.triage.tfidf_filter - [Triage] N=10 | theta_max_idf=2.0000 (fixed, theoretical_max=2.3026) | theta_tfidf=0.02
2026-05-21 13:14:37,286 [INFO] src.triage.tfidf_filter - [Triage Batch] N=10 | noise=0 | high-risk=4820
2026-05-21 13:14:37,286 [INFO] src.triage.tfidf_filter - [Triage] N=10 | theta_max_idf=2.0000 (fixed, theoretical_max=2.3026) | theta_tfidf=0.02
2026-05-21 13:14:37,286 [INFO] src.triage.tfidf_filter - [Triage Batch] N=10 | noise=0 | high-risk=4830
2026-05-21 13:14:37,287 [INFO] src.triage.tfidf_filter - [Triage] N=10 | theta_max_idf=2.0000 (fixed, theoretical_max=2.3026) | theta_tfidf=0.02
2026-05-21 13:14:37,287 [INFO] src.triage.tfidf_filter - [Triage Batch] N=10 | noise=0 | high-risk=4840
2026-05-21 13:14:37,287 [INFO] src.triage.tfidf_filter - [Triage] N=10 | theta_max_idf=2.0000 (fixed, theoretical_max=2.3026) | theta_tfidf=0.02
2026-05-21 13:14:37,287 [INFO] src.triage.tfidf_filter - [Triage Batch] N=10 | noise=0 | high-risk=4850
2026-05-21 13:14:37,287 [INFO] src.triage.tfidf_filter - [Triage] N=10 | theta_max_idf=2.0000 (fixed, theoretical_max=2.3026) | theta_tfidf=0.02
2026-05-21 13:14:37,287 [INFO] src.triage.tfidf_filter - [Triage Batch] N=10 | noise=0 | high-risk=4860
2026-05-21 13:14:37,287 [INFO] src.triage.tfidf_filter - [Triage] N=10 | theta_max_idf=2.0000 (fixed, theoretical_max=2.3026) | theta_tfidf=0.02
2026-05-21 13:14:37,288 [INFO] src.triage.tfidf_filter - [Triage Batch] N=10 | noise=0 | high-risk=4870
2026-05-21 13:14:37,288 [INFO] src.triage.tfidf_filter - [Triage] N=10 | theta_max_idf=2.0000 (fixed, theoretical_max=2.3026) | theta_tfidf=0.02
2026-05-21 13:14:37,288 [INFO] src.triage.tfidf_filter - [Triage Batch] N=10 | noise=0 | high-risk=4880
2026-05-21 13:14:37,289 [INFO] src.triage.tfidf_filter - [Triage] N=10 | theta_max_idf=2.0000 (fixed, theoretical_max=2.3026) | theta_tfidf=0.02
2026-05-21 13:14:37,289 [INFO] src.triage.tfidf_filter - [Triage Batch] N=10 | noise=0 | high-risk=4890
2026-05-21 13:14:37,289 [INFO] src.triage.tfidf_filter - [Triage] N=10 | theta_max_idf=2.0000 (fixed, theoretical_max=2.3026) | theta_tfidf=0.02
2026-05-21 13:14:37,289 [INFO] src.triage.tfidf_filter - [Triage Batch] N=10 | noise=0 | high-risk=4900
2026-05-21 13:14:37,289 [INFO] src.triage.tfidf_filter - [Triage] N=10 | theta_max_idf=2.0000 (fixed, theoretical_max=2.3026) | theta_tfidf=0.02
2026-05-21 13:14:37,290 [INFO] src.triage.tfidf_filter - [Triage Batch] N=10 | noise=0 | high-risk=4910
2026-05-21 13:14:37,290 [INFO] src.triage.tfidf_filter - [Triage] N=10 | theta_max_idf=2.0000 (fixed, theoretical_max=2.3026) | theta_tfidf=0.02
2026-05-21 13:14:37,291 [INFO] src.triage.tfidf_filter - [Triage Batch] N=10 | noise=0 | high-risk=4920
2026-05-21 13:14:37,291 [INFO] src.triage.tfidf_filter - [Triage] N=10 | theta_max_idf=2.0000 (fixed, theoretical_max=2.3026) | theta_tfidf=0.02
2026-05-21 13:14:37,291 [INFO] src.triage.tfidf_filter - [Triage Batch] N=10 | noise=0 | high-risk=4930
2026-05-21 13:14:37,291 [INFO] src.triage.tfidf_filter - [Triage] N=10 | theta_max_idf=2.0000 (fixed, theoretical_max=2.3026) | theta_tfidf=0.02
2026-05-21 13:14:37,291 [INFO] src.triage.tfidf_filter - [Triage Batch] N=10 | noise=0 | high-risk=4940
2026-05-21 13:14:37,291 [INFO] src.triage.tfidf_filter - [Triage] N=10 | theta_max_idf=2.0000 (fixed, theoretical_max=2.3026) | theta_tfidf=0.02
2026-05-21 13:14:37,291 [INFO] src.triage.tfidf_filter - [Triage Batch] N=10 | noise=0 | high-risk=4950
2026-05-21 13:14:37,292 [INFO] src.triage.tfidf_filter - [Triage] N=10 | theta_max_idf=2.0000 (fixed, theoretical_max=2.3026) | theta_tfidf=0.02
2026-05-21 13:14:37,292 [INFO] src.triage.tfidf_filter - [Triage Batch] N=10 | noise=0 | high-risk=4960
2026-05-21 13:14:37,293 [INFO] src.triage.tfidf_filter - [Triage] N=10 | theta_max_idf=2.0000 (fixed, theoretical_max=2.3026) | theta_tfidf=0.02
2026-05-21 13:14:37,293 [INFO] src.triage.tfidf_filter - [Triage Batch] N=10 | noise=0 | high-risk=4970
2026-05-21 13:14:37,293 [INFO] src.triage.tfidf_filter - [Triage] N=10 | theta_max_idf=2.0000 (fixed, theoretical_max=2.3026) | theta_tfidf=0.02
2026-05-21 13:14:37,294 [INFO] src.triage.tfidf_filter - [Triage Batch] N=10 | noise=0 | high-risk=4980
2026-05-21 13:14:37,294 [INFO] src.triage.tfidf_filter - [Triage] N=10 | theta_max_idf=2.0000 (fixed, theoretical_max=2.3026) | theta_tfidf=0.02
2026-05-21 13:14:37,294 [INFO] src.triage.tfidf_filter - [Triage Batch] N=10 | noise=0 | high-risk=4990
2026-05-21 13:14:37,294 [INFO] src.triage.tfidf_filter - [Triage] N=10 | theta_max_idf=2.0000 (fixed, theoretical_max=2.3026) | theta_tfidf=0.02
2026-05-21 13:14:37,294 [INFO] src.triage.tfidf_filter - [Triage Batch] N=10 | noise=0 | high-risk=5000
2026-05-21 13:14:37,294 [INFO] MainPipeline - 
================================================================
2026-05-21 13:14:37,294 [INFO] MainPipeline -   RANKING METRICS -- DIM vs MajorityVote Baseline
2026-05-21 13:14:37,295 [INFO] MainPipeline -   Dataset : Splunk BOTS v3 (annotated synthetic sequences)
2026-05-21 13:14:37,295 [INFO] MainPipeline -   N_test  : 2000 queries | Candidates: 21 playbooks
2026-05-21 13:14:37,295 [INFO] MainPipeline -   ------------------------------------------------------------
2026-05-21 13:14:37,295 [INFO] MainPipeline -     K |     Metric |  MajorityVote |      DIM |     Gain
2026-05-21 13:14:37,296 [INFO] MainPipeline -   ------------------------------------------------------------
2026-05-21 13:14:37,296 [INFO] MainPipeline -     1 |  hit_ratio |        0.7510 |   0.5715 |  -0.1795
2026-05-21 13:14:37,296 [INFO] MainPipeline -     1 |       ndcg |        0.7510 |   0.5715 |  -0.1795
2026-05-21 13:14:37,296 [INFO] MainPipeline -     3 |  hit_ratio |        0.9910 |   0.7590 |  -0.2320
2026-05-21 13:14:37,296 [INFO] MainPipeline -     3 |       ndcg |        0.9010 |   0.6803 |  -0.2207
2026-05-21 13:14:37,296 [INFO] MainPipeline -     5 |  hit_ratio |        0.9980 |   0.8575 |  -0.1405
2026-05-21 13:14:37,296 [INFO] MainPipeline -     5 |       ndcg |        0.9039 |   0.7206 |  -0.1833
2026-05-21 13:14:37,297 [INFO] MainPipeline -    10 |  hit_ratio |        1.0000 |   0.9330 |  -0.0670
2026-05-21 13:14:37,297 [INFO] MainPipeline -    10 |       ndcg |        0.9046 |   0.7454 |  -0.1593
2026-05-21 13:14:37,297 [INFO] MainPipeline -   ------------------------------------------------------------
2026-05-21 13:14:37,297 [INFO] MainPipeline -   MAP@1 : Baseline=0.7510 | DIM=0.5715 | Gain=-0.1795
2026-05-21 13:14:37,297 [INFO] MainPipeline -   MAP@3 : Baseline=0.8692 | DIM=0.6532 | Gain=-0.2161
2026-05-21 13:14:37,297 [INFO] MainPipeline -   MAP@5 : Baseline=0.8708 | DIM=0.6754 | Gain=-0.1954
2026-05-21 13:14:37,298 [INFO] MainPipeline -   MAP@10: Baseline=0.8712 | DIM=0.6858 | Gain=-0.1854
2026-05-21 13:14:37,298 [INFO] MainPipeline -   ============================================================
2026-05-21 13:14:37,298 [INFO] MainPipeline - 
  SOC OPERATIONAL METRICS (real pipeline execution times)
2026-05-21 13:14:37,298 [INFO] MainPipeline -   ------------------------------------------------------------
2026-05-21 13:14:37,298 [INFO] MainPipeline -   MTTD -- TF-IDF Filter Latency (N=500 alerts):
2026-05-21 13:14:37,299 [INFO] MainPipeline -     Mean : 0.483 ms | Std: 0.427 ms
2026-05-21 13:14:37,299 [INFO] MainPipeline -     Min  : 0.000 ms | Max: 5.697 ms
2026-05-21 13:14:37,299 [INFO] MainPipeline -   MTTR -- DIM Inference Latency (N=2000 sequences):
2026-05-21 13:14:37,301 [INFO] MainPipeline -     Mean : 9.489 ms | Std: 2.328 ms
2026-05-21 13:14:37,301 [INFO] MainPipeline -     Min  : 5.369 ms | Max: 23.629 ms
2026-05-21 13:14:37,301 [INFO] MainPipeline -   Analyst Workload Reduction:
2026-05-21 13:14:37,301 [INFO] MainPipeline -     Automated: 6/7 steps = 85.7%
2026-05-21 13:14:37,302 [INFO] MainPipeline -     Remaining: 1 HITL approval step (by design)
2026-05-21 13:14:37,302 [INFO] MainPipeline -   ------------------------------------------------------------
2026-05-21 13:14:37,302 [INFO] MainPipeline -   Note: MTTD/MTTR are computational latency measurements.
2026-05-21 13:14:37,302 [INFO] MainPipeline -   Production deployment times include SIEM I/O and network latency.
2026-05-21 13:14:37,302 [INFO] MainPipeline -   ============================================================
2026-05-21 13:14:37,302 [INFO] MainPipeline - 
  UNSW-NB15 / CICIDS2017 Classification Metrics:
2026-05-21 13:14:37,302 [INFO] MainPipeline -   Run: py -3.11 test_modules.py  for full classification results
2026-05-21 13:14:37,303 [INFO] MainPipeline - 
================================================================
2026-05-21 13:14:37,303 [INFO] MainPipeline -   Evaluation complete. Details saved to logs/pipeline.log
2026-05-21 13:14:37,303 [INFO] MainPipeline - ================================================================

2026-05-21 13:14:37,303 [INFO] MainPipeline - 
  PER-CATEGORY ANALYSIS -- DIM vs MajorityVote
2026-05-21 13:14:37,304 [INFO] MainPipeline -   --------------------------------------------------------------
2026-05-21 13:14:37,304 [INFO] MainPipeline -   Category               |     N |  DIM NDCG@5 | Base NDCG@5 |      Gap
2026-05-21 13:14:37,304 [INFO] MainPipeline -   --------------------------------------------------------------
2026-05-21 13:14:37,364 [INFO] MainPipeline -   Standard (Type 1)      |  2000 |      0.7206 |      0.9039 |  -0.1833
2026-05-21 13:14:37,365 [INFO] MainPipeline -   --------------------------------------------------------------
2026-05-21 13:14:37,365 [INFO] MainPipeline -   ==============================================================
2026-05-21 13:15:55,821 [INFO] MainPipeline - 
================================================================
2026-05-21 13:15:55,822 [INFO] MainPipeline -   FULL EVALUATION -- Best Checkpoint
2026-05-21 13:15:55,822 [INFO] MainPipeline - ================================================================
2026-05-21 13:15:55,843 [INFO] src.models.dim - DIM initialized | params=463,425
2026-05-21 13:15:55,847 [INFO] MainPipeline -   Checkpoint  : epoch=35, NDCG@5=0.7206
2026-05-21 13:15:55,847 [INFO] MainPipeline -   Architecture: max_seq_len=20, embed_dim=64, params=463,425
2026-05-21 13:15:55,848 [INFO] MainPipeline -   Loading Splunk BOTS test set ...
2026-05-21 13:15:55,848 [INFO] src.data.dataset_loader - ============================================================
2026-05-21 13:15:55,848 [INFO] src.data.dataset_loader -   Splunk BOTS v3 -" Sequence Generation for DIM Training
2026-05-21 13:15:55,848 [INFO] src.data.dataset_loader - ============================================================
2026-05-21 13:15:55,848 [INFO] src.data.dataset_loader -   NOTE: DIM dilatih dari SYNTHETIC SEQUENCES yang diturunkan
2026-05-21 13:15:55,849 [INFO] src.data.dataset_loader -   dari distribusi eventcode Splunk BOTS v3, bukan raw log.
2026-05-21 13:15:55,849 [INFO] src.data.dataset_loader -   Eventcode dianotasi sistematis ke kelas playbook respons.
2026-05-21 13:15:55,849 [INFO] src.data.dataset_loader -   Gunakan loader.describe() untuk detail provenance lengkap.
2026-05-21 13:15:55,849 [INFO] src.data.dataset_loader - ------------------------------------------------------------
2026-05-21 13:15:55,855 [INFO] src.data.dataset_loader - Eventcode distribution loaded from BOTS: 10 unique event codes
2026-05-21 13:15:55,855 [INFO] src.data.dataset_loader -   Eventcode distribution source : bots_eventcode_csv (10 unique codes)
  Sequences to generate         : 10000
  Sequence length (max)         : 20
  Mapped playbook classes       : 7
2026-05-21 13:15:55,855 [INFO] src.data.dataset_loader - ============================================================
2026-05-21 13:15:56,495 [INFO] src.data.dataset_loader -   Sequences generated: 10000 (train=8000, test=2000)
2026-05-21 13:15:56,576 [INFO] MainPipeline -   Test set: 2000 sequences | 21 playbook candidates
2026-05-21 13:16:07,472 [INFO] src.triage.tfidf_filter - [Triage] N=10 | theta_max_idf=2.0000 (fixed, theoretical_max=2.3026) | theta_tfidf=0.02
2026-05-21 13:16:07,472 [INFO] src.triage.tfidf_filter - [Triage Batch] N=10 | noise=0 | high-risk=10
2026-05-21 13:16:07,472 [INFO] src.triage.tfidf_filter - [Triage] N=10 | theta_max_idf=2.0000 (fixed, theoretical_max=2.3026) | theta_tfidf=0.02
2026-05-21 13:16:07,473 [INFO] src.triage.tfidf_filter - [Triage Batch] N=10 | noise=0 | high-risk=20
2026-05-21 13:16:07,473 [INFO] src.triage.tfidf_filter - [Triage] N=10 | theta_max_idf=2.0000 (fixed, theoretical_max=2.3026) | theta_tfidf=0.02
2026-05-21 13:16:07,473 [INFO] src.triage.tfidf_filter - [Triage Batch] N=10 | noise=0 | high-risk=30
2026-05-21 13:16:07,473 [INFO] src.triage.tfidf_filter - [Triage] N=10 | theta_max_idf=2.0000 (fixed, theoretical_max=2.3026) | theta_tfidf=0.02
2026-05-21 13:16:07,473 [INFO] src.triage.tfidf_filter - [Triage Batch] N=10 | noise=0 | high-risk=40
2026-05-21 13:16:07,473 [INFO] src.triage.tfidf_filter - [Triage] N=10 | theta_max_idf=2.0000 (fixed, theoretical_max=2.3026) | theta_tfidf=0.02
2026-05-21 13:16:07,473 [INFO] src.triage.tfidf_filter - [Triage Batch] N=10 | noise=0 | high-risk=50
2026-05-21 13:16:07,473 [INFO] src.triage.tfidf_filter - [Triage] N=10 | theta_max_idf=2.0000 (fixed, theoretical_max=2.3026) | theta_tfidf=0.02
2026-05-21 13:16:07,473 [INFO] src.triage.tfidf_filter - [Triage Batch] N=10 | noise=0 | high-risk=60
2026-05-21 13:16:07,473 [INFO] src.triage.tfidf_filter - [Triage] N=10 | theta_max_idf=2.0000 (fixed, theoretical_max=2.3026) | theta_tfidf=0.02
2026-05-21 13:16:07,473 [INFO] src.triage.tfidf_filter - [Triage Batch] N=10 | noise=0 | high-risk=70
2026-05-21 13:16:07,473 [INFO] src.triage.tfidf_filter - [Triage] N=10 | theta_max_idf=2.0000 (fixed, theoretical_max=2.3026) | theta_tfidf=0.02
2026-05-21 13:16:07,473 [INFO] src.triage.tfidf_filter - [Triage Batch] N=10 | noise=0 | high-risk=80
2026-05-21 13:16:07,474 [INFO] src.triage.tfidf_filter - [Triage] N=10 | theta_max_idf=2.0000 (fixed, theoretical_max=2.3026) | theta_tfidf=0.02
2026-05-21 13:16:07,474 [INFO] src.triage.tfidf_filter - [Triage Batch] N=10 | noise=0 | high-risk=90
2026-05-21 13:16:07,474 [INFO] src.triage.tfidf_filter - [Triage] N=10 | theta_max_idf=2.0000 (fixed, theoretical_max=2.3026) | theta_tfidf=0.02
2026-05-21 13:16:07,474 [INFO] src.triage.tfidf_filter - [Triage Batch] N=10 | noise=0 | high-risk=100
2026-05-21 13:16:07,474 [INFO] src.triage.tfidf_filter - [Triage] N=10 | theta_max_idf=2.0000 (fixed, theoretical_max=2.3026) | theta_tfidf=0.02
2026-05-21 13:16:07,474 [INFO] src.triage.tfidf_filter - [Triage Batch] N=10 | noise=0 | high-risk=110
2026-05-21 13:16:07,474 [INFO] src.triage.tfidf_filter - [Triage] N=10 | theta_max_idf=2.0000 (fixed, theoretical_max=2.3026) | theta_tfidf=0.02
2026-05-21 13:16:07,474 [INFO] src.triage.tfidf_filter - [Triage Batch] N=10 | noise=0 | high-risk=120
2026-05-21 13:16:07,474 [INFO] src.triage.tfidf_filter - [Triage] N=10 | theta_max_idf=2.0000 (fixed, theoretical_max=2.3026) | theta_tfidf=0.02
2026-05-21 13:16:07,474 [INFO] src.triage.tfidf_filter - [Triage Batch] N=10 | noise=0 | high-risk=130
2026-05-21 13:16:07,474 [INFO] src.triage.tfidf_filter - [Triage] N=10 | theta_max_idf=2.0000 (fixed, theoretical_max=2.3026) | theta_tfidf=0.02
2026-05-21 13:16:07,474 [INFO] src.triage.tfidf_filter - [Triage Batch] N=10 | noise=0 | high-risk=140
2026-05-21 13:16:07,475 [INFO] src.triage.tfidf_filter - [Triage] N=10 | theta_max_idf=2.0000 (fixed, theoretical_max=2.3026) | theta_tfidf=0.02
2026-05-21 13:16:07,475 [INFO] src.triage.tfidf_filter - [Triage Batch] N=10 | noise=0 | high-risk=150
2026-05-21 13:16:07,475 [INFO] src.triage.tfidf_filter - [Triage] N=10 | theta_max_idf=2.0000 (fixed, theoretical_max=2.3026) | theta_tfidf=0.02
2026-05-21 13:16:07,475 [INFO] src.triage.tfidf_filter - [Triage Batch] N=10 | noise=0 | high-risk=160
2026-05-21 13:16:07,475 [INFO] src.triage.tfidf_filter - [Triage] N=10 | theta_max_idf=2.0000 (fixed, theoretical_max=2.3026) | theta_tfidf=0.02
2026-05-21 13:16:07,475 [INFO] src.triage.tfidf_filter - [Triage Batch] N=10 | noise=0 | high-risk=170
2026-05-21 13:16:07,475 [INFO] src.triage.tfidf_filter - [Triage] N=10 | theta_max_idf=2.0000 (fixed, theoretical_max=2.3026) | theta_tfidf=0.02
2026-05-21 13:16:07,475 [INFO] src.triage.tfidf_filter - [Triage Batch] N=10 | noise=0 | high-risk=180
2026-05-21 13:16:07,475 [INFO] src.triage.tfidf_filter - [Triage] N=10 | theta_max_idf=2.0000 (fixed, theoretical_max=2.3026) | theta_tfidf=0.02
2026-05-21 13:16:07,475 [INFO] src.triage.tfidf_filter - [Triage Batch] N=10 | noise=0 | high-risk=190
2026-05-21 13:16:07,475 [INFO] src.triage.tfidf_filter - [Triage] N=10 | theta_max_idf=2.0000 (fixed, theoretical_max=2.3026) | theta_tfidf=0.02
2026-05-21 13:16:07,475 [INFO] src.triage.tfidf_filter - [Triage Batch] N=10 | noise=0 | high-risk=200
2026-05-21 13:16:07,475 [INFO] src.triage.tfidf_filter - [Triage] N=10 | theta_max_idf=2.0000 (fixed, theoretical_max=2.3026) | theta_tfidf=0.02
2026-05-21 13:16:07,476 [INFO] src.triage.tfidf_filter - [Triage Batch] N=10 | noise=0 | high-risk=210
2026-05-21 13:16:07,476 [INFO] src.triage.tfidf_filter - [Triage] N=10 | theta_max_idf=2.0000 (fixed, theoretical_max=2.3026) | theta_tfidf=0.02
2026-05-21 13:16:07,476 [INFO] src.triage.tfidf_filter - [Triage Batch] N=10 | noise=0 | high-risk=220
2026-05-21 13:16:07,476 [INFO] src.triage.tfidf_filter - [Triage] N=10 | theta_max_idf=2.0000 (fixed, theoretical_max=2.3026) | theta_tfidf=0.02
2026-05-21 13:16:07,476 [INFO] src.triage.tfidf_filter - [Triage Batch] N=10 | noise=0 | high-risk=230
2026-05-21 13:16:07,476 [INFO] src.triage.tfidf_filter - [Triage] N=10 | theta_max_idf=2.0000 (fixed, theoretical_max=2.3026) | theta_tfidf=0.02
2026-05-21 13:16:07,476 [INFO] src.triage.tfidf_filter - [Triage Batch] N=10 | noise=0 | high-risk=240
2026-05-21 13:16:07,476 [INFO] src.triage.tfidf_filter - [Triage] N=10 | theta_max_idf=2.0000 (fixed, theoretical_max=2.3026) | theta_tfidf=0.02
2026-05-21 13:16:07,476 [INFO] src.triage.tfidf_filter - [Triage Batch] N=10 | noise=0 | high-risk=250
2026-05-21 13:16:07,476 [INFO] src.triage.tfidf_filter - [Triage] N=10 | theta_max_idf=2.0000 (fixed, theoretical_max=2.3026) | theta_tfidf=0.02
2026-05-21 13:16:07,476 [INFO] src.triage.tfidf_filter - [Triage Batch] N=10 | noise=0 | high-risk=260
2026-05-21 13:16:07,476 [INFO] src.triage.tfidf_filter - [Triage] N=10 | theta_max_idf=2.0000 (fixed, theoretical_max=2.3026) | theta_tfidf=0.02
2026-05-21 13:16:07,476 [INFO] src.triage.tfidf_filter - [Triage Batch] N=10 | noise=0 | high-risk=270
2026-05-21 13:16:07,477 [INFO] src.triage.tfidf_filter - [Triage] N=10 | theta_max_idf=2.0000 (fixed, theoretical_max=2.3026) | theta_tfidf=0.02
2026-05-21 13:16:07,477 [INFO] src.triage.tfidf_filter - [Triage Batch] N=10 | noise=0 | high-risk=280
2026-05-21 13:16:07,477 [INFO] src.triage.tfidf_filter - [Triage] N=10 | theta_max_idf=2.0000 (fixed, theoretical_max=2.3026) | theta_tfidf=0.02
2026-05-21 13:16:07,477 [INFO] src.triage.tfidf_filter - [Triage Batch] N=10 | noise=0 | high-risk=290
2026-05-21 13:16:07,477 [INFO] src.triage.tfidf_filter - [Triage] N=10 | theta_max_idf=2.0000 (fixed, theoretical_max=2.3026) | theta_tfidf=0.02
2026-05-21 13:16:07,477 [INFO] src.triage.tfidf_filter - [Triage Batch] N=10 | noise=0 | high-risk=300
2026-05-21 13:16:07,477 [INFO] src.triage.tfidf_filter - [Triage] N=10 | theta_max_idf=2.0000 (fixed, theoretical_max=2.3026) | theta_tfidf=0.02
2026-05-21 13:16:07,477 [INFO] src.triage.tfidf_filter - [Triage Batch] N=10 | noise=0 | high-risk=310
2026-05-21 13:16:07,477 [INFO] src.triage.tfidf_filter - [Triage] N=10 | theta_max_idf=2.0000 (fixed, theoretical_max=2.3026) | theta_tfidf=0.02
2026-05-21 13:16:07,477 [INFO] src.triage.tfidf_filter - [Triage Batch] N=10 | noise=0 | high-risk=320
2026-05-21 13:16:07,477 [INFO] src.triage.tfidf_filter - [Triage] N=10 | theta_max_idf=2.0000 (fixed, theoretical_max=2.3026) | theta_tfidf=0.02
2026-05-21 13:16:07,477 [INFO] src.triage.tfidf_filter - [Triage Batch] N=10 | noise=0 | high-risk=330
2026-05-21 13:16:07,477 [INFO] src.triage.tfidf_filter - [Triage] N=10 | theta_max_idf=2.0000 (fixed, theoretical_max=2.3026) | theta_tfidf=0.02
2026-05-21 13:16:07,477 [INFO] src.triage.tfidf_filter - [Triage Batch] N=10 | noise=0 | high-risk=340
2026-05-21 13:16:07,477 [INFO] src.triage.tfidf_filter - [Triage] N=10 | theta_max_idf=2.0000 (fixed, theoretical_max=2.3026) | theta_tfidf=0.02
2026-05-21 13:16:07,477 [INFO] src.triage.tfidf_filter - [Triage Batch] N=10 | noise=0 | high-risk=350
2026-05-21 13:16:07,477 [INFO] src.triage.tfidf_filter - [Triage] N=10 | theta_max_idf=2.0000 (fixed, theoretical_max=2.3026) | theta_tfidf=0.02
2026-05-21 13:16:07,477 [INFO] src.triage.tfidf_filter - [Triage Batch] N=10 | noise=0 | high-risk=360
2026-05-21 13:16:07,477 [INFO] src.triage.tfidf_filter - [Triage] N=10 | theta_max_idf=2.0000 (fixed, theoretical_max=2.3026) | theta_tfidf=0.02
2026-05-21 13:16:07,477 [INFO] src.triage.tfidf_filter - [Triage Batch] N=10 | noise=0 | high-risk=370
2026-05-21 13:16:07,477 [INFO] src.triage.tfidf_filter - [Triage] N=10 | theta_max_idf=2.0000 (fixed, theoretical_max=2.3026) | theta_tfidf=0.02
2026-05-21 13:16:07,479 [INFO] src.triage.tfidf_filter - [Triage Batch] N=10 | noise=0 | high-risk=380
2026-05-21 13:16:07,479 [INFO] src.triage.tfidf_filter - [Triage] N=10 | theta_max_idf=2.0000 (fixed, theoretical_max=2.3026) | theta_tfidf=0.02
2026-05-21 13:16:07,479 [INFO] src.triage.tfidf_filter - [Triage Batch] N=10 | noise=0 | high-risk=390
2026-05-21 13:16:07,479 [INFO] src.triage.tfidf_filter - [Triage] N=10 | theta_max_idf=2.0000 (fixed, theoretical_max=2.3026) | theta_tfidf=0.02
2026-05-21 13:16:07,479 [INFO] src.triage.tfidf_filter - [Triage Batch] N=10 | noise=0 | high-risk=400
2026-05-21 13:16:07,479 [INFO] src.triage.tfidf_filter - [Triage] N=10 | theta_max_idf=2.0000 (fixed, theoretical_max=2.3026) | theta_tfidf=0.02
2026-05-21 13:16:07,479 [INFO] src.triage.tfidf_filter - [Triage Batch] N=10 | noise=0 | high-risk=410
2026-05-21 13:16:07,479 [INFO] src.triage.tfidf_filter - [Triage] N=10 | theta_max_idf=2.0000 (fixed, theoretical_max=2.3026) | theta_tfidf=0.02
2026-05-21 13:16:07,479 [INFO] src.triage.tfidf_filter - [Triage Batch] N=10 | noise=0 | high-risk=420
2026-05-21 13:16:07,480 [INFO] src.triage.tfidf_filter - [Triage] N=10 | theta_max_idf=2.0000 (fixed, theoretical_max=2.3026) | theta_tfidf=0.02
2026-05-21 13:16:07,480 [INFO] src.triage.tfidf_filter - [Triage Batch] N=10 | noise=0 | high-risk=430
2026-05-21 13:16:07,480 [INFO] src.triage.tfidf_filter - [Triage] N=10 | theta_max_idf=2.0000 (fixed, theoretical_max=2.3026) | theta_tfidf=0.02
2026-05-21 13:16:07,480 [INFO] src.triage.tfidf_filter - [Triage Batch] N=10 | noise=0 | high-risk=440
2026-05-21 13:16:07,480 [INFO] src.triage.tfidf_filter - [Triage] N=10 | theta_max_idf=2.0000 (fixed, theoretical_max=2.3026) | theta_tfidf=0.02
2026-05-21 13:16:07,480 [INFO] src.triage.tfidf_filter - [Triage Batch] N=10 | noise=0 | high-risk=450
2026-05-21 13:16:07,480 [INFO] src.triage.tfidf_filter - [Triage] N=10 | theta_max_idf=2.0000 (fixed, theoretical_max=2.3026) | theta_tfidf=0.02
2026-05-21 13:16:07,480 [INFO] src.triage.tfidf_filter - [Triage Batch] N=10 | noise=0 | high-risk=460
2026-05-21 13:16:07,480 [INFO] src.triage.tfidf_filter - [Triage] N=10 | theta_max_idf=2.0000 (fixed, theoretical_max=2.3026) | theta_tfidf=0.02
2026-05-21 13:16:07,480 [INFO] src.triage.tfidf_filter - [Triage Batch] N=10 | noise=0 | high-risk=470
2026-05-21 13:16:07,480 [INFO] src.triage.tfidf_filter - [Triage] N=10 | theta_max_idf=2.0000 (fixed, theoretical_max=2.3026) | theta_tfidf=0.02
2026-05-21 13:16:07,480 [INFO] src.triage.tfidf_filter - [Triage Batch] N=10 | noise=0 | high-risk=480
2026-05-21 13:16:07,481 [INFO] src.triage.tfidf_filter - [Triage] N=10 | theta_max_idf=2.0000 (fixed, theoretical_max=2.3026) | theta_tfidf=0.02
2026-05-21 13:16:07,481 [INFO] src.triage.tfidf_filter - [Triage Batch] N=10 | noise=0 | high-risk=490
2026-05-21 13:16:07,481 [INFO] src.triage.tfidf_filter - [Triage] N=10 | theta_max_idf=2.0000 (fixed, theoretical_max=2.3026) | theta_tfidf=0.02
2026-05-21 13:16:07,481 [INFO] src.triage.tfidf_filter - [Triage Batch] N=10 | noise=0 | high-risk=500
2026-05-21 13:16:07,481 [INFO] src.triage.tfidf_filter - [Triage] N=10 | theta_max_idf=2.0000 (fixed, theoretical_max=2.3026) | theta_tfidf=0.02
2026-05-21 13:16:07,481 [INFO] src.triage.tfidf_filter - [Triage Batch] N=10 | noise=0 | high-risk=510
2026-05-21 13:16:07,481 [INFO] src.triage.tfidf_filter - [Triage] N=10 | theta_max_idf=2.0000 (fixed, theoretical_max=2.3026) | theta_tfidf=0.02
2026-05-21 13:16:07,481 [INFO] src.triage.tfidf_filter - [Triage Batch] N=10 | noise=0 | high-risk=520
2026-05-21 13:16:07,481 [INFO] src.triage.tfidf_filter - [Triage] N=10 | theta_max_idf=2.0000 (fixed, theoretical_max=2.3026) | theta_tfidf=0.02
2026-05-21 13:16:07,481 [INFO] src.triage.tfidf_filter - [Triage Batch] N=10 | noise=0 | high-risk=530
2026-05-21 13:16:07,481 [INFO] src.triage.tfidf_filter - [Triage] N=10 | theta_max_idf=2.0000 (fixed, theoretical_max=2.3026) | theta_tfidf=0.02
2026-05-21 13:16:07,481 [INFO] src.triage.tfidf_filter - [Triage Batch] N=10 | noise=0 | high-risk=540
2026-05-21 13:16:07,481 [INFO] src.triage.tfidf_filter - [Triage] N=10 | theta_max_idf=2.0000 (fixed, theoretical_max=2.3026) | theta_tfidf=0.02
2026-05-21 13:16:07,481 [INFO] src.triage.tfidf_filter - [Triage Batch] N=10 | noise=0 | high-risk=550
2026-05-21 13:16:07,482 [INFO] src.triage.tfidf_filter - [Triage] N=10 | theta_max_idf=2.0000 (fixed, theoretical_max=2.3026) | theta_tfidf=0.02
2026-05-21 13:16:07,482 [INFO] src.triage.tfidf_filter - [Triage Batch] N=10 | noise=0 | high-risk=560
2026-05-21 13:16:07,482 [INFO] src.triage.tfidf_filter - [Triage] N=10 | theta_max_idf=2.0000 (fixed, theoretical_max=2.3026) | theta_tfidf=0.02
2026-05-21 13:16:07,482 [INFO] src.triage.tfidf_filter - [Triage Batch] N=10 | noise=0 | high-risk=570
2026-05-21 13:16:07,482 [INFO] src.triage.tfidf_filter - [Triage] N=10 | theta_max_idf=2.0000 (fixed, theoretical_max=2.3026) | theta_tfidf=0.02
2026-05-21 13:16:07,482 [INFO] src.triage.tfidf_filter - [Triage Batch] N=10 | noise=0 | high-risk=580
2026-05-21 13:16:07,482 [INFO] src.triage.tfidf_filter - [Triage] N=10 | theta_max_idf=2.0000 (fixed, theoretical_max=2.3026) | theta_tfidf=0.02
2026-05-21 13:16:07,482 [INFO] src.triage.tfidf_filter - [Triage Batch] N=10 | noise=0 | high-risk=590
2026-05-21 13:16:07,482 [INFO] src.triage.tfidf_filter - [Triage] N=10 | theta_max_idf=2.0000 (fixed, theoretical_max=2.3026) | theta_tfidf=0.02
2026-05-21 13:16:07,482 [INFO] src.triage.tfidf_filter - [Triage Batch] N=10 | noise=0 | high-risk=600
2026-05-21 13:16:07,482 [INFO] src.triage.tfidf_filter - [Triage] N=10 | theta_max_idf=2.0000 (fixed, theoretical_max=2.3026) | theta_tfidf=0.02
2026-05-21 13:16:07,482 [INFO] src.triage.tfidf_filter - [Triage Batch] N=10 | noise=0 | high-risk=610
2026-05-21 13:16:07,482 [INFO] src.triage.tfidf_filter - [Triage] N=10 | theta_max_idf=2.0000 (fixed, theoretical_max=2.3026) | theta_tfidf=0.02
2026-05-21 13:16:07,483 [INFO] src.triage.tfidf_filter - [Triage Batch] N=10 | noise=0 | high-risk=620
2026-05-21 13:16:07,483 [INFO] src.triage.tfidf_filter - [Triage] N=10 | theta_max_idf=2.0000 (fixed, theoretical_max=2.3026) | theta_tfidf=0.02
2026-05-21 13:16:07,483 [INFO] src.triage.tfidf_filter - [Triage Batch] N=10 | noise=0 | high-risk=630
2026-05-21 13:16:07,483 [INFO] src.triage.tfidf_filter - [Triage] N=10 | theta_max_idf=2.0000 (fixed, theoretical_max=2.3026) | theta_tfidf=0.02
2026-05-21 13:16:07,483 [INFO] src.triage.tfidf_filter - [Triage Batch] N=10 | noise=0 | high-risk=640
2026-05-21 13:16:07,483 [INFO] src.triage.tfidf_filter - [Triage] N=10 | theta_max_idf=2.0000 (fixed, theoretical_max=2.3026) | theta_tfidf=0.02
2026-05-21 13:16:07,483 [INFO] src.triage.tfidf_filter - [Triage Batch] N=10 | noise=0 | high-risk=650
2026-05-21 13:16:07,483 [INFO] src.triage.tfidf_filter - [Triage] N=10 | theta_max_idf=2.0000 (fixed, theoretical_max=2.3026) | theta_tfidf=0.02
2026-05-21 13:16:07,483 [INFO] src.triage.tfidf_filter - [Triage Batch] N=10 | noise=0 | high-risk=660
2026-05-21 13:16:07,483 [INFO] src.triage.tfidf_filter - [Triage] N=10 | theta_max_idf=2.0000 (fixed, theoretical_max=2.3026) | theta_tfidf=0.02
2026-05-21 13:16:07,483 [INFO] src.triage.tfidf_filter - [Triage Batch] N=10 | noise=0 | high-risk=670
2026-05-21 13:16:07,483 [INFO] src.triage.tfidf_filter - [Triage] N=10 | theta_max_idf=2.0000 (fixed, theoretical_max=2.3026) | theta_tfidf=0.02
2026-05-21 13:16:07,483 [INFO] src.triage.tfidf_filter - [Triage Batch] N=10 | noise=0 | high-risk=680
2026-05-21 13:16:07,484 [INFO] src.triage.tfidf_filter - [Triage] N=10 | theta_max_idf=2.0000 (fixed, theoretical_max=2.3026) | theta_tfidf=0.02
2026-05-21 13:16:07,484 [INFO] src.triage.tfidf_filter - [Triage Batch] N=10 | noise=0 | high-risk=690
2026-05-21 13:16:07,484 [INFO] src.triage.tfidf_filter - [Triage] N=10 | theta_max_idf=2.0000 (fixed, theoretical_max=2.3026) | theta_tfidf=0.02
2026-05-21 13:16:07,484 [INFO] src.triage.tfidf_filter - [Triage Batch] N=10 | noise=0 | high-risk=700
2026-05-21 13:16:07,484 [INFO] src.triage.tfidf_filter - [Triage] N=10 | theta_max_idf=2.0000 (fixed, theoretical_max=2.3026) | theta_tfidf=0.02
2026-05-21 13:16:07,484 [INFO] src.triage.tfidf_filter - [Triage Batch] N=10 | noise=0 | high-risk=710
2026-05-21 13:16:07,484 [INFO] src.triage.tfidf_filter - [Triage] N=10 | theta_max_idf=2.0000 (fixed, theoretical_max=2.3026) | theta_tfidf=0.02
2026-05-21 13:16:07,484 [INFO] src.triage.tfidf_filter - [Triage Batch] N=10 | noise=0 | high-risk=720
2026-05-21 13:16:07,484 [INFO] src.triage.tfidf_filter - [Triage] N=10 | theta_max_idf=2.0000 (fixed, theoretical_max=2.3026) | theta_tfidf=0.02
2026-05-21 13:16:07,484 [INFO] src.triage.tfidf_filter - [Triage Batch] N=10 | noise=0 | high-risk=730
2026-05-21 13:16:07,484 [INFO] src.triage.tfidf_filter - [Triage] N=10 | theta_max_idf=2.0000 (fixed, theoretical_max=2.3026) | theta_tfidf=0.02
2026-05-21 13:16:07,484 [INFO] src.triage.tfidf_filter - [Triage Batch] N=10 | noise=0 | high-risk=740
2026-05-21 13:16:07,484 [INFO] src.triage.tfidf_filter - [Triage] N=10 | theta_max_idf=2.0000 (fixed, theoretical_max=2.3026) | theta_tfidf=0.02
2026-05-21 13:16:07,484 [INFO] src.triage.tfidf_filter - [Triage Batch] N=10 | noise=0 | high-risk=750
2026-05-21 13:16:07,485 [INFO] src.triage.tfidf_filter - [Triage] N=10 | theta_max_idf=2.0000 (fixed, theoretical_max=2.3026) | theta_tfidf=0.02
2026-05-21 13:16:07,485 [INFO] src.triage.tfidf_filter - [Triage Batch] N=10 | noise=0 | high-risk=760
2026-05-21 13:16:07,485 [INFO] src.triage.tfidf_filter - [Triage] N=10 | theta_max_idf=2.0000 (fixed, theoretical_max=2.3026) | theta_tfidf=0.02
2026-05-21 13:16:07,485 [INFO] src.triage.tfidf_filter - [Triage Batch] N=10 | noise=0 | high-risk=770
2026-05-21 13:16:07,485 [INFO] src.triage.tfidf_filter - [Triage] N=10 | theta_max_idf=2.0000 (fixed, theoretical_max=2.3026) | theta_tfidf=0.02
2026-05-21 13:16:07,485 [INFO] src.triage.tfidf_filter - [Triage Batch] N=10 | noise=0 | high-risk=780
2026-05-21 13:16:07,485 [INFO] src.triage.tfidf_filter - [Triage] N=10 | theta_max_idf=2.0000 (fixed, theoretical_max=2.3026) | theta_tfidf=0.02
2026-05-21 13:16:07,485 [INFO] src.triage.tfidf_filter - [Triage Batch] N=10 | noise=0 | high-risk=790
2026-05-21 13:16:07,485 [INFO] src.triage.tfidf_filter - [Triage] N=10 | theta_max_idf=2.0000 (fixed, theoretical_max=2.3026) | theta_tfidf=0.02
2026-05-21 13:16:07,485 [INFO] src.triage.tfidf_filter - [Triage Batch] N=10 | noise=0 | high-risk=800
2026-05-21 13:16:07,485 [INFO] src.triage.tfidf_filter - [Triage] N=10 | theta_max_idf=2.0000 (fixed, theoretical_max=2.3026) | theta_tfidf=0.02
2026-05-21 13:16:07,485 [INFO] src.triage.tfidf_filter - [Triage Batch] N=10 | noise=0 | high-risk=810
2026-05-21 13:16:07,485 [INFO] src.triage.tfidf_filter - [Triage] N=10 | theta_max_idf=2.0000 (fixed, theoretical_max=2.3026) | theta_tfidf=0.02
2026-05-21 13:16:07,485 [INFO] src.triage.tfidf_filter - [Triage Batch] N=10 | noise=0 | high-risk=820
2026-05-21 13:16:07,486 [INFO] src.triage.tfidf_filter - [Triage] N=10 | theta_max_idf=2.0000 (fixed, theoretical_max=2.3026) | theta_tfidf=0.02
2026-05-21 13:16:07,486 [INFO] src.triage.tfidf_filter - [Triage Batch] N=10 | noise=0 | high-risk=830
2026-05-21 13:16:07,486 [INFO] src.triage.tfidf_filter - [Triage] N=10 | theta_max_idf=2.0000 (fixed, theoretical_max=2.3026) | theta_tfidf=0.02
2026-05-21 13:16:07,486 [INFO] src.triage.tfidf_filter - [Triage Batch] N=10 | noise=0 | high-risk=840
2026-05-21 13:16:07,486 [INFO] src.triage.tfidf_filter - [Triage] N=10 | theta_max_idf=2.0000 (fixed, theoretical_max=2.3026) | theta_tfidf=0.02
2026-05-21 13:16:07,486 [INFO] src.triage.tfidf_filter - [Triage Batch] N=10 | noise=0 | high-risk=850
2026-05-21 13:16:07,486 [INFO] src.triage.tfidf_filter - [Triage] N=10 | theta_max_idf=2.0000 (fixed, theoretical_max=2.3026) | theta_tfidf=0.02
2026-05-21 13:16:07,486 [INFO] src.triage.tfidf_filter - [Triage Batch] N=10 | noise=0 | high-risk=860
2026-05-21 13:16:07,486 [INFO] src.triage.tfidf_filter - [Triage] N=10 | theta_max_idf=2.0000 (fixed, theoretical_max=2.3026) | theta_tfidf=0.02
2026-05-21 13:16:07,487 [INFO] src.triage.tfidf_filter - [Triage Batch] N=10 | noise=0 | high-risk=870
2026-05-21 13:16:07,487 [INFO] src.triage.tfidf_filter - [Triage] N=10 | theta_max_idf=2.0000 (fixed, theoretical_max=2.3026) | theta_tfidf=0.02
2026-05-21 13:16:07,487 [INFO] src.triage.tfidf_filter - [Triage Batch] N=10 | noise=0 | high-risk=880
2026-05-21 13:16:07,487 [INFO] src.triage.tfidf_filter - [Triage] N=10 | theta_max_idf=2.0000 (fixed, theoretical_max=2.3026) | theta_tfidf=0.02
2026-05-21 13:16:07,487 [INFO] src.triage.tfidf_filter - [Triage Batch] N=10 | noise=0 | high-risk=890
2026-05-21 13:16:07,487 [INFO] src.triage.tfidf_filter - [Triage] N=10 | theta_max_idf=2.0000 (fixed, theoretical_max=2.3026) | theta_tfidf=0.02
2026-05-21 13:16:07,487 [INFO] src.triage.tfidf_filter - [Triage Batch] N=10 | noise=0 | high-risk=900
2026-05-21 13:16:07,488 [INFO] src.triage.tfidf_filter - [Triage] N=10 | theta_max_idf=2.0000 (fixed, theoretical_max=2.3026) | theta_tfidf=0.02
2026-05-21 13:16:07,488 [INFO] src.triage.tfidf_filter - [Triage Batch] N=10 | noise=0 | high-risk=910
2026-05-21 13:16:07,488 [INFO] src.triage.tfidf_filter - [Triage] N=10 | theta_max_idf=2.0000 (fixed, theoretical_max=2.3026) | theta_tfidf=0.02
2026-05-21 13:16:07,488 [INFO] src.triage.tfidf_filter - [Triage Batch] N=10 | noise=0 | high-risk=920
2026-05-21 13:16:07,489 [INFO] src.triage.tfidf_filter - [Triage] N=10 | theta_max_idf=2.0000 (fixed, theoretical_max=2.3026) | theta_tfidf=0.02
2026-05-21 13:16:07,489 [INFO] src.triage.tfidf_filter - [Triage Batch] N=10 | noise=0 | high-risk=930
2026-05-21 13:16:07,489 [INFO] src.triage.tfidf_filter - [Triage] N=10 | theta_max_idf=2.0000 (fixed, theoretical_max=2.3026) | theta_tfidf=0.02
2026-05-21 13:16:07,489 [INFO] src.triage.tfidf_filter - [Triage Batch] N=10 | noise=0 | high-risk=940
2026-05-21 13:16:07,489 [INFO] src.triage.tfidf_filter - [Triage] N=10 | theta_max_idf=2.0000 (fixed, theoretical_max=2.3026) | theta_tfidf=0.02
2026-05-21 13:16:07,489 [INFO] src.triage.tfidf_filter - [Triage Batch] N=10 | noise=0 | high-risk=950
2026-05-21 13:16:07,489 [INFO] src.triage.tfidf_filter - [Triage] N=10 | theta_max_idf=2.0000 (fixed, theoretical_max=2.3026) | theta_tfidf=0.02
2026-05-21 13:16:07,489 [INFO] src.triage.tfidf_filter - [Triage Batch] N=10 | noise=0 | high-risk=960
2026-05-21 13:16:07,489 [INFO] src.triage.tfidf_filter - [Triage] N=10 | theta_max_idf=2.0000 (fixed, theoretical_max=2.3026) | theta_tfidf=0.02
2026-05-21 13:16:07,489 [INFO] src.triage.tfidf_filter - [Triage Batch] N=10 | noise=0 | high-risk=970
2026-05-21 13:16:07,489 [INFO] src.triage.tfidf_filter - [Triage] N=10 | theta_max_idf=2.0000 (fixed, theoretical_max=2.3026) | theta_tfidf=0.02
2026-05-21 13:16:07,490 [INFO] src.triage.tfidf_filter - [Triage Batch] N=10 | noise=0 | high-risk=980
2026-05-21 13:16:07,490 [INFO] src.triage.tfidf_filter - [Triage] N=10 | theta_max_idf=2.0000 (fixed, theoretical_max=2.3026) | theta_tfidf=0.02
2026-05-21 13:16:07,490 [INFO] src.triage.tfidf_filter - [Triage Batch] N=10 | noise=0 | high-risk=990
2026-05-21 13:16:07,490 [INFO] src.triage.tfidf_filter - [Triage] N=10 | theta_max_idf=2.0000 (fixed, theoretical_max=2.3026) | theta_tfidf=0.02
2026-05-21 13:16:07,490 [INFO] src.triage.tfidf_filter - [Triage Batch] N=10 | noise=0 | high-risk=1000
2026-05-21 13:16:07,490 [INFO] src.triage.tfidf_filter - [Triage] N=10 | theta_max_idf=2.0000 (fixed, theoretical_max=2.3026) | theta_tfidf=0.02
2026-05-21 13:16:07,490 [INFO] src.triage.tfidf_filter - [Triage Batch] N=10 | noise=0 | high-risk=1010
2026-05-21 13:16:07,490 [INFO] src.triage.tfidf_filter - [Triage] N=10 | theta_max_idf=2.0000 (fixed, theoretical_max=2.3026) | theta_tfidf=0.02
2026-05-21 13:16:07,490 [INFO] src.triage.tfidf_filter - [Triage Batch] N=10 | noise=0 | high-risk=1020
2026-05-21 13:16:07,490 [INFO] src.triage.tfidf_filter - [Triage] N=10 | theta_max_idf=2.0000 (fixed, theoretical_max=2.3026) | theta_tfidf=0.02
2026-05-21 13:16:07,490 [INFO] src.triage.tfidf_filter - [Triage Batch] N=10 | noise=0 | high-risk=1030
2026-05-21 13:16:07,490 [INFO] src.triage.tfidf_filter - [Triage] N=10 | theta_max_idf=2.0000 (fixed, theoretical_max=2.3026) | theta_tfidf=0.02
2026-05-21 13:16:07,490 [INFO] src.triage.tfidf_filter - [Triage Batch] N=10 | noise=0 | high-risk=1040
2026-05-21 13:16:07,490 [INFO] src.triage.tfidf_filter - [Triage] N=10 | theta_max_idf=2.0000 (fixed, theoretical_max=2.3026) | theta_tfidf=0.02
2026-05-21 13:16:07,491 [INFO] src.triage.tfidf_filter - [Triage Batch] N=10 | noise=0 | high-risk=1050
2026-05-21 13:16:07,491 [INFO] src.triage.tfidf_filter - [Triage] N=10 | theta_max_idf=2.0000 (fixed, theoretical_max=2.3026) | theta_tfidf=0.02
2026-05-21 13:16:07,491 [INFO] src.triage.tfidf_filter - [Triage Batch] N=10 | noise=0 | high-risk=1060
2026-05-21 13:16:07,491 [INFO] src.triage.tfidf_filter - [Triage] N=10 | theta_max_idf=2.0000 (fixed, theoretical_max=2.3026) | theta_tfidf=0.02
2026-05-21 13:16:07,491 [INFO] src.triage.tfidf_filter - [Triage Batch] N=10 | noise=0 | high-risk=1070
2026-05-21 13:16:07,491 [INFO] src.triage.tfidf_filter - [Triage] N=10 | theta_max_idf=2.0000 (fixed, theoretical_max=2.3026) | theta_tfidf=0.02
2026-05-21 13:16:07,491 [INFO] src.triage.tfidf_filter - [Triage Batch] N=10 | noise=0 | high-risk=1080
2026-05-21 13:16:07,491 [INFO] src.triage.tfidf_filter - [Triage] N=10 | theta_max_idf=2.0000 (fixed, theoretical_max=2.3026) | theta_tfidf=0.02
2026-05-21 13:16:07,491 [INFO] src.triage.tfidf_filter - [Triage Batch] N=10 | noise=0 | high-risk=1090
2026-05-21 13:16:07,491 [INFO] src.triage.tfidf_filter - [Triage] N=10 | theta_max_idf=2.0000 (fixed, theoretical_max=2.3026) | theta_tfidf=0.02
2026-05-21 13:16:07,491 [INFO] src.triage.tfidf_filter - [Triage Batch] N=10 | noise=0 | high-risk=1100
2026-05-21 13:16:07,491 [INFO] src.triage.tfidf_filter - [Triage] N=10 | theta_max_idf=2.0000 (fixed, theoretical_max=2.3026) | theta_tfidf=0.02
2026-05-21 13:16:07,491 [INFO] src.triage.tfidf_filter - [Triage Batch] N=10 | noise=0 | high-risk=1110
2026-05-21 13:16:07,491 [INFO] src.triage.tfidf_filter - [Triage] N=10 | theta_max_idf=2.0000 (fixed, theoretical_max=2.3026) | theta_tfidf=0.02
2026-05-21 13:16:07,492 [INFO] src.triage.tfidf_filter - [Triage Batch] N=10 | noise=0 | high-risk=1120
2026-05-21 13:16:07,492 [INFO] src.triage.tfidf_filter - [Triage] N=10 | theta_max_idf=2.0000 (fixed, theoretical_max=2.3026) | theta_tfidf=0.02
2026-05-21 13:16:07,492 [INFO] src.triage.tfidf_filter - [Triage Batch] N=10 | noise=0 | high-risk=1130
2026-05-21 13:16:07,492 [INFO] src.triage.tfidf_filter - [Triage] N=10 | theta_max_idf=2.0000 (fixed, theoretical_max=2.3026) | theta_tfidf=0.02
2026-05-21 13:16:07,492 [INFO] src.triage.tfidf_filter - [Triage Batch] N=10 | noise=0 | high-risk=1140
2026-05-21 13:16:07,492 [INFO] src.triage.tfidf_filter - [Triage] N=10 | theta_max_idf=2.0000 (fixed, theoretical_max=2.3026) | theta_tfidf=0.02
2026-05-21 13:16:07,492 [INFO] src.triage.tfidf_filter - [Triage Batch] N=10 | noise=0 | high-risk=1150
2026-05-21 13:16:07,492 [INFO] src.triage.tfidf_filter - [Triage] N=10 | theta_max_idf=2.0000 (fixed, theoretical_max=2.3026) | theta_tfidf=0.02
2026-05-21 13:16:07,492 [INFO] src.triage.tfidf_filter - [Triage Batch] N=10 | noise=0 | high-risk=1160
2026-05-21 13:16:07,492 [INFO] src.triage.tfidf_filter - [Triage] N=10 | theta_max_idf=2.0000 (fixed, theoretical_max=2.3026) | theta_tfidf=0.02
2026-05-21 13:16:07,492 [INFO] src.triage.tfidf_filter - [Triage Batch] N=10 | noise=0 | high-risk=1170
2026-05-21 13:16:07,492 [INFO] src.triage.tfidf_filter - [Triage] N=10 | theta_max_idf=2.0000 (fixed, theoretical_max=2.3026) | theta_tfidf=0.02
2026-05-21 13:16:07,492 [INFO] src.triage.tfidf_filter - [Triage Batch] N=10 | noise=0 | high-risk=1180
2026-05-21 13:16:07,493 [INFO] src.triage.tfidf_filter - [Triage] N=10 | theta_max_idf=2.0000 (fixed, theoretical_max=2.3026) | theta_tfidf=0.02
2026-05-21 13:16:07,493 [INFO] src.triage.tfidf_filter - [Triage Batch] N=10 | noise=0 | high-risk=1190
2026-05-21 13:16:07,493 [INFO] src.triage.tfidf_filter - [Triage] N=10 | theta_max_idf=2.0000 (fixed, theoretical_max=2.3026) | theta_tfidf=0.02
2026-05-21 13:16:07,493 [INFO] src.triage.tfidf_filter - [Triage Batch] N=10 | noise=0 | high-risk=1200
2026-05-21 13:16:07,493 [INFO] src.triage.tfidf_filter - [Triage] N=10 | theta_max_idf=2.0000 (fixed, theoretical_max=2.3026) | theta_tfidf=0.02
2026-05-21 13:16:07,493 [INFO] src.triage.tfidf_filter - [Triage Batch] N=10 | noise=0 | high-risk=1210
2026-05-21 13:16:07,493 [INFO] src.triage.tfidf_filter - [Triage] N=10 | theta_max_idf=2.0000 (fixed, theoretical_max=2.3026) | theta_tfidf=0.02
2026-05-21 13:16:07,493 [INFO] src.triage.tfidf_filter - [Triage Batch] N=10 | noise=0 | high-risk=1220
2026-05-21 13:16:07,493 [INFO] src.triage.tfidf_filter - [Triage] N=10 | theta_max_idf=2.0000 (fixed, theoretical_max=2.3026) | theta_tfidf=0.02
2026-05-21 13:16:07,493 [INFO] src.triage.tfidf_filter - [Triage Batch] N=10 | noise=0 | high-risk=1230
2026-05-21 13:16:07,493 [INFO] src.triage.tfidf_filter - [Triage] N=10 | theta_max_idf=2.0000 (fixed, theoretical_max=2.3026) | theta_tfidf=0.02
2026-05-21 13:16:07,493 [INFO] src.triage.tfidf_filter - [Triage Batch] N=10 | noise=0 | high-risk=1240
2026-05-21 13:16:07,493 [INFO] src.triage.tfidf_filter - [Triage] N=10 | theta_max_idf=2.0000 (fixed, theoretical_max=2.3026) | theta_tfidf=0.02
2026-05-21 13:16:07,493 [INFO] src.triage.tfidf_filter - [Triage Batch] N=10 | noise=0 | high-risk=1250
2026-05-21 13:16:07,494 [INFO] src.triage.tfidf_filter - [Triage] N=10 | theta_max_idf=2.0000 (fixed, theoretical_max=2.3026) | theta_tfidf=0.02
2026-05-21 13:16:07,494 [INFO] src.triage.tfidf_filter - [Triage Batch] N=10 | noise=0 | high-risk=1260
2026-05-21 13:16:07,494 [INFO] src.triage.tfidf_filter - [Triage] N=10 | theta_max_idf=2.0000 (fixed, theoretical_max=2.3026) | theta_tfidf=0.02
2026-05-21 13:16:07,494 [INFO] src.triage.tfidf_filter - [Triage Batch] N=10 | noise=0 | high-risk=1270
2026-05-21 13:16:07,494 [INFO] src.triage.tfidf_filter - [Triage] N=10 | theta_max_idf=2.0000 (fixed, theoretical_max=2.3026) | theta_tfidf=0.02
2026-05-21 13:16:07,494 [INFO] src.triage.tfidf_filter - [Triage Batch] N=10 | noise=0 | high-risk=1280
2026-05-21 13:16:07,494 [INFO] src.triage.tfidf_filter - [Triage] N=10 | theta_max_idf=2.0000 (fixed, theoretical_max=2.3026) | theta_tfidf=0.02
2026-05-21 13:16:07,494 [INFO] src.triage.tfidf_filter - [Triage Batch] N=10 | noise=0 | high-risk=1290
2026-05-21 13:16:07,494 [INFO] src.triage.tfidf_filter - [Triage] N=10 | theta_max_idf=2.0000 (fixed, theoretical_max=2.3026) | theta_tfidf=0.02
2026-05-21 13:16:07,494 [INFO] src.triage.tfidf_filter - [Triage Batch] N=10 | noise=0 | high-risk=1300
2026-05-21 13:16:07,494 [INFO] src.triage.tfidf_filter - [Triage] N=10 | theta_max_idf=2.0000 (fixed, theoretical_max=2.3026) | theta_tfidf=0.02
2026-05-21 13:16:07,494 [INFO] src.triage.tfidf_filter - [Triage Batch] N=10 | noise=0 | high-risk=1310
2026-05-21 13:16:07,494 [INFO] src.triage.tfidf_filter - [Triage] N=10 | theta_max_idf=2.0000 (fixed, theoretical_max=2.3026) | theta_tfidf=0.02
2026-05-21 13:16:07,494 [INFO] src.triage.tfidf_filter - [Triage Batch] N=10 | noise=0 | high-risk=1320
2026-05-21 13:16:07,495 [INFO] src.triage.tfidf_filter - [Triage] N=10 | theta_max_idf=2.0000 (fixed, theoretical_max=2.3026) | theta_tfidf=0.02
2026-05-21 13:16:07,495 [INFO] src.triage.tfidf_filter - [Triage Batch] N=10 | noise=0 | high-risk=1330
2026-05-21 13:16:07,495 [INFO] src.triage.tfidf_filter - [Triage] N=10 | theta_max_idf=2.0000 (fixed, theoretical_max=2.3026) | theta_tfidf=0.02
2026-05-21 13:16:07,495 [INFO] src.triage.tfidf_filter - [Triage Batch] N=10 | noise=0 | high-risk=1340
2026-05-21 13:16:07,495 [INFO] src.triage.tfidf_filter - [Triage] N=10 | theta_max_idf=2.0000 (fixed, theoretical_max=2.3026) | theta_tfidf=0.02
2026-05-21 13:16:07,495 [INFO] src.triage.tfidf_filter - [Triage Batch] N=10 | noise=0 | high-risk=1350
2026-05-21 13:16:07,495 [INFO] src.triage.tfidf_filter - [Triage] N=10 | theta_max_idf=2.0000 (fixed, theoretical_max=2.3026) | theta_tfidf=0.02
2026-05-21 13:16:07,495 [INFO] src.triage.tfidf_filter - [Triage Batch] N=10 | noise=0 | high-risk=1360
2026-05-21 13:16:07,495 [INFO] src.triage.tfidf_filter - [Triage] N=10 | theta_max_idf=2.0000 (fixed, theoretical_max=2.3026) | theta_tfidf=0.02
2026-05-21 13:16:07,495 [INFO] src.triage.tfidf_filter - [Triage Batch] N=10 | noise=0 | high-risk=1370
2026-05-21 13:16:07,496 [INFO] src.triage.tfidf_filter - [Triage] N=10 | theta_max_idf=2.0000 (fixed, theoretical_max=2.3026) | theta_tfidf=0.02
2026-05-21 13:16:07,496 [INFO] src.triage.tfidf_filter - [Triage Batch] N=10 | noise=0 | high-risk=1380
2026-05-21 13:16:07,496 [INFO] src.triage.tfidf_filter - [Triage] N=10 | theta_max_idf=2.0000 (fixed, theoretical_max=2.3026) | theta_tfidf=0.02
2026-05-21 13:16:07,496 [INFO] src.triage.tfidf_filter - [Triage Batch] N=10 | noise=0 | high-risk=1390
2026-05-21 13:16:07,496 [INFO] src.triage.tfidf_filter - [Triage] N=10 | theta_max_idf=2.0000 (fixed, theoretical_max=2.3026) | theta_tfidf=0.02
2026-05-21 13:16:07,496 [INFO] src.triage.tfidf_filter - [Triage Batch] N=10 | noise=0 | high-risk=1400
2026-05-21 13:16:07,496 [INFO] src.triage.tfidf_filter - [Triage] N=10 | theta_max_idf=2.0000 (fixed, theoretical_max=2.3026) | theta_tfidf=0.02
2026-05-21 13:16:07,496 [INFO] src.triage.tfidf_filter - [Triage Batch] N=10 | noise=0 | high-risk=1410
2026-05-21 13:16:07,496 [INFO] src.triage.tfidf_filter - [Triage] N=10 | theta_max_idf=2.0000 (fixed, theoretical_max=2.3026) | theta_tfidf=0.02
2026-05-21 13:16:07,496 [INFO] src.triage.tfidf_filter - [Triage Batch] N=10 | noise=0 | high-risk=1420
2026-05-21 13:16:07,496 [INFO] src.triage.tfidf_filter - [Triage] N=10 | theta_max_idf=2.0000 (fixed, theoretical_max=2.3026) | theta_tfidf=0.02
2026-05-21 13:16:07,496 [INFO] src.triage.tfidf_filter - [Triage Batch] N=10 | noise=0 | high-risk=1430
2026-05-21 13:16:07,497 [INFO] src.triage.tfidf_filter - [Triage] N=10 | theta_max_idf=2.0000 (fixed, theoretical_max=2.3026) | theta_tfidf=0.02
2026-05-21 13:16:07,497 [INFO] src.triage.tfidf_filter - [Triage Batch] N=10 | noise=0 | high-risk=1440
2026-05-21 13:16:07,497 [INFO] src.triage.tfidf_filter - [Triage] N=10 | theta_max_idf=2.0000 (fixed, theoretical_max=2.3026) | theta_tfidf=0.02
2026-05-21 13:16:07,497 [INFO] src.triage.tfidf_filter - [Triage Batch] N=10 | noise=0 | high-risk=1450
2026-05-21 13:16:07,497 [INFO] src.triage.tfidf_filter - [Triage] N=10 | theta_max_idf=2.0000 (fixed, theoretical_max=2.3026) | theta_tfidf=0.02
2026-05-21 13:16:07,497 [INFO] src.triage.tfidf_filter - [Triage Batch] N=10 | noise=0 | high-risk=1460
2026-05-21 13:16:07,497 [INFO] src.triage.tfidf_filter - [Triage] N=10 | theta_max_idf=2.0000 (fixed, theoretical_max=2.3026) | theta_tfidf=0.02
2026-05-21 13:16:07,497 [INFO] src.triage.tfidf_filter - [Triage Batch] N=10 | noise=0 | high-risk=1470
2026-05-21 13:16:07,497 [INFO] src.triage.tfidf_filter - [Triage] N=10 | theta_max_idf=2.0000 (fixed, theoretical_max=2.3026) | theta_tfidf=0.02
2026-05-21 13:16:07,497 [INFO] src.triage.tfidf_filter - [Triage Batch] N=10 | noise=0 | high-risk=1480
2026-05-21 13:16:07,497 [INFO] src.triage.tfidf_filter - [Triage] N=10 | theta_max_idf=2.0000 (fixed, theoretical_max=2.3026) | theta_tfidf=0.02
2026-05-21 13:16:07,497 [INFO] src.triage.tfidf_filter - [Triage Batch] N=10 | noise=0 | high-risk=1490
2026-05-21 13:16:07,497 [INFO] src.triage.tfidf_filter - [Triage] N=10 | theta_max_idf=2.0000 (fixed, theoretical_max=2.3026) | theta_tfidf=0.02
2026-05-21 13:16:07,497 [INFO] src.triage.tfidf_filter - [Triage Batch] N=10 | noise=0 | high-risk=1500
2026-05-21 13:16:07,498 [INFO] src.triage.tfidf_filter - [Triage] N=10 | theta_max_idf=2.0000 (fixed, theoretical_max=2.3026) | theta_tfidf=0.02
2026-05-21 13:16:07,498 [INFO] src.triage.tfidf_filter - [Triage Batch] N=10 | noise=0 | high-risk=1510
2026-05-21 13:16:07,498 [INFO] src.triage.tfidf_filter - [Triage] N=10 | theta_max_idf=2.0000 (fixed, theoretical_max=2.3026) | theta_tfidf=0.02
2026-05-21 13:16:07,498 [INFO] src.triage.tfidf_filter - [Triage Batch] N=10 | noise=0 | high-risk=1520
2026-05-21 13:16:07,498 [INFO] src.triage.tfidf_filter - [Triage] N=10 | theta_max_idf=2.0000 (fixed, theoretical_max=2.3026) | theta_tfidf=0.02
2026-05-21 13:16:07,498 [INFO] src.triage.tfidf_filter - [Triage Batch] N=10 | noise=0 | high-risk=1530
2026-05-21 13:16:07,498 [INFO] src.triage.tfidf_filter - [Triage] N=10 | theta_max_idf=2.0000 (fixed, theoretical_max=2.3026) | theta_tfidf=0.02
2026-05-21 13:16:07,498 [INFO] src.triage.tfidf_filter - [Triage Batch] N=10 | noise=0 | high-risk=1540
2026-05-21 13:16:07,498 [INFO] src.triage.tfidf_filter - [Triage] N=10 | theta_max_idf=2.0000 (fixed, theoretical_max=2.3026) | theta_tfidf=0.02
2026-05-21 13:16:07,498 [INFO] src.triage.tfidf_filter - [Triage Batch] N=10 | noise=0 | high-risk=1550
2026-05-21 13:16:07,498 [INFO] src.triage.tfidf_filter - [Triage] N=10 | theta_max_idf=2.0000 (fixed, theoretical_max=2.3026) | theta_tfidf=0.02
2026-05-21 13:16:07,498 [INFO] src.triage.tfidf_filter - [Triage Batch] N=10 | noise=0 | high-risk=1560
2026-05-21 13:16:07,498 [INFO] src.triage.tfidf_filter - [Triage] N=10 | theta_max_idf=2.0000 (fixed, theoretical_max=2.3026) | theta_tfidf=0.02
2026-05-21 13:16:07,498 [INFO] src.triage.tfidf_filter - [Triage Batch] N=10 | noise=0 | high-risk=1570
2026-05-21 13:16:07,498 [INFO] src.triage.tfidf_filter - [Triage] N=10 | theta_max_idf=2.0000 (fixed, theoretical_max=2.3026) | theta_tfidf=0.02
2026-05-21 13:16:07,499 [INFO] src.triage.tfidf_filter - [Triage Batch] N=10 | noise=0 | high-risk=1580
2026-05-21 13:16:07,499 [INFO] src.triage.tfidf_filter - [Triage] N=10 | theta_max_idf=2.0000 (fixed, theoretical_max=2.3026) | theta_tfidf=0.02
2026-05-21 13:16:07,499 [INFO] src.triage.tfidf_filter - [Triage Batch] N=10 | noise=0 | high-risk=1590
2026-05-21 13:16:07,499 [INFO] src.triage.tfidf_filter - [Triage] N=10 | theta_max_idf=2.0000 (fixed, theoretical_max=2.3026) | theta_tfidf=0.02
2026-05-21 13:16:07,499 [INFO] src.triage.tfidf_filter - [Triage Batch] N=10 | noise=0 | high-risk=1600
2026-05-21 13:16:07,499 [INFO] src.triage.tfidf_filter - [Triage] N=10 | theta_max_idf=2.0000 (fixed, theoretical_max=2.3026) | theta_tfidf=0.02
2026-05-21 13:16:07,499 [INFO] src.triage.tfidf_filter - [Triage Batch] N=10 | noise=0 | high-risk=1610
2026-05-21 13:16:07,499 [INFO] src.triage.tfidf_filter - [Triage] N=10 | theta_max_idf=2.0000 (fixed, theoretical_max=2.3026) | theta_tfidf=0.02
2026-05-21 13:16:07,499 [INFO] src.triage.tfidf_filter - [Triage Batch] N=10 | noise=0 | high-risk=1620
2026-05-21 13:16:07,499 [INFO] src.triage.tfidf_filter - [Triage] N=10 | theta_max_idf=2.0000 (fixed, theoretical_max=2.3026) | theta_tfidf=0.02
2026-05-21 13:16:07,499 [INFO] src.triage.tfidf_filter - [Triage Batch] N=10 | noise=0 | high-risk=1630
2026-05-21 13:16:07,499 [INFO] src.triage.tfidf_filter - [Triage] N=10 | theta_max_idf=2.0000 (fixed, theoretical_max=2.3026) | theta_tfidf=0.02
2026-05-21 13:16:07,499 [INFO] src.triage.tfidf_filter - [Triage Batch] N=10 | noise=0 | high-risk=1640
2026-05-21 13:16:07,499 [INFO] src.triage.tfidf_filter - [Triage] N=10 | theta_max_idf=2.0000 (fixed, theoretical_max=2.3026) | theta_tfidf=0.02
2026-05-21 13:16:07,499 [INFO] src.triage.tfidf_filter - [Triage Batch] N=10 | noise=0 | high-risk=1650
2026-05-21 13:16:07,499 [INFO] src.triage.tfidf_filter - [Triage] N=10 | theta_max_idf=2.0000 (fixed, theoretical_max=2.3026) | theta_tfidf=0.02
2026-05-21 13:16:07,499 [INFO] src.triage.tfidf_filter - [Triage Batch] N=10 | noise=0 | high-risk=1660
2026-05-21 13:16:07,499 [INFO] src.triage.tfidf_filter - [Triage] N=10 | theta_max_idf=2.0000 (fixed, theoretical_max=2.3026) | theta_tfidf=0.02
2026-05-21 13:16:07,543 [INFO] src.triage.tfidf_filter - [Triage Batch] N=10 | noise=0 | high-risk=1670
2026-05-21 13:16:07,543 [INFO] src.triage.tfidf_filter - [Triage] N=10 | theta_max_idf=2.0000 (fixed, theoretical_max=2.3026) | theta_tfidf=0.02
2026-05-21 13:16:07,543 [INFO] src.triage.tfidf_filter - [Triage Batch] N=10 | noise=0 | high-risk=1680
2026-05-21 13:16:07,543 [INFO] src.triage.tfidf_filter - [Triage] N=10 | theta_max_idf=2.0000 (fixed, theoretical_max=2.3026) | theta_tfidf=0.02
2026-05-21 13:16:07,543 [INFO] src.triage.tfidf_filter - [Triage Batch] N=10 | noise=0 | high-risk=1690
2026-05-21 13:16:07,544 [INFO] src.triage.tfidf_filter - [Triage] N=10 | theta_max_idf=2.0000 (fixed, theoretical_max=2.3026) | theta_tfidf=0.02
2026-05-21 13:16:07,544 [INFO] src.triage.tfidf_filter - [Triage Batch] N=10 | noise=0 | high-risk=1700
2026-05-21 13:16:07,544 [INFO] src.triage.tfidf_filter - [Triage] N=10 | theta_max_idf=2.0000 (fixed, theoretical_max=2.3026) | theta_tfidf=0.02
2026-05-21 13:16:07,544 [INFO] src.triage.tfidf_filter - [Triage Batch] N=10 | noise=0 | high-risk=1710
2026-05-21 13:16:07,544 [INFO] src.triage.tfidf_filter - [Triage] N=10 | theta_max_idf=2.0000 (fixed, theoretical_max=2.3026) | theta_tfidf=0.02
2026-05-21 13:16:07,545 [INFO] src.triage.tfidf_filter - [Triage Batch] N=10 | noise=0 | high-risk=1720
2026-05-21 13:16:07,545 [INFO] src.triage.tfidf_filter - [Triage] N=10 | theta_max_idf=2.0000 (fixed, theoretical_max=2.3026) | theta_tfidf=0.02
2026-05-21 13:16:07,545 [INFO] src.triage.tfidf_filter - [Triage Batch] N=10 | noise=0 | high-risk=1730
2026-05-21 13:16:07,545 [INFO] src.triage.tfidf_filter - [Triage] N=10 | theta_max_idf=2.0000 (fixed, theoretical_max=2.3026) | theta_tfidf=0.02
2026-05-21 13:16:07,545 [INFO] src.triage.tfidf_filter - [Triage Batch] N=10 | noise=0 | high-risk=1740
2026-05-21 13:16:07,545 [INFO] src.triage.tfidf_filter - [Triage] N=10 | theta_max_idf=2.0000 (fixed, theoretical_max=2.3026) | theta_tfidf=0.02
2026-05-21 13:16:07,545 [INFO] src.triage.tfidf_filter - [Triage Batch] N=10 | noise=0 | high-risk=1750
2026-05-21 13:16:07,546 [INFO] src.triage.tfidf_filter - [Triage] N=10 | theta_max_idf=2.0000 (fixed, theoretical_max=2.3026) | theta_tfidf=0.02
2026-05-21 13:16:07,546 [INFO] src.triage.tfidf_filter - [Triage Batch] N=10 | noise=0 | high-risk=1760
2026-05-21 13:16:07,546 [INFO] src.triage.tfidf_filter - [Triage] N=10 | theta_max_idf=2.0000 (fixed, theoretical_max=2.3026) | theta_tfidf=0.02
2026-05-21 13:16:07,546 [INFO] src.triage.tfidf_filter - [Triage Batch] N=10 | noise=0 | high-risk=1770
2026-05-21 13:16:07,546 [INFO] src.triage.tfidf_filter - [Triage] N=10 | theta_max_idf=2.0000 (fixed, theoretical_max=2.3026) | theta_tfidf=0.02
2026-05-21 13:16:07,546 [INFO] src.triage.tfidf_filter - [Triage Batch] N=10 | noise=0 | high-risk=1780
2026-05-21 13:16:07,546 [INFO] src.triage.tfidf_filter - [Triage] N=10 | theta_max_idf=2.0000 (fixed, theoretical_max=2.3026) | theta_tfidf=0.02
2026-05-21 13:16:07,546 [INFO] src.triage.tfidf_filter - [Triage Batch] N=10 | noise=0 | high-risk=1790
2026-05-21 13:16:07,546 [INFO] src.triage.tfidf_filter - [Triage] N=10 | theta_max_idf=2.0000 (fixed, theoretical_max=2.3026) | theta_tfidf=0.02
2026-05-21 13:16:07,546 [INFO] src.triage.tfidf_filter - [Triage Batch] N=10 | noise=0 | high-risk=1800
2026-05-21 13:16:07,547 [INFO] src.triage.tfidf_filter - [Triage] N=10 | theta_max_idf=2.0000 (fixed, theoretical_max=2.3026) | theta_tfidf=0.02
2026-05-21 13:16:07,547 [INFO] src.triage.tfidf_filter - [Triage Batch] N=10 | noise=0 | high-risk=1810
2026-05-21 13:16:07,547 [INFO] src.triage.tfidf_filter - [Triage] N=10 | theta_max_idf=2.0000 (fixed, theoretical_max=2.3026) | theta_tfidf=0.02
2026-05-21 13:16:07,547 [INFO] src.triage.tfidf_filter - [Triage Batch] N=10 | noise=0 | high-risk=1820
2026-05-21 13:16:07,547 [INFO] src.triage.tfidf_filter - [Triage] N=10 | theta_max_idf=2.0000 (fixed, theoretical_max=2.3026) | theta_tfidf=0.02
2026-05-21 13:16:07,547 [INFO] src.triage.tfidf_filter - [Triage Batch] N=10 | noise=0 | high-risk=1830
2026-05-21 13:16:07,547 [INFO] src.triage.tfidf_filter - [Triage] N=10 | theta_max_idf=2.0000 (fixed, theoretical_max=2.3026) | theta_tfidf=0.02
2026-05-21 13:16:07,547 [INFO] src.triage.tfidf_filter - [Triage Batch] N=10 | noise=0 | high-risk=1840
2026-05-21 13:16:07,547 [INFO] src.triage.tfidf_filter - [Triage] N=10 | theta_max_idf=2.0000 (fixed, theoretical_max=2.3026) | theta_tfidf=0.02
2026-05-21 13:16:07,547 [INFO] src.triage.tfidf_filter - [Triage Batch] N=10 | noise=0 | high-risk=1850
2026-05-21 13:16:07,547 [INFO] src.triage.tfidf_filter - [Triage] N=10 | theta_max_idf=2.0000 (fixed, theoretical_max=2.3026) | theta_tfidf=0.02
2026-05-21 13:16:07,547 [INFO] src.triage.tfidf_filter - [Triage Batch] N=10 | noise=0 | high-risk=1860
2026-05-21 13:16:07,547 [INFO] src.triage.tfidf_filter - [Triage] N=10 | theta_max_idf=2.0000 (fixed, theoretical_max=2.3026) | theta_tfidf=0.02
2026-05-21 13:16:07,547 [INFO] src.triage.tfidf_filter - [Triage Batch] N=10 | noise=0 | high-risk=1870
2026-05-21 13:16:07,547 [INFO] src.triage.tfidf_filter - [Triage] N=10 | theta_max_idf=2.0000 (fixed, theoretical_max=2.3026) | theta_tfidf=0.02
2026-05-21 13:16:07,547 [INFO] src.triage.tfidf_filter - [Triage Batch] N=10 | noise=0 | high-risk=1880
2026-05-21 13:16:07,549 [INFO] src.triage.tfidf_filter - [Triage] N=10 | theta_max_idf=2.0000 (fixed, theoretical_max=2.3026) | theta_tfidf=0.02
2026-05-21 13:16:07,549 [INFO] src.triage.tfidf_filter - [Triage Batch] N=10 | noise=0 | high-risk=1890
2026-05-21 13:16:07,549 [INFO] src.triage.tfidf_filter - [Triage] N=10 | theta_max_idf=2.0000 (fixed, theoretical_max=2.3026) | theta_tfidf=0.02
2026-05-21 13:16:07,549 [INFO] src.triage.tfidf_filter - [Triage Batch] N=10 | noise=0 | high-risk=1900
2026-05-21 13:16:07,549 [INFO] src.triage.tfidf_filter - [Triage] N=10 | theta_max_idf=2.0000 (fixed, theoretical_max=2.3026) | theta_tfidf=0.02
2026-05-21 13:16:07,549 [INFO] src.triage.tfidf_filter - [Triage Batch] N=10 | noise=0 | high-risk=1910
2026-05-21 13:16:07,549 [INFO] src.triage.tfidf_filter - [Triage] N=10 | theta_max_idf=2.0000 (fixed, theoretical_max=2.3026) | theta_tfidf=0.02
2026-05-21 13:16:07,549 [INFO] src.triage.tfidf_filter - [Triage Batch] N=10 | noise=0 | high-risk=1920
2026-05-21 13:16:07,549 [INFO] src.triage.tfidf_filter - [Triage] N=10 | theta_max_idf=2.0000 (fixed, theoretical_max=2.3026) | theta_tfidf=0.02
2026-05-21 13:16:07,549 [INFO] src.triage.tfidf_filter - [Triage Batch] N=10 | noise=0 | high-risk=1930
2026-05-21 13:16:07,550 [INFO] src.triage.tfidf_filter - [Triage] N=10 | theta_max_idf=2.0000 (fixed, theoretical_max=2.3026) | theta_tfidf=0.02
2026-05-21 13:16:07,550 [INFO] src.triage.tfidf_filter - [Triage Batch] N=10 | noise=0 | high-risk=1940
2026-05-21 13:16:07,550 [INFO] src.triage.tfidf_filter - [Triage] N=10 | theta_max_idf=2.0000 (fixed, theoretical_max=2.3026) | theta_tfidf=0.02
2026-05-21 13:16:07,550 [INFO] src.triage.tfidf_filter - [Triage Batch] N=10 | noise=0 | high-risk=1950
2026-05-21 13:16:07,550 [INFO] src.triage.tfidf_filter - [Triage] N=10 | theta_max_idf=2.0000 (fixed, theoretical_max=2.3026) | theta_tfidf=0.02
2026-05-21 13:16:07,550 [INFO] src.triage.tfidf_filter - [Triage Batch] N=10 | noise=0 | high-risk=1960
2026-05-21 13:16:07,550 [INFO] src.triage.tfidf_filter - [Triage] N=10 | theta_max_idf=2.0000 (fixed, theoretical_max=2.3026) | theta_tfidf=0.02
2026-05-21 13:16:07,550 [INFO] src.triage.tfidf_filter - [Triage Batch] N=10 | noise=0 | high-risk=1970
2026-05-21 13:16:07,550 [INFO] src.triage.tfidf_filter - [Triage] N=10 | theta_max_idf=2.0000 (fixed, theoretical_max=2.3026) | theta_tfidf=0.02
2026-05-21 13:16:07,551 [INFO] src.triage.tfidf_filter - [Triage Batch] N=10 | noise=0 | high-risk=1980
2026-05-21 13:16:07,551 [INFO] src.triage.tfidf_filter - [Triage] N=10 | theta_max_idf=2.0000 (fixed, theoretical_max=2.3026) | theta_tfidf=0.02
2026-05-21 13:16:07,551 [INFO] src.triage.tfidf_filter - [Triage Batch] N=10 | noise=0 | high-risk=1990
2026-05-21 13:16:07,551 [INFO] src.triage.tfidf_filter - [Triage] N=10 | theta_max_idf=2.0000 (fixed, theoretical_max=2.3026) | theta_tfidf=0.02
2026-05-21 13:16:07,551 [INFO] src.triage.tfidf_filter - [Triage Batch] N=10 | noise=0 | high-risk=2000
2026-05-21 13:16:07,551 [INFO] src.triage.tfidf_filter - [Triage] N=10 | theta_max_idf=2.0000 (fixed, theoretical_max=2.3026) | theta_tfidf=0.02
2026-05-21 13:16:07,551 [INFO] src.triage.tfidf_filter - [Triage Batch] N=10 | noise=0 | high-risk=2010
2026-05-21 13:16:07,551 [INFO] src.triage.tfidf_filter - [Triage] N=10 | theta_max_idf=2.0000 (fixed, theoretical_max=2.3026) | theta_tfidf=0.02
2026-05-21 13:16:07,552 [INFO] src.triage.tfidf_filter - [Triage Batch] N=10 | noise=0 | high-risk=2020
2026-05-21 13:16:07,552 [INFO] src.triage.tfidf_filter - [Triage] N=10 | theta_max_idf=2.0000 (fixed, theoretical_max=2.3026) | theta_tfidf=0.02
2026-05-21 13:16:07,552 [INFO] src.triage.tfidf_filter - [Triage Batch] N=10 | noise=0 | high-risk=2030
2026-05-21 13:16:07,552 [INFO] src.triage.tfidf_filter - [Triage] N=10 | theta_max_idf=2.0000 (fixed, theoretical_max=2.3026) | theta_tfidf=0.02
2026-05-21 13:16:07,552 [INFO] src.triage.tfidf_filter - [Triage Batch] N=10 | noise=0 | high-risk=2040
2026-05-21 13:16:07,552 [INFO] src.triage.tfidf_filter - [Triage] N=10 | theta_max_idf=2.0000 (fixed, theoretical_max=2.3026) | theta_tfidf=0.02
2026-05-21 13:16:07,552 [INFO] src.triage.tfidf_filter - [Triage Batch] N=10 | noise=0 | high-risk=2050
2026-05-21 13:16:07,552 [INFO] src.triage.tfidf_filter - [Triage] N=10 | theta_max_idf=2.0000 (fixed, theoretical_max=2.3026) | theta_tfidf=0.02
2026-05-21 13:16:07,553 [INFO] src.triage.tfidf_filter - [Triage Batch] N=10 | noise=0 | high-risk=2060
2026-05-21 13:16:07,553 [INFO] src.triage.tfidf_filter - [Triage] N=10 | theta_max_idf=2.0000 (fixed, theoretical_max=2.3026) | theta_tfidf=0.02
2026-05-21 13:16:07,553 [INFO] src.triage.tfidf_filter - [Triage Batch] N=10 | noise=0 | high-risk=2070
2026-05-21 13:16:07,553 [INFO] src.triage.tfidf_filter - [Triage] N=10 | theta_max_idf=2.0000 (fixed, theoretical_max=2.3026) | theta_tfidf=0.02
2026-05-21 13:16:07,553 [INFO] src.triage.tfidf_filter - [Triage Batch] N=10 | noise=0 | high-risk=2080
2026-05-21 13:16:07,553 [INFO] src.triage.tfidf_filter - [Triage] N=10 | theta_max_idf=2.0000 (fixed, theoretical_max=2.3026) | theta_tfidf=0.02
2026-05-21 13:16:07,553 [INFO] src.triage.tfidf_filter - [Triage Batch] N=10 | noise=0 | high-risk=2090
2026-05-21 13:16:07,554 [INFO] src.triage.tfidf_filter - [Triage] N=10 | theta_max_idf=2.0000 (fixed, theoretical_max=2.3026) | theta_tfidf=0.02
2026-05-21 13:16:07,554 [INFO] src.triage.tfidf_filter - [Triage Batch] N=10 | noise=0 | high-risk=2100
2026-05-21 13:16:07,554 [INFO] src.triage.tfidf_filter - [Triage] N=10 | theta_max_idf=2.0000 (fixed, theoretical_max=2.3026) | theta_tfidf=0.02
2026-05-21 13:16:07,554 [INFO] src.triage.tfidf_filter - [Triage Batch] N=10 | noise=0 | high-risk=2110
2026-05-21 13:16:07,554 [INFO] src.triage.tfidf_filter - [Triage] N=10 | theta_max_idf=2.0000 (fixed, theoretical_max=2.3026) | theta_tfidf=0.02
2026-05-21 13:16:07,554 [INFO] src.triage.tfidf_filter - [Triage Batch] N=10 | noise=0 | high-risk=2120
2026-05-21 13:16:07,554 [INFO] src.triage.tfidf_filter - [Triage] N=10 | theta_max_idf=2.0000 (fixed, theoretical_max=2.3026) | theta_tfidf=0.02
2026-05-21 13:16:07,555 [INFO] src.triage.tfidf_filter - [Triage Batch] N=10 | noise=0 | high-risk=2130
2026-05-21 13:16:07,555 [INFO] src.triage.tfidf_filter - [Triage] N=10 | theta_max_idf=2.0000 (fixed, theoretical_max=2.3026) | theta_tfidf=0.02
2026-05-21 13:16:07,555 [INFO] src.triage.tfidf_filter - [Triage Batch] N=10 | noise=0 | high-risk=2140
2026-05-21 13:16:07,555 [INFO] src.triage.tfidf_filter - [Triage] N=10 | theta_max_idf=2.0000 (fixed, theoretical_max=2.3026) | theta_tfidf=0.02
2026-05-21 13:16:07,555 [INFO] src.triage.tfidf_filter - [Triage Batch] N=10 | noise=0 | high-risk=2150
2026-05-21 13:16:07,555 [INFO] src.triage.tfidf_filter - [Triage] N=10 | theta_max_idf=2.0000 (fixed, theoretical_max=2.3026) | theta_tfidf=0.02
2026-05-21 13:16:07,555 [INFO] src.triage.tfidf_filter - [Triage Batch] N=10 | noise=0 | high-risk=2160
2026-05-21 13:16:07,555 [INFO] src.triage.tfidf_filter - [Triage] N=10 | theta_max_idf=2.0000 (fixed, theoretical_max=2.3026) | theta_tfidf=0.02
2026-05-21 13:16:07,555 [INFO] src.triage.tfidf_filter - [Triage Batch] N=10 | noise=0 | high-risk=2170
2026-05-21 13:16:07,555 [INFO] src.triage.tfidf_filter - [Triage] N=10 | theta_max_idf=2.0000 (fixed, theoretical_max=2.3026) | theta_tfidf=0.02
2026-05-21 13:16:07,555 [INFO] src.triage.tfidf_filter - [Triage Batch] N=10 | noise=0 | high-risk=2180
2026-05-21 13:16:07,556 [INFO] src.triage.tfidf_filter - [Triage] N=10 | theta_max_idf=2.0000 (fixed, theoretical_max=2.3026) | theta_tfidf=0.02
2026-05-21 13:16:07,556 [INFO] src.triage.tfidf_filter - [Triage Batch] N=10 | noise=0 | high-risk=2190
2026-05-21 13:16:07,556 [INFO] src.triage.tfidf_filter - [Triage] N=10 | theta_max_idf=2.0000 (fixed, theoretical_max=2.3026) | theta_tfidf=0.02
2026-05-21 13:16:07,557 [INFO] src.triage.tfidf_filter - [Triage Batch] N=10 | noise=0 | high-risk=2200
2026-05-21 13:16:07,557 [INFO] src.triage.tfidf_filter - [Triage] N=10 | theta_max_idf=2.0000 (fixed, theoretical_max=2.3026) | theta_tfidf=0.02
2026-05-21 13:16:07,557 [INFO] src.triage.tfidf_filter - [Triage Batch] N=10 | noise=0 | high-risk=2210
2026-05-21 13:16:07,557 [INFO] src.triage.tfidf_filter - [Triage] N=10 | theta_max_idf=2.0000 (fixed, theoretical_max=2.3026) | theta_tfidf=0.02
2026-05-21 13:16:07,557 [INFO] src.triage.tfidf_filter - [Triage Batch] N=10 | noise=0 | high-risk=2220
2026-05-21 13:16:07,557 [INFO] src.triage.tfidf_filter - [Triage] N=10 | theta_max_idf=2.0000 (fixed, theoretical_max=2.3026) | theta_tfidf=0.02
2026-05-21 13:16:07,557 [INFO] src.triage.tfidf_filter - [Triage Batch] N=10 | noise=0 | high-risk=2230
2026-05-21 13:16:07,557 [INFO] src.triage.tfidf_filter - [Triage] N=10 | theta_max_idf=2.0000 (fixed, theoretical_max=2.3026) | theta_tfidf=0.02
2026-05-21 13:16:07,557 [INFO] src.triage.tfidf_filter - [Triage Batch] N=10 | noise=0 | high-risk=2240
2026-05-21 13:16:07,557 [INFO] src.triage.tfidf_filter - [Triage] N=10 | theta_max_idf=2.0000 (fixed, theoretical_max=2.3026) | theta_tfidf=0.02
2026-05-21 13:16:07,557 [INFO] src.triage.tfidf_filter - [Triage Batch] N=10 | noise=0 | high-risk=2250
2026-05-21 13:16:07,557 [INFO] src.triage.tfidf_filter - [Triage] N=10 | theta_max_idf=2.0000 (fixed, theoretical_max=2.3026) | theta_tfidf=0.02
2026-05-21 13:16:07,557 [INFO] src.triage.tfidf_filter - [Triage Batch] N=10 | noise=0 | high-risk=2260
2026-05-21 13:16:07,558 [INFO] src.triage.tfidf_filter - [Triage] N=10 | theta_max_idf=2.0000 (fixed, theoretical_max=2.3026) | theta_tfidf=0.02
2026-05-21 13:16:07,558 [INFO] src.triage.tfidf_filter - [Triage Batch] N=10 | noise=0 | high-risk=2270
2026-05-21 13:16:07,558 [INFO] src.triage.tfidf_filter - [Triage] N=10 | theta_max_idf=2.0000 (fixed, theoretical_max=2.3026) | theta_tfidf=0.02
2026-05-21 13:16:07,558 [INFO] src.triage.tfidf_filter - [Triage Batch] N=10 | noise=0 | high-risk=2280
2026-05-21 13:16:07,558 [INFO] src.triage.tfidf_filter - [Triage] N=10 | theta_max_idf=2.0000 (fixed, theoretical_max=2.3026) | theta_tfidf=0.02
2026-05-21 13:16:07,558 [INFO] src.triage.tfidf_filter - [Triage Batch] N=10 | noise=0 | high-risk=2290
2026-05-21 13:16:07,558 [INFO] src.triage.tfidf_filter - [Triage] N=10 | theta_max_idf=2.0000 (fixed, theoretical_max=2.3026) | theta_tfidf=0.02
2026-05-21 13:16:07,558 [INFO] src.triage.tfidf_filter - [Triage Batch] N=10 | noise=0 | high-risk=2300
2026-05-21 13:16:07,558 [INFO] src.triage.tfidf_filter - [Triage] N=10 | theta_max_idf=2.0000 (fixed, theoretical_max=2.3026) | theta_tfidf=0.02
2026-05-21 13:16:07,558 [INFO] src.triage.tfidf_filter - [Triage Batch] N=10 | noise=0 | high-risk=2310
2026-05-21 13:16:07,558 [INFO] src.triage.tfidf_filter - [Triage] N=10 | theta_max_idf=2.0000 (fixed, theoretical_max=2.3026) | theta_tfidf=0.02
2026-05-21 13:16:07,558 [INFO] src.triage.tfidf_filter - [Triage Batch] N=10 | noise=0 | high-risk=2320
2026-05-21 13:16:07,559 [INFO] src.triage.tfidf_filter - [Triage] N=10 | theta_max_idf=2.0000 (fixed, theoretical_max=2.3026) | theta_tfidf=0.02
2026-05-21 13:16:07,559 [INFO] src.triage.tfidf_filter - [Triage Batch] N=10 | noise=0 | high-risk=2330
2026-05-21 13:16:07,559 [INFO] src.triage.tfidf_filter - [Triage] N=10 | theta_max_idf=2.0000 (fixed, theoretical_max=2.3026) | theta_tfidf=0.02
2026-05-21 13:16:07,559 [INFO] src.triage.tfidf_filter - [Triage Batch] N=10 | noise=0 | high-risk=2340
2026-05-21 13:16:07,559 [INFO] src.triage.tfidf_filter - [Triage] N=10 | theta_max_idf=2.0000 (fixed, theoretical_max=2.3026) | theta_tfidf=0.02
2026-05-21 13:16:07,559 [INFO] src.triage.tfidf_filter - [Triage Batch] N=10 | noise=0 | high-risk=2350
2026-05-21 13:16:07,559 [INFO] src.triage.tfidf_filter - [Triage] N=10 | theta_max_idf=2.0000 (fixed, theoretical_max=2.3026) | theta_tfidf=0.02
2026-05-21 13:16:07,559 [INFO] src.triage.tfidf_filter - [Triage Batch] N=10 | noise=0 | high-risk=2360
2026-05-21 13:16:07,559 [INFO] src.triage.tfidf_filter - [Triage] N=10 | theta_max_idf=2.0000 (fixed, theoretical_max=2.3026) | theta_tfidf=0.02
2026-05-21 13:16:07,559 [INFO] src.triage.tfidf_filter - [Triage Batch] N=10 | noise=0 | high-risk=2370
2026-05-21 13:16:07,559 [INFO] src.triage.tfidf_filter - [Triage] N=10 | theta_max_idf=2.0000 (fixed, theoretical_max=2.3026) | theta_tfidf=0.02
2026-05-21 13:16:07,559 [INFO] src.triage.tfidf_filter - [Triage Batch] N=10 | noise=0 | high-risk=2380
2026-05-21 13:16:07,560 [INFO] src.triage.tfidf_filter - [Triage] N=10 | theta_max_idf=2.0000 (fixed, theoretical_max=2.3026) | theta_tfidf=0.02
2026-05-21 13:16:07,560 [INFO] src.triage.tfidf_filter - [Triage Batch] N=10 | noise=0 | high-risk=2390
2026-05-21 13:16:07,560 [INFO] src.triage.tfidf_filter - [Triage] N=10 | theta_max_idf=2.0000 (fixed, theoretical_max=2.3026) | theta_tfidf=0.02
2026-05-21 13:16:07,560 [INFO] src.triage.tfidf_filter - [Triage Batch] N=10 | noise=0 | high-risk=2400
2026-05-21 13:16:07,560 [INFO] src.triage.tfidf_filter - [Triage] N=10 | theta_max_idf=2.0000 (fixed, theoretical_max=2.3026) | theta_tfidf=0.02
2026-05-21 13:16:07,560 [INFO] src.triage.tfidf_filter - [Triage Batch] N=10 | noise=0 | high-risk=2410
2026-05-21 13:16:07,560 [INFO] src.triage.tfidf_filter - [Triage] N=10 | theta_max_idf=2.0000 (fixed, theoretical_max=2.3026) | theta_tfidf=0.02
2026-05-21 13:16:07,560 [INFO] src.triage.tfidf_filter - [Triage Batch] N=10 | noise=0 | high-risk=2420
2026-05-21 13:16:07,560 [INFO] src.triage.tfidf_filter - [Triage] N=10 | theta_max_idf=2.0000 (fixed, theoretical_max=2.3026) | theta_tfidf=0.02
2026-05-21 13:16:07,560 [INFO] src.triage.tfidf_filter - [Triage Batch] N=10 | noise=0 | high-risk=2430
2026-05-21 13:16:07,560 [INFO] src.triage.tfidf_filter - [Triage] N=10 | theta_max_idf=2.0000 (fixed, theoretical_max=2.3026) | theta_tfidf=0.02
2026-05-21 13:16:07,560 [INFO] src.triage.tfidf_filter - [Triage Batch] N=10 | noise=0 | high-risk=2440
2026-05-21 13:16:07,560 [INFO] src.triage.tfidf_filter - [Triage] N=10 | theta_max_idf=2.0000 (fixed, theoretical_max=2.3026) | theta_tfidf=0.02
2026-05-21 13:16:07,561 [INFO] src.triage.tfidf_filter - [Triage Batch] N=10 | noise=0 | high-risk=2450
2026-05-21 13:16:07,561 [INFO] src.triage.tfidf_filter - [Triage] N=10 | theta_max_idf=2.0000 (fixed, theoretical_max=2.3026) | theta_tfidf=0.02
2026-05-21 13:16:07,561 [INFO] src.triage.tfidf_filter - [Triage Batch] N=10 | noise=0 | high-risk=2460
2026-05-21 13:16:07,561 [INFO] src.triage.tfidf_filter - [Triage] N=10 | theta_max_idf=2.0000 (fixed, theoretical_max=2.3026) | theta_tfidf=0.02
2026-05-21 13:16:07,561 [INFO] src.triage.tfidf_filter - [Triage Batch] N=10 | noise=0 | high-risk=2470
2026-05-21 13:16:07,561 [INFO] src.triage.tfidf_filter - [Triage] N=10 | theta_max_idf=2.0000 (fixed, theoretical_max=2.3026) | theta_tfidf=0.02
2026-05-21 13:16:07,561 [INFO] src.triage.tfidf_filter - [Triage Batch] N=10 | noise=0 | high-risk=2480
2026-05-21 13:16:07,561 [INFO] src.triage.tfidf_filter - [Triage] N=10 | theta_max_idf=2.0000 (fixed, theoretical_max=2.3026) | theta_tfidf=0.02
2026-05-21 13:16:07,561 [INFO] src.triage.tfidf_filter - [Triage Batch] N=10 | noise=0 | high-risk=2490
2026-05-21 13:16:07,561 [INFO] src.triage.tfidf_filter - [Triage] N=10 | theta_max_idf=2.0000 (fixed, theoretical_max=2.3026) | theta_tfidf=0.02
2026-05-21 13:16:07,561 [INFO] src.triage.tfidf_filter - [Triage Batch] N=10 | noise=0 | high-risk=2500
2026-05-21 13:16:07,561 [INFO] src.triage.tfidf_filter - [Triage] N=10 | theta_max_idf=2.0000 (fixed, theoretical_max=2.3026) | theta_tfidf=0.02
2026-05-21 13:16:07,561 [INFO] src.triage.tfidf_filter - [Triage Batch] N=10 | noise=0 | high-risk=2510
2026-05-21 13:16:07,561 [INFO] src.triage.tfidf_filter - [Triage] N=10 | theta_max_idf=2.0000 (fixed, theoretical_max=2.3026) | theta_tfidf=0.02
2026-05-21 13:16:07,562 [INFO] src.triage.tfidf_filter - [Triage Batch] N=10 | noise=0 | high-risk=2520
2026-05-21 13:16:07,562 [INFO] src.triage.tfidf_filter - [Triage] N=10 | theta_max_idf=2.0000 (fixed, theoretical_max=2.3026) | theta_tfidf=0.02
2026-05-21 13:16:07,562 [INFO] src.triage.tfidf_filter - [Triage Batch] N=10 | noise=0 | high-risk=2530
2026-05-21 13:16:07,562 [INFO] src.triage.tfidf_filter - [Triage] N=10 | theta_max_idf=2.0000 (fixed, theoretical_max=2.3026) | theta_tfidf=0.02
2026-05-21 13:16:07,562 [INFO] src.triage.tfidf_filter - [Triage Batch] N=10 | noise=0 | high-risk=2540
2026-05-21 13:16:07,562 [INFO] src.triage.tfidf_filter - [Triage] N=10 | theta_max_idf=2.0000 (fixed, theoretical_max=2.3026) | theta_tfidf=0.02
2026-05-21 13:16:07,562 [INFO] src.triage.tfidf_filter - [Triage Batch] N=10 | noise=0 | high-risk=2550
2026-05-21 13:16:07,562 [INFO] src.triage.tfidf_filter - [Triage] N=10 | theta_max_idf=2.0000 (fixed, theoretical_max=2.3026) | theta_tfidf=0.02
2026-05-21 13:16:07,562 [INFO] src.triage.tfidf_filter - [Triage Batch] N=10 | noise=0 | high-risk=2560
2026-05-21 13:16:07,562 [INFO] src.triage.tfidf_filter - [Triage] N=10 | theta_max_idf=2.0000 (fixed, theoretical_max=2.3026) | theta_tfidf=0.02
2026-05-21 13:16:07,562 [INFO] src.triage.tfidf_filter - [Triage Batch] N=10 | noise=0 | high-risk=2570
2026-05-21 13:16:07,562 [INFO] src.triage.tfidf_filter - [Triage] N=10 | theta_max_idf=2.0000 (fixed, theoretical_max=2.3026) | theta_tfidf=0.02
2026-05-21 13:16:07,562 [INFO] src.triage.tfidf_filter - [Triage Batch] N=10 | noise=0 | high-risk=2580
2026-05-21 13:16:07,562 [INFO] src.triage.tfidf_filter - [Triage] N=10 | theta_max_idf=2.0000 (fixed, theoretical_max=2.3026) | theta_tfidf=0.02
2026-05-21 13:16:07,563 [INFO] src.triage.tfidf_filter - [Triage Batch] N=10 | noise=0 | high-risk=2590
2026-05-21 13:16:07,563 [INFO] src.triage.tfidf_filter - [Triage] N=10 | theta_max_idf=2.0000 (fixed, theoretical_max=2.3026) | theta_tfidf=0.02
2026-05-21 13:16:07,563 [INFO] src.triage.tfidf_filter - [Triage Batch] N=10 | noise=0 | high-risk=2600
2026-05-21 13:16:07,563 [INFO] src.triage.tfidf_filter - [Triage] N=10 | theta_max_idf=2.0000 (fixed, theoretical_max=2.3026) | theta_tfidf=0.02
2026-05-21 13:16:07,563 [INFO] src.triage.tfidf_filter - [Triage Batch] N=10 | noise=0 | high-risk=2610
2026-05-21 13:16:07,563 [INFO] src.triage.tfidf_filter - [Triage] N=10 | theta_max_idf=2.0000 (fixed, theoretical_max=2.3026) | theta_tfidf=0.02
2026-05-21 13:16:07,563 [INFO] src.triage.tfidf_filter - [Triage Batch] N=10 | noise=0 | high-risk=2620
2026-05-21 13:16:07,563 [INFO] src.triage.tfidf_filter - [Triage] N=10 | theta_max_idf=2.0000 (fixed, theoretical_max=2.3026) | theta_tfidf=0.02
2026-05-21 13:16:07,563 [INFO] src.triage.tfidf_filter - [Triage Batch] N=10 | noise=0 | high-risk=2630
2026-05-21 13:16:07,563 [INFO] src.triage.tfidf_filter - [Triage] N=10 | theta_max_idf=2.0000 (fixed, theoretical_max=2.3026) | theta_tfidf=0.02
2026-05-21 13:16:07,563 [INFO] src.triage.tfidf_filter - [Triage Batch] N=10 | noise=0 | high-risk=2640
2026-05-21 13:16:07,563 [INFO] src.triage.tfidf_filter - [Triage] N=10 | theta_max_idf=2.0000 (fixed, theoretical_max=2.3026) | theta_tfidf=0.02
2026-05-21 13:16:07,563 [INFO] src.triage.tfidf_filter - [Triage Batch] N=10 | noise=0 | high-risk=2650
2026-05-21 13:16:07,563 [INFO] src.triage.tfidf_filter - [Triage] N=10 | theta_max_idf=2.0000 (fixed, theoretical_max=2.3026) | theta_tfidf=0.02
2026-05-21 13:16:07,564 [INFO] src.triage.tfidf_filter - [Triage Batch] N=10 | noise=0 | high-risk=2660
2026-05-21 13:16:07,564 [INFO] src.triage.tfidf_filter - [Triage] N=10 | theta_max_idf=2.0000 (fixed, theoretical_max=2.3026) | theta_tfidf=0.02
2026-05-21 13:16:07,564 [INFO] src.triage.tfidf_filter - [Triage Batch] N=10 | noise=0 | high-risk=2670
2026-05-21 13:16:07,564 [INFO] src.triage.tfidf_filter - [Triage] N=10 | theta_max_idf=2.0000 (fixed, theoretical_max=2.3026) | theta_tfidf=0.02
2026-05-21 13:16:07,564 [INFO] src.triage.tfidf_filter - [Triage Batch] N=10 | noise=0 | high-risk=2680
2026-05-21 13:16:07,564 [INFO] src.triage.tfidf_filter - [Triage] N=10 | theta_max_idf=2.0000 (fixed, theoretical_max=2.3026) | theta_tfidf=0.02
2026-05-21 13:16:07,564 [INFO] src.triage.tfidf_filter - [Triage Batch] N=10 | noise=0 | high-risk=2690
2026-05-21 13:16:07,564 [INFO] src.triage.tfidf_filter - [Triage] N=10 | theta_max_idf=2.0000 (fixed, theoretical_max=2.3026) | theta_tfidf=0.02
2026-05-21 13:16:07,564 [INFO] src.triage.tfidf_filter - [Triage Batch] N=10 | noise=0 | high-risk=2700
2026-05-21 13:16:07,564 [INFO] src.triage.tfidf_filter - [Triage] N=10 | theta_max_idf=2.0000 (fixed, theoretical_max=2.3026) | theta_tfidf=0.02
2026-05-21 13:16:07,564 [INFO] src.triage.tfidf_filter - [Triage Batch] N=10 | noise=0 | high-risk=2710
2026-05-21 13:16:07,564 [INFO] src.triage.tfidf_filter - [Triage] N=10 | theta_max_idf=2.0000 (fixed, theoretical_max=2.3026) | theta_tfidf=0.02
2026-05-21 13:16:07,564 [INFO] src.triage.tfidf_filter - [Triage Batch] N=10 | noise=0 | high-risk=2720
2026-05-21 13:16:07,564 [INFO] src.triage.tfidf_filter - [Triage] N=10 | theta_max_idf=2.0000 (fixed, theoretical_max=2.3026) | theta_tfidf=0.02
2026-05-21 13:16:07,564 [INFO] src.triage.tfidf_filter - [Triage Batch] N=10 | noise=0 | high-risk=2730
2026-05-21 13:16:07,565 [INFO] src.triage.tfidf_filter - [Triage] N=10 | theta_max_idf=2.0000 (fixed, theoretical_max=2.3026) | theta_tfidf=0.02
2026-05-21 13:16:07,565 [INFO] src.triage.tfidf_filter - [Triage Batch] N=10 | noise=0 | high-risk=2740
2026-05-21 13:16:07,565 [INFO] src.triage.tfidf_filter - [Triage] N=10 | theta_max_idf=2.0000 (fixed, theoretical_max=2.3026) | theta_tfidf=0.02
2026-05-21 13:16:07,565 [INFO] src.triage.tfidf_filter - [Triage Batch] N=10 | noise=0 | high-risk=2750
2026-05-21 13:16:07,565 [INFO] src.triage.tfidf_filter - [Triage] N=10 | theta_max_idf=2.0000 (fixed, theoretical_max=2.3026) | theta_tfidf=0.02
2026-05-21 13:16:07,565 [INFO] src.triage.tfidf_filter - [Triage Batch] N=10 | noise=0 | high-risk=2760
2026-05-21 13:16:07,565 [INFO] src.triage.tfidf_filter - [Triage] N=10 | theta_max_idf=2.0000 (fixed, theoretical_max=2.3026) | theta_tfidf=0.02
2026-05-21 13:16:07,565 [INFO] src.triage.tfidf_filter - [Triage Batch] N=10 | noise=0 | high-risk=2770
2026-05-21 13:16:07,565 [INFO] src.triage.tfidf_filter - [Triage] N=10 | theta_max_idf=2.0000 (fixed, theoretical_max=2.3026) | theta_tfidf=0.02
2026-05-21 13:16:07,565 [INFO] src.triage.tfidf_filter - [Triage Batch] N=10 | noise=0 | high-risk=2780
2026-05-21 13:16:07,565 [INFO] src.triage.tfidf_filter - [Triage] N=10 | theta_max_idf=2.0000 (fixed, theoretical_max=2.3026) | theta_tfidf=0.02
2026-05-21 13:16:07,565 [INFO] src.triage.tfidf_filter - [Triage Batch] N=10 | noise=0 | high-risk=2790
2026-05-21 13:16:07,565 [INFO] src.triage.tfidf_filter - [Triage] N=10 | theta_max_idf=2.0000 (fixed, theoretical_max=2.3026) | theta_tfidf=0.02
2026-05-21 13:16:07,565 [INFO] src.triage.tfidf_filter - [Triage Batch] N=10 | noise=0 | high-risk=2800
2026-05-21 13:16:07,565 [INFO] src.triage.tfidf_filter - [Triage] N=10 | theta_max_idf=2.0000 (fixed, theoretical_max=2.3026) | theta_tfidf=0.02
2026-05-21 13:16:07,565 [INFO] src.triage.tfidf_filter - [Triage Batch] N=10 | noise=0 | high-risk=2810
2026-05-21 13:16:07,566 [INFO] src.triage.tfidf_filter - [Triage] N=10 | theta_max_idf=2.0000 (fixed, theoretical_max=2.3026) | theta_tfidf=0.02
2026-05-21 13:16:07,566 [INFO] src.triage.tfidf_filter - [Triage Batch] N=10 | noise=0 | high-risk=2820
2026-05-21 13:16:07,566 [INFO] src.triage.tfidf_filter - [Triage] N=10 | theta_max_idf=2.0000 (fixed, theoretical_max=2.3026) | theta_tfidf=0.02
2026-05-21 13:16:07,566 [INFO] src.triage.tfidf_filter - [Triage Batch] N=10 | noise=0 | high-risk=2830
2026-05-21 13:16:07,566 [INFO] src.triage.tfidf_filter - [Triage] N=10 | theta_max_idf=2.0000 (fixed, theoretical_max=2.3026) | theta_tfidf=0.02
2026-05-21 13:16:07,566 [INFO] src.triage.tfidf_filter - [Triage Batch] N=10 | noise=0 | high-risk=2840
2026-05-21 13:16:07,566 [INFO] src.triage.tfidf_filter - [Triage] N=10 | theta_max_idf=2.0000 (fixed, theoretical_max=2.3026) | theta_tfidf=0.02
2026-05-21 13:16:07,566 [INFO] src.triage.tfidf_filter - [Triage Batch] N=10 | noise=0 | high-risk=2850
2026-05-21 13:16:07,566 [INFO] src.triage.tfidf_filter - [Triage] N=10 | theta_max_idf=2.0000 (fixed, theoretical_max=2.3026) | theta_tfidf=0.02
2026-05-21 13:16:07,566 [INFO] src.triage.tfidf_filter - [Triage Batch] N=10 | noise=0 | high-risk=2860
2026-05-21 13:16:07,566 [INFO] src.triage.tfidf_filter - [Triage] N=10 | theta_max_idf=2.0000 (fixed, theoretical_max=2.3026) | theta_tfidf=0.02
2026-05-21 13:16:07,566 [INFO] src.triage.tfidf_filter - [Triage Batch] N=10 | noise=0 | high-risk=2870
2026-05-21 13:16:07,566 [INFO] src.triage.tfidf_filter - [Triage] N=10 | theta_max_idf=2.0000 (fixed, theoretical_max=2.3026) | theta_tfidf=0.02
2026-05-21 13:16:07,566 [INFO] src.triage.tfidf_filter - [Triage Batch] N=10 | noise=0 | high-risk=2880
2026-05-21 13:16:07,566 [INFO] src.triage.tfidf_filter - [Triage] N=10 | theta_max_idf=2.0000 (fixed, theoretical_max=2.3026) | theta_tfidf=0.02
2026-05-21 13:16:07,566 [INFO] src.triage.tfidf_filter - [Triage Batch] N=10 | noise=0 | high-risk=2890
2026-05-21 13:16:07,566 [INFO] src.triage.tfidf_filter - [Triage] N=10 | theta_max_idf=2.0000 (fixed, theoretical_max=2.3026) | theta_tfidf=0.02
2026-05-21 13:16:07,566 [INFO] src.triage.tfidf_filter - [Triage Batch] N=10 | noise=0 | high-risk=2900
2026-05-21 13:16:07,567 [INFO] src.triage.tfidf_filter - [Triage] N=10 | theta_max_idf=2.0000 (fixed, theoretical_max=2.3026) | theta_tfidf=0.02
2026-05-21 13:16:07,567 [INFO] src.triage.tfidf_filter - [Triage Batch] N=10 | noise=0 | high-risk=2910
2026-05-21 13:16:07,567 [INFO] src.triage.tfidf_filter - [Triage] N=10 | theta_max_idf=2.0000 (fixed, theoretical_max=2.3026) | theta_tfidf=0.02
2026-05-21 13:16:07,567 [INFO] src.triage.tfidf_filter - [Triage Batch] N=10 | noise=0 | high-risk=2920
2026-05-21 13:16:07,567 [INFO] src.triage.tfidf_filter - [Triage] N=10 | theta_max_idf=2.0000 (fixed, theoretical_max=2.3026) | theta_tfidf=0.02
2026-05-21 13:16:07,567 [INFO] src.triage.tfidf_filter - [Triage Batch] N=10 | noise=0 | high-risk=2930
2026-05-21 13:16:07,567 [INFO] src.triage.tfidf_filter - [Triage] N=10 | theta_max_idf=2.0000 (fixed, theoretical_max=2.3026) | theta_tfidf=0.02
2026-05-21 13:16:07,567 [INFO] src.triage.tfidf_filter - [Triage Batch] N=10 | noise=0 | high-risk=2940
2026-05-21 13:16:07,567 [INFO] src.triage.tfidf_filter - [Triage] N=10 | theta_max_idf=2.0000 (fixed, theoretical_max=2.3026) | theta_tfidf=0.02
2026-05-21 13:16:07,567 [INFO] src.triage.tfidf_filter - [Triage Batch] N=10 | noise=0 | high-risk=2950
2026-05-21 13:16:07,567 [INFO] src.triage.tfidf_filter - [Triage] N=10 | theta_max_idf=2.0000 (fixed, theoretical_max=2.3026) | theta_tfidf=0.02
2026-05-21 13:16:07,567 [INFO] src.triage.tfidf_filter - [Triage Batch] N=10 | noise=0 | high-risk=2960
2026-05-21 13:16:07,567 [INFO] src.triage.tfidf_filter - [Triage] N=10 | theta_max_idf=2.0000 (fixed, theoretical_max=2.3026) | theta_tfidf=0.02
2026-05-21 13:16:07,567 [INFO] src.triage.tfidf_filter - [Triage Batch] N=10 | noise=0 | high-risk=2970
2026-05-21 13:16:07,567 [INFO] src.triage.tfidf_filter - [Triage] N=10 | theta_max_idf=2.0000 (fixed, theoretical_max=2.3026) | theta_tfidf=0.02
2026-05-21 13:16:07,567 [INFO] src.triage.tfidf_filter - [Triage Batch] N=10 | noise=0 | high-risk=2980
2026-05-21 13:16:07,567 [INFO] src.triage.tfidf_filter - [Triage] N=10 | theta_max_idf=2.0000 (fixed, theoretical_max=2.3026) | theta_tfidf=0.02
2026-05-21 13:16:07,567 [INFO] src.triage.tfidf_filter - [Triage Batch] N=10 | noise=0 | high-risk=2990
2026-05-21 13:16:07,568 [INFO] src.triage.tfidf_filter - [Triage] N=10 | theta_max_idf=2.0000 (fixed, theoretical_max=2.3026) | theta_tfidf=0.02
2026-05-21 13:16:07,568 [INFO] src.triage.tfidf_filter - [Triage Batch] N=10 | noise=0 | high-risk=3000
2026-05-21 13:16:07,568 [INFO] src.triage.tfidf_filter - [Triage] N=10 | theta_max_idf=2.0000 (fixed, theoretical_max=2.3026) | theta_tfidf=0.02
2026-05-21 13:16:07,568 [INFO] src.triage.tfidf_filter - [Triage Batch] N=10 | noise=0 | high-risk=3010
2026-05-21 13:16:07,568 [INFO] src.triage.tfidf_filter - [Triage] N=10 | theta_max_idf=2.0000 (fixed, theoretical_max=2.3026) | theta_tfidf=0.02
2026-05-21 13:16:07,568 [INFO] src.triage.tfidf_filter - [Triage Batch] N=10 | noise=0 | high-risk=3020
2026-05-21 13:16:07,568 [INFO] src.triage.tfidf_filter - [Triage] N=10 | theta_max_idf=2.0000 (fixed, theoretical_max=2.3026) | theta_tfidf=0.02
2026-05-21 13:16:07,568 [INFO] src.triage.tfidf_filter - [Triage Batch] N=10 | noise=0 | high-risk=3030
2026-05-21 13:16:07,568 [INFO] src.triage.tfidf_filter - [Triage] N=10 | theta_max_idf=2.0000 (fixed, theoretical_max=2.3026) | theta_tfidf=0.02
2026-05-21 13:16:07,569 [INFO] src.triage.tfidf_filter - [Triage Batch] N=10 | noise=0 | high-risk=3040
2026-05-21 13:16:07,569 [INFO] src.triage.tfidf_filter - [Triage] N=10 | theta_max_idf=2.0000 (fixed, theoretical_max=2.3026) | theta_tfidf=0.02
2026-05-21 13:16:07,569 [INFO] src.triage.tfidf_filter - [Triage Batch] N=10 | noise=0 | high-risk=3050
2026-05-21 13:16:07,569 [INFO] src.triage.tfidf_filter - [Triage] N=10 | theta_max_idf=2.0000 (fixed, theoretical_max=2.3026) | theta_tfidf=0.02
2026-05-21 13:16:07,569 [INFO] src.triage.tfidf_filter - [Triage Batch] N=10 | noise=0 | high-risk=3060
2026-05-21 13:16:07,569 [INFO] src.triage.tfidf_filter - [Triage] N=10 | theta_max_idf=2.0000 (fixed, theoretical_max=2.3026) | theta_tfidf=0.02
2026-05-21 13:16:07,569 [INFO] src.triage.tfidf_filter - [Triage Batch] N=10 | noise=0 | high-risk=3070
2026-05-21 13:16:07,569 [INFO] src.triage.tfidf_filter - [Triage] N=10 | theta_max_idf=2.0000 (fixed, theoretical_max=2.3026) | theta_tfidf=0.02
2026-05-21 13:16:07,569 [INFO] src.triage.tfidf_filter - [Triage Batch] N=10 | noise=0 | high-risk=3080
2026-05-21 13:16:07,569 [INFO] src.triage.tfidf_filter - [Triage] N=10 | theta_max_idf=2.0000 (fixed, theoretical_max=2.3026) | theta_tfidf=0.02
2026-05-21 13:16:07,569 [INFO] src.triage.tfidf_filter - [Triage Batch] N=10 | noise=0 | high-risk=3090
2026-05-21 13:16:07,569 [INFO] src.triage.tfidf_filter - [Triage] N=10 | theta_max_idf=2.0000 (fixed, theoretical_max=2.3026) | theta_tfidf=0.02
2026-05-21 13:16:07,569 [INFO] src.triage.tfidf_filter - [Triage Batch] N=10 | noise=0 | high-risk=3100
2026-05-21 13:16:07,569 [INFO] src.triage.tfidf_filter - [Triage] N=10 | theta_max_idf=2.0000 (fixed, theoretical_max=2.3026) | theta_tfidf=0.02
2026-05-21 13:16:07,569 [INFO] src.triage.tfidf_filter - [Triage Batch] N=10 | noise=0 | high-risk=3110
2026-05-21 13:16:07,569 [INFO] src.triage.tfidf_filter - [Triage] N=10 | theta_max_idf=2.0000 (fixed, theoretical_max=2.3026) | theta_tfidf=0.02
2026-05-21 13:16:07,570 [INFO] src.triage.tfidf_filter - [Triage Batch] N=10 | noise=0 | high-risk=3120
2026-05-21 13:16:07,570 [INFO] src.triage.tfidf_filter - [Triage] N=10 | theta_max_idf=2.0000 (fixed, theoretical_max=2.3026) | theta_tfidf=0.02
2026-05-21 13:16:07,570 [INFO] src.triage.tfidf_filter - [Triage Batch] N=10 | noise=0 | high-risk=3130
2026-05-21 13:16:07,570 [INFO] src.triage.tfidf_filter - [Triage] N=10 | theta_max_idf=2.0000 (fixed, theoretical_max=2.3026) | theta_tfidf=0.02
2026-05-21 13:16:07,570 [INFO] src.triage.tfidf_filter - [Triage Batch] N=10 | noise=0 | high-risk=3140
2026-05-21 13:16:07,570 [INFO] src.triage.tfidf_filter - [Triage] N=10 | theta_max_idf=2.0000 (fixed, theoretical_max=2.3026) | theta_tfidf=0.02
2026-05-21 13:16:07,570 [INFO] src.triage.tfidf_filter - [Triage Batch] N=10 | noise=0 | high-risk=3150
2026-05-21 13:16:07,570 [INFO] src.triage.tfidf_filter - [Triage] N=10 | theta_max_idf=2.0000 (fixed, theoretical_max=2.3026) | theta_tfidf=0.02
2026-05-21 13:16:07,570 [INFO] src.triage.tfidf_filter - [Triage Batch] N=10 | noise=0 | high-risk=3160
2026-05-21 13:16:07,570 [INFO] src.triage.tfidf_filter - [Triage] N=10 | theta_max_idf=2.0000 (fixed, theoretical_max=2.3026) | theta_tfidf=0.02
2026-05-21 13:16:07,570 [INFO] src.triage.tfidf_filter - [Triage Batch] N=10 | noise=0 | high-risk=3170
2026-05-21 13:16:07,571 [INFO] src.triage.tfidf_filter - [Triage] N=10 | theta_max_idf=2.0000 (fixed, theoretical_max=2.3026) | theta_tfidf=0.02
2026-05-21 13:16:07,571 [INFO] src.triage.tfidf_filter - [Triage Batch] N=10 | noise=0 | high-risk=3180
2026-05-21 13:16:07,571 [INFO] src.triage.tfidf_filter - [Triage] N=10 | theta_max_idf=2.0000 (fixed, theoretical_max=2.3026) | theta_tfidf=0.02
2026-05-21 13:16:07,571 [INFO] src.triage.tfidf_filter - [Triage Batch] N=10 | noise=0 | high-risk=3190
2026-05-21 13:16:07,571 [INFO] src.triage.tfidf_filter - [Triage] N=10 | theta_max_idf=2.0000 (fixed, theoretical_max=2.3026) | theta_tfidf=0.02
2026-05-21 13:16:07,571 [INFO] src.triage.tfidf_filter - [Triage Batch] N=10 | noise=0 | high-risk=3200
2026-05-21 13:16:07,571 [INFO] src.triage.tfidf_filter - [Triage] N=10 | theta_max_idf=2.0000 (fixed, theoretical_max=2.3026) | theta_tfidf=0.02
2026-05-21 13:16:07,571 [INFO] src.triage.tfidf_filter - [Triage Batch] N=10 | noise=0 | high-risk=3210
2026-05-21 13:16:07,571 [INFO] src.triage.tfidf_filter - [Triage] N=10 | theta_max_idf=2.0000 (fixed, theoretical_max=2.3026) | theta_tfidf=0.02
2026-05-21 13:16:07,571 [INFO] src.triage.tfidf_filter - [Triage Batch] N=10 | noise=0 | high-risk=3220
2026-05-21 13:16:07,571 [INFO] src.triage.tfidf_filter - [Triage] N=10 | theta_max_idf=2.0000 (fixed, theoretical_max=2.3026) | theta_tfidf=0.02
2026-05-21 13:16:07,571 [INFO] src.triage.tfidf_filter - [Triage Batch] N=10 | noise=0 | high-risk=3230
2026-05-21 13:16:07,572 [INFO] src.triage.tfidf_filter - [Triage] N=10 | theta_max_idf=2.0000 (fixed, theoretical_max=2.3026) | theta_tfidf=0.02
2026-05-21 13:16:07,572 [INFO] src.triage.tfidf_filter - [Triage Batch] N=10 | noise=0 | high-risk=3240
2026-05-21 13:16:07,572 [INFO] src.triage.tfidf_filter - [Triage] N=10 | theta_max_idf=2.0000 (fixed, theoretical_max=2.3026) | theta_tfidf=0.02
2026-05-21 13:16:07,572 [INFO] src.triage.tfidf_filter - [Triage Batch] N=10 | noise=0 | high-risk=3250
2026-05-21 13:16:07,572 [INFO] src.triage.tfidf_filter - [Triage] N=10 | theta_max_idf=2.0000 (fixed, theoretical_max=2.3026) | theta_tfidf=0.02
2026-05-21 13:16:07,572 [INFO] src.triage.tfidf_filter - [Triage Batch] N=10 | noise=0 | high-risk=3260
2026-05-21 13:16:07,572 [INFO] src.triage.tfidf_filter - [Triage] N=10 | theta_max_idf=2.0000 (fixed, theoretical_max=2.3026) | theta_tfidf=0.02
2026-05-21 13:16:07,572 [INFO] src.triage.tfidf_filter - [Triage Batch] N=10 | noise=0 | high-risk=3270
2026-05-21 13:16:07,572 [INFO] src.triage.tfidf_filter - [Triage] N=10 | theta_max_idf=2.0000 (fixed, theoretical_max=2.3026) | theta_tfidf=0.02
2026-05-21 13:16:07,572 [INFO] src.triage.tfidf_filter - [Triage Batch] N=10 | noise=0 | high-risk=3280
2026-05-21 13:16:07,572 [INFO] src.triage.tfidf_filter - [Triage] N=10 | theta_max_idf=2.0000 (fixed, theoretical_max=2.3026) | theta_tfidf=0.02
2026-05-21 13:16:07,572 [INFO] src.triage.tfidf_filter - [Triage Batch] N=10 | noise=0 | high-risk=3290
2026-05-21 13:16:07,572 [INFO] src.triage.tfidf_filter - [Triage] N=10 | theta_max_idf=2.0000 (fixed, theoretical_max=2.3026) | theta_tfidf=0.02
2026-05-21 13:16:07,572 [INFO] src.triage.tfidf_filter - [Triage Batch] N=10 | noise=0 | high-risk=3300
2026-05-21 13:16:07,573 [INFO] src.triage.tfidf_filter - [Triage] N=10 | theta_max_idf=2.0000 (fixed, theoretical_max=2.3026) | theta_tfidf=0.02
2026-05-21 13:16:07,573 [INFO] src.triage.tfidf_filter - [Triage Batch] N=10 | noise=0 | high-risk=3310
2026-05-21 13:16:07,573 [INFO] src.triage.tfidf_filter - [Triage] N=10 | theta_max_idf=2.0000 (fixed, theoretical_max=2.3026) | theta_tfidf=0.02
2026-05-21 13:16:07,573 [INFO] src.triage.tfidf_filter - [Triage Batch] N=10 | noise=0 | high-risk=3320
2026-05-21 13:16:07,573 [INFO] src.triage.tfidf_filter - [Triage] N=10 | theta_max_idf=2.0000 (fixed, theoretical_max=2.3026) | theta_tfidf=0.02
2026-05-21 13:16:07,573 [INFO] src.triage.tfidf_filter - [Triage Batch] N=10 | noise=0 | high-risk=3330
2026-05-21 13:16:07,573 [INFO] src.triage.tfidf_filter - [Triage] N=10 | theta_max_idf=2.0000 (fixed, theoretical_max=2.3026) | theta_tfidf=0.02
2026-05-21 13:16:07,573 [INFO] src.triage.tfidf_filter - [Triage Batch] N=10 | noise=0 | high-risk=3340
2026-05-21 13:16:07,573 [INFO] src.triage.tfidf_filter - [Triage] N=10 | theta_max_idf=2.0000 (fixed, theoretical_max=2.3026) | theta_tfidf=0.02
2026-05-21 13:16:07,573 [INFO] src.triage.tfidf_filter - [Triage Batch] N=10 | noise=0 | high-risk=3350
2026-05-21 13:16:07,573 [INFO] src.triage.tfidf_filter - [Triage] N=10 | theta_max_idf=2.0000 (fixed, theoretical_max=2.3026) | theta_tfidf=0.02
2026-05-21 13:16:07,573 [INFO] src.triage.tfidf_filter - [Triage Batch] N=10 | noise=0 | high-risk=3360
2026-05-21 13:16:07,573 [INFO] src.triage.tfidf_filter - [Triage] N=10 | theta_max_idf=2.0000 (fixed, theoretical_max=2.3026) | theta_tfidf=0.02
2026-05-21 13:16:07,573 [INFO] src.triage.tfidf_filter - [Triage Batch] N=10 | noise=0 | high-risk=3370
2026-05-21 13:16:07,573 [INFO] src.triage.tfidf_filter - [Triage] N=10 | theta_max_idf=2.0000 (fixed, theoretical_max=2.3026) | theta_tfidf=0.02
2026-05-21 13:16:07,573 [INFO] src.triage.tfidf_filter - [Triage Batch] N=10 | noise=0 | high-risk=3380
2026-05-21 13:16:07,573 [INFO] src.triage.tfidf_filter - [Triage] N=10 | theta_max_idf=2.0000 (fixed, theoretical_max=2.3026) | theta_tfidf=0.02
2026-05-21 13:16:07,573 [INFO] src.triage.tfidf_filter - [Triage Batch] N=10 | noise=0 | high-risk=3390
2026-05-21 13:16:07,574 [INFO] src.triage.tfidf_filter - [Triage] N=10 | theta_max_idf=2.0000 (fixed, theoretical_max=2.3026) | theta_tfidf=0.02
2026-05-21 13:16:07,574 [INFO] src.triage.tfidf_filter - [Triage Batch] N=10 | noise=0 | high-risk=3400
2026-05-21 13:16:07,574 [INFO] src.triage.tfidf_filter - [Triage] N=10 | theta_max_idf=2.0000 (fixed, theoretical_max=2.3026) | theta_tfidf=0.02
2026-05-21 13:16:07,574 [INFO] src.triage.tfidf_filter - [Triage Batch] N=10 | noise=0 | high-risk=3410
2026-05-21 13:16:07,574 [INFO] src.triage.tfidf_filter - [Triage] N=10 | theta_max_idf=2.0000 (fixed, theoretical_max=2.3026) | theta_tfidf=0.02
2026-05-21 13:16:07,574 [INFO] src.triage.tfidf_filter - [Triage Batch] N=10 | noise=0 | high-risk=3420
2026-05-21 13:16:07,574 [INFO] src.triage.tfidf_filter - [Triage] N=10 | theta_max_idf=2.0000 (fixed, theoretical_max=2.3026) | theta_tfidf=0.02
2026-05-21 13:16:07,574 [INFO] src.triage.tfidf_filter - [Triage Batch] N=10 | noise=0 | high-risk=3430
2026-05-21 13:16:07,574 [INFO] src.triage.tfidf_filter - [Triage] N=10 | theta_max_idf=2.0000 (fixed, theoretical_max=2.3026) | theta_tfidf=0.02
2026-05-21 13:16:07,574 [INFO] src.triage.tfidf_filter - [Triage Batch] N=10 | noise=0 | high-risk=3440
2026-05-21 13:16:07,574 [INFO] src.triage.tfidf_filter - [Triage] N=10 | theta_max_idf=2.0000 (fixed, theoretical_max=2.3026) | theta_tfidf=0.02
2026-05-21 13:16:07,574 [INFO] src.triage.tfidf_filter - [Triage Batch] N=10 | noise=0 | high-risk=3450
2026-05-21 13:16:07,574 [INFO] src.triage.tfidf_filter - [Triage] N=10 | theta_max_idf=2.0000 (fixed, theoretical_max=2.3026) | theta_tfidf=0.02
2026-05-21 13:16:07,574 [INFO] src.triage.tfidf_filter - [Triage Batch] N=10 | noise=0 | high-risk=3460
2026-05-21 13:16:07,574 [INFO] src.triage.tfidf_filter - [Triage] N=10 | theta_max_idf=2.0000 (fixed, theoretical_max=2.3026) | theta_tfidf=0.02
2026-05-21 13:16:07,574 [INFO] src.triage.tfidf_filter - [Triage Batch] N=10 | noise=0 | high-risk=3470
2026-05-21 13:16:07,574 [INFO] src.triage.tfidf_filter - [Triage] N=10 | theta_max_idf=2.0000 (fixed, theoretical_max=2.3026) | theta_tfidf=0.02
2026-05-21 13:16:07,574 [INFO] src.triage.tfidf_filter - [Triage Batch] N=10 | noise=0 | high-risk=3480
2026-05-21 13:16:07,574 [INFO] src.triage.tfidf_filter - [Triage] N=10 | theta_max_idf=2.0000 (fixed, theoretical_max=2.3026) | theta_tfidf=0.02
2026-05-21 13:16:07,575 [INFO] src.triage.tfidf_filter - [Triage Batch] N=10 | noise=0 | high-risk=3490
2026-05-21 13:16:07,575 [INFO] src.triage.tfidf_filter - [Triage] N=10 | theta_max_idf=2.0000 (fixed, theoretical_max=2.3026) | theta_tfidf=0.02
2026-05-21 13:16:07,575 [INFO] src.triage.tfidf_filter - [Triage Batch] N=10 | noise=0 | high-risk=3500
2026-05-21 13:16:07,575 [INFO] src.triage.tfidf_filter - [Triage] N=10 | theta_max_idf=2.0000 (fixed, theoretical_max=2.3026) | theta_tfidf=0.02
2026-05-21 13:16:07,575 [INFO] src.triage.tfidf_filter - [Triage Batch] N=10 | noise=0 | high-risk=3510
2026-05-21 13:16:07,575 [INFO] src.triage.tfidf_filter - [Triage] N=10 | theta_max_idf=2.0000 (fixed, theoretical_max=2.3026) | theta_tfidf=0.02
2026-05-21 13:16:07,575 [INFO] src.triage.tfidf_filter - [Triage Batch] N=10 | noise=0 | high-risk=3520
2026-05-21 13:16:07,575 [INFO] src.triage.tfidf_filter - [Triage] N=10 | theta_max_idf=2.0000 (fixed, theoretical_max=2.3026) | theta_tfidf=0.02
2026-05-21 13:16:07,575 [INFO] src.triage.tfidf_filter - [Triage Batch] N=10 | noise=0 | high-risk=3530
2026-05-21 13:16:07,575 [INFO] src.triage.tfidf_filter - [Triage] N=10 | theta_max_idf=2.0000 (fixed, theoretical_max=2.3026) | theta_tfidf=0.02
2026-05-21 13:16:07,575 [INFO] src.triage.tfidf_filter - [Triage Batch] N=10 | noise=0 | high-risk=3540
2026-05-21 13:16:07,575 [INFO] src.triage.tfidf_filter - [Triage] N=10 | theta_max_idf=2.0000 (fixed, theoretical_max=2.3026) | theta_tfidf=0.02
2026-05-21 13:16:07,575 [INFO] src.triage.tfidf_filter - [Triage Batch] N=10 | noise=0 | high-risk=3550
2026-05-21 13:16:07,575 [INFO] src.triage.tfidf_filter - [Triage] N=10 | theta_max_idf=2.0000 (fixed, theoretical_max=2.3026) | theta_tfidf=0.02
2026-05-21 13:16:07,575 [INFO] src.triage.tfidf_filter - [Triage Batch] N=10 | noise=0 | high-risk=3560
2026-05-21 13:16:07,575 [INFO] src.triage.tfidf_filter - [Triage] N=10 | theta_max_idf=2.0000 (fixed, theoretical_max=2.3026) | theta_tfidf=0.02
2026-05-21 13:16:07,575 [INFO] src.triage.tfidf_filter - [Triage Batch] N=10 | noise=0 | high-risk=3570
2026-05-21 13:16:07,575 [INFO] src.triage.tfidf_filter - [Triage] N=10 | theta_max_idf=2.0000 (fixed, theoretical_max=2.3026) | theta_tfidf=0.02
2026-05-21 13:16:07,576 [INFO] src.triage.tfidf_filter - [Triage Batch] N=10 | noise=0 | high-risk=3580
2026-05-21 13:16:07,576 [INFO] src.triage.tfidf_filter - [Triage] N=10 | theta_max_idf=2.0000 (fixed, theoretical_max=2.3026) | theta_tfidf=0.02
2026-05-21 13:16:07,576 [INFO] src.triage.tfidf_filter - [Triage Batch] N=10 | noise=0 | high-risk=3590
2026-05-21 13:16:07,576 [INFO] src.triage.tfidf_filter - [Triage] N=10 | theta_max_idf=2.0000 (fixed, theoretical_max=2.3026) | theta_tfidf=0.02
2026-05-21 13:16:07,576 [INFO] src.triage.tfidf_filter - [Triage Batch] N=10 | noise=0 | high-risk=3600
2026-05-21 13:16:07,576 [INFO] src.triage.tfidf_filter - [Triage] N=10 | theta_max_idf=2.0000 (fixed, theoretical_max=2.3026) | theta_tfidf=0.02
2026-05-21 13:16:07,576 [INFO] src.triage.tfidf_filter - [Triage Batch] N=10 | noise=0 | high-risk=3610
2026-05-21 13:16:07,576 [INFO] src.triage.tfidf_filter - [Triage] N=10 | theta_max_idf=2.0000 (fixed, theoretical_max=2.3026) | theta_tfidf=0.02
2026-05-21 13:16:07,576 [INFO] src.triage.tfidf_filter - [Triage Batch] N=10 | noise=0 | high-risk=3620
2026-05-21 13:16:07,576 [INFO] src.triage.tfidf_filter - [Triage] N=10 | theta_max_idf=2.0000 (fixed, theoretical_max=2.3026) | theta_tfidf=0.02
2026-05-21 13:16:07,576 [INFO] src.triage.tfidf_filter - [Triage Batch] N=10 | noise=0 | high-risk=3630
2026-05-21 13:16:07,576 [INFO] src.triage.tfidf_filter - [Triage] N=10 | theta_max_idf=2.0000 (fixed, theoretical_max=2.3026) | theta_tfidf=0.02
2026-05-21 13:16:07,576 [INFO] src.triage.tfidf_filter - [Triage Batch] N=10 | noise=0 | high-risk=3640
2026-05-21 13:16:07,576 [INFO] src.triage.tfidf_filter - [Triage] N=10 | theta_max_idf=2.0000 (fixed, theoretical_max=2.3026) | theta_tfidf=0.02
2026-05-21 13:16:07,576 [INFO] src.triage.tfidf_filter - [Triage Batch] N=10 | noise=0 | high-risk=3650
2026-05-21 13:16:07,576 [INFO] src.triage.tfidf_filter - [Triage] N=10 | theta_max_idf=2.0000 (fixed, theoretical_max=2.3026) | theta_tfidf=0.02
2026-05-21 13:16:07,576 [INFO] src.triage.tfidf_filter - [Triage Batch] N=10 | noise=0 | high-risk=3660
2026-05-21 13:16:07,577 [INFO] src.triage.tfidf_filter - [Triage] N=10 | theta_max_idf=2.0000 (fixed, theoretical_max=2.3026) | theta_tfidf=0.02
2026-05-21 13:16:07,577 [INFO] src.triage.tfidf_filter - [Triage Batch] N=10 | noise=0 | high-risk=3670
2026-05-21 13:16:07,577 [INFO] src.triage.tfidf_filter - [Triage] N=10 | theta_max_idf=2.0000 (fixed, theoretical_max=2.3026) | theta_tfidf=0.02
2026-05-21 13:16:07,577 [INFO] src.triage.tfidf_filter - [Triage Batch] N=10 | noise=0 | high-risk=3680
2026-05-21 13:16:07,577 [INFO] src.triage.tfidf_filter - [Triage] N=10 | theta_max_idf=2.0000 (fixed, theoretical_max=2.3026) | theta_tfidf=0.02
2026-05-21 13:16:07,577 [INFO] src.triage.tfidf_filter - [Triage Batch] N=10 | noise=0 | high-risk=3690
2026-05-21 13:16:07,577 [INFO] src.triage.tfidf_filter - [Triage] N=10 | theta_max_idf=2.0000 (fixed, theoretical_max=2.3026) | theta_tfidf=0.02
2026-05-21 13:16:07,577 [INFO] src.triage.tfidf_filter - [Triage Batch] N=10 | noise=0 | high-risk=3700
2026-05-21 13:16:07,577 [INFO] src.triage.tfidf_filter - [Triage] N=10 | theta_max_idf=2.0000 (fixed, theoretical_max=2.3026) | theta_tfidf=0.02
2026-05-21 13:16:07,577 [INFO] src.triage.tfidf_filter - [Triage Batch] N=10 | noise=0 | high-risk=3710
2026-05-21 13:16:07,577 [INFO] src.triage.tfidf_filter - [Triage] N=10 | theta_max_idf=2.0000 (fixed, theoretical_max=2.3026) | theta_tfidf=0.02
2026-05-21 13:16:07,577 [INFO] src.triage.tfidf_filter - [Triage Batch] N=10 | noise=0 | high-risk=3720
2026-05-21 13:16:07,577 [INFO] src.triage.tfidf_filter - [Triage] N=10 | theta_max_idf=2.0000 (fixed, theoretical_max=2.3026) | theta_tfidf=0.02
2026-05-21 13:16:07,577 [INFO] src.triage.tfidf_filter - [Triage Batch] N=10 | noise=0 | high-risk=3730
2026-05-21 13:16:07,577 [INFO] src.triage.tfidf_filter - [Triage] N=10 | theta_max_idf=2.0000 (fixed, theoretical_max=2.3026) | theta_tfidf=0.02
2026-05-21 13:16:07,577 [INFO] src.triage.tfidf_filter - [Triage Batch] N=10 | noise=0 | high-risk=3740
2026-05-21 13:16:07,577 [INFO] src.triage.tfidf_filter - [Triage] N=10 | theta_max_idf=2.0000 (fixed, theoretical_max=2.3026) | theta_tfidf=0.02
2026-05-21 13:16:07,577 [INFO] src.triage.tfidf_filter - [Triage Batch] N=10 | noise=0 | high-risk=3750
2026-05-21 13:16:07,577 [INFO] src.triage.tfidf_filter - [Triage] N=10 | theta_max_idf=2.0000 (fixed, theoretical_max=2.3026) | theta_tfidf=0.02
2026-05-21 13:16:07,577 [INFO] src.triage.tfidf_filter - [Triage Batch] N=10 | noise=0 | high-risk=3760
2026-05-21 13:16:07,577 [INFO] src.triage.tfidf_filter - [Triage] N=10 | theta_max_idf=2.0000 (fixed, theoretical_max=2.3026) | theta_tfidf=0.02
2026-05-21 13:16:07,577 [INFO] src.triage.tfidf_filter - [Triage Batch] N=10 | noise=0 | high-risk=3770
2026-05-21 13:16:07,577 [INFO] src.triage.tfidf_filter - [Triage] N=10 | theta_max_idf=2.0000 (fixed, theoretical_max=2.3026) | theta_tfidf=0.02
2026-05-21 13:16:07,577 [INFO] src.triage.tfidf_filter - [Triage Batch] N=10 | noise=0 | high-risk=3780
2026-05-21 13:16:07,577 [INFO] src.triage.tfidf_filter - [Triage] N=10 | theta_max_idf=2.0000 (fixed, theoretical_max=2.3026) | theta_tfidf=0.02
2026-05-21 13:16:07,577 [INFO] src.triage.tfidf_filter - [Triage Batch] N=10 | noise=0 | high-risk=3790
2026-05-21 13:16:07,577 [INFO] src.triage.tfidf_filter - [Triage] N=10 | theta_max_idf=2.0000 (fixed, theoretical_max=2.3026) | theta_tfidf=0.02
2026-05-21 13:16:07,577 [INFO] src.triage.tfidf_filter - [Triage Batch] N=10 | noise=0 | high-risk=3800
2026-05-21 13:16:07,578 [INFO] src.triage.tfidf_filter - [Triage] N=10 | theta_max_idf=2.0000 (fixed, theoretical_max=2.3026) | theta_tfidf=0.02
2026-05-21 13:16:07,578 [INFO] src.triage.tfidf_filter - [Triage Batch] N=10 | noise=0 | high-risk=3810
2026-05-21 13:16:07,578 [INFO] src.triage.tfidf_filter - [Triage] N=10 | theta_max_idf=2.0000 (fixed, theoretical_max=2.3026) | theta_tfidf=0.02
2026-05-21 13:16:07,578 [INFO] src.triage.tfidf_filter - [Triage Batch] N=10 | noise=0 | high-risk=3820
2026-05-21 13:16:07,578 [INFO] src.triage.tfidf_filter - [Triage] N=10 | theta_max_idf=2.0000 (fixed, theoretical_max=2.3026) | theta_tfidf=0.02
2026-05-21 13:16:07,578 [INFO] src.triage.tfidf_filter - [Triage Batch] N=10 | noise=0 | high-risk=3830
2026-05-21 13:16:07,578 [INFO] src.triage.tfidf_filter - [Triage] N=10 | theta_max_idf=2.0000 (fixed, theoretical_max=2.3026) | theta_tfidf=0.02
2026-05-21 13:16:07,578 [INFO] src.triage.tfidf_filter - [Triage Batch] N=10 | noise=0 | high-risk=3840
2026-05-21 13:16:07,578 [INFO] src.triage.tfidf_filter - [Triage] N=10 | theta_max_idf=2.0000 (fixed, theoretical_max=2.3026) | theta_tfidf=0.02
2026-05-21 13:16:07,578 [INFO] src.triage.tfidf_filter - [Triage Batch] N=10 | noise=0 | high-risk=3850
2026-05-21 13:16:07,578 [INFO] src.triage.tfidf_filter - [Triage] N=10 | theta_max_idf=2.0000 (fixed, theoretical_max=2.3026) | theta_tfidf=0.02
2026-05-21 13:16:07,578 [INFO] src.triage.tfidf_filter - [Triage Batch] N=10 | noise=0 | high-risk=3860
2026-05-21 13:16:07,578 [INFO] src.triage.tfidf_filter - [Triage] N=10 | theta_max_idf=2.0000 (fixed, theoretical_max=2.3026) | theta_tfidf=0.02
2026-05-21 13:16:07,578 [INFO] src.triage.tfidf_filter - [Triage Batch] N=10 | noise=0 | high-risk=3870
2026-05-21 13:16:07,578 [INFO] src.triage.tfidf_filter - [Triage] N=10 | theta_max_idf=2.0000 (fixed, theoretical_max=2.3026) | theta_tfidf=0.02
2026-05-21 13:16:07,578 [INFO] src.triage.tfidf_filter - [Triage Batch] N=10 | noise=0 | high-risk=3880
2026-05-21 13:16:07,578 [INFO] src.triage.tfidf_filter - [Triage] N=10 | theta_max_idf=2.0000 (fixed, theoretical_max=2.3026) | theta_tfidf=0.02
2026-05-21 13:16:07,578 [INFO] src.triage.tfidf_filter - [Triage Batch] N=10 | noise=0 | high-risk=3890
2026-05-21 13:16:07,578 [INFO] src.triage.tfidf_filter - [Triage] N=10 | theta_max_idf=2.0000 (fixed, theoretical_max=2.3026) | theta_tfidf=0.02
2026-05-21 13:16:07,579 [INFO] src.triage.tfidf_filter - [Triage Batch] N=10 | noise=0 | high-risk=3900
2026-05-21 13:16:07,579 [INFO] src.triage.tfidf_filter - [Triage] N=10 | theta_max_idf=2.0000 (fixed, theoretical_max=2.3026) | theta_tfidf=0.02
2026-05-21 13:16:07,579 [INFO] src.triage.tfidf_filter - [Triage Batch] N=10 | noise=0 | high-risk=3910
2026-05-21 13:16:07,579 [INFO] src.triage.tfidf_filter - [Triage] N=10 | theta_max_idf=2.0000 (fixed, theoretical_max=2.3026) | theta_tfidf=0.02
2026-05-21 13:16:07,579 [INFO] src.triage.tfidf_filter - [Triage Batch] N=10 | noise=0 | high-risk=3920
2026-05-21 13:16:07,579 [INFO] src.triage.tfidf_filter - [Triage] N=10 | theta_max_idf=2.0000 (fixed, theoretical_max=2.3026) | theta_tfidf=0.02
2026-05-21 13:16:07,579 [INFO] src.triage.tfidf_filter - [Triage Batch] N=10 | noise=0 | high-risk=3930
2026-05-21 13:16:07,579 [INFO] src.triage.tfidf_filter - [Triage] N=10 | theta_max_idf=2.0000 (fixed, theoretical_max=2.3026) | theta_tfidf=0.02
2026-05-21 13:16:07,579 [INFO] src.triage.tfidf_filter - [Triage Batch] N=10 | noise=0 | high-risk=3940
2026-05-21 13:16:07,579 [INFO] src.triage.tfidf_filter - [Triage] N=10 | theta_max_idf=2.0000 (fixed, theoretical_max=2.3026) | theta_tfidf=0.02
2026-05-21 13:16:07,579 [INFO] src.triage.tfidf_filter - [Triage Batch] N=10 | noise=0 | high-risk=3950
2026-05-21 13:16:07,579 [INFO] src.triage.tfidf_filter - [Triage] N=10 | theta_max_idf=2.0000 (fixed, theoretical_max=2.3026) | theta_tfidf=0.02
2026-05-21 13:16:07,579 [INFO] src.triage.tfidf_filter - [Triage Batch] N=10 | noise=0 | high-risk=3960
2026-05-21 13:16:07,579 [INFO] src.triage.tfidf_filter - [Triage] N=10 | theta_max_idf=2.0000 (fixed, theoretical_max=2.3026) | theta_tfidf=0.02
2026-05-21 13:16:07,579 [INFO] src.triage.tfidf_filter - [Triage Batch] N=10 | noise=0 | high-risk=3970
2026-05-21 13:16:07,579 [INFO] src.triage.tfidf_filter - [Triage] N=10 | theta_max_idf=2.0000 (fixed, theoretical_max=2.3026) | theta_tfidf=0.02
2026-05-21 13:16:07,580 [INFO] src.triage.tfidf_filter - [Triage Batch] N=10 | noise=0 | high-risk=3980
2026-05-21 13:16:07,580 [INFO] src.triage.tfidf_filter - [Triage] N=10 | theta_max_idf=2.0000 (fixed, theoretical_max=2.3026) | theta_tfidf=0.02
2026-05-21 13:16:07,580 [INFO] src.triage.tfidf_filter - [Triage Batch] N=10 | noise=0 | high-risk=3990
2026-05-21 13:16:07,580 [INFO] src.triage.tfidf_filter - [Triage] N=10 | theta_max_idf=2.0000 (fixed, theoretical_max=2.3026) | theta_tfidf=0.02
2026-05-21 13:16:07,580 [INFO] src.triage.tfidf_filter - [Triage Batch] N=10 | noise=0 | high-risk=4000
2026-05-21 13:16:07,580 [INFO] src.triage.tfidf_filter - [Triage] N=10 | theta_max_idf=2.0000 (fixed, theoretical_max=2.3026) | theta_tfidf=0.02
2026-05-21 13:16:07,580 [INFO] src.triage.tfidf_filter - [Triage Batch] N=10 | noise=0 | high-risk=4010
2026-05-21 13:16:07,580 [INFO] src.triage.tfidf_filter - [Triage] N=10 | theta_max_idf=2.0000 (fixed, theoretical_max=2.3026) | theta_tfidf=0.02
2026-05-21 13:16:07,580 [INFO] src.triage.tfidf_filter - [Triage Batch] N=10 | noise=0 | high-risk=4020
2026-05-21 13:16:07,580 [INFO] src.triage.tfidf_filter - [Triage] N=10 | theta_max_idf=2.0000 (fixed, theoretical_max=2.3026) | theta_tfidf=0.02
2026-05-21 13:16:07,580 [INFO] src.triage.tfidf_filter - [Triage Batch] N=10 | noise=0 | high-risk=4030
2026-05-21 13:16:07,580 [INFO] src.triage.tfidf_filter - [Triage] N=10 | theta_max_idf=2.0000 (fixed, theoretical_max=2.3026) | theta_tfidf=0.02
2026-05-21 13:16:07,580 [INFO] src.triage.tfidf_filter - [Triage Batch] N=10 | noise=0 | high-risk=4040
2026-05-21 13:16:07,580 [INFO] src.triage.tfidf_filter - [Triage] N=10 | theta_max_idf=2.0000 (fixed, theoretical_max=2.3026) | theta_tfidf=0.02
2026-05-21 13:16:07,580 [INFO] src.triage.tfidf_filter - [Triage Batch] N=10 | noise=0 | high-risk=4050
2026-05-21 13:16:07,580 [INFO] src.triage.tfidf_filter - [Triage] N=10 | theta_max_idf=2.0000 (fixed, theoretical_max=2.3026) | theta_tfidf=0.02
2026-05-21 13:16:07,580 [INFO] src.triage.tfidf_filter - [Triage Batch] N=10 | noise=0 | high-risk=4060
2026-05-21 13:16:07,580 [INFO] src.triage.tfidf_filter - [Triage] N=10 | theta_max_idf=2.0000 (fixed, theoretical_max=2.3026) | theta_tfidf=0.02
2026-05-21 13:16:07,581 [INFO] src.triage.tfidf_filter - [Triage Batch] N=10 | noise=0 | high-risk=4070
2026-05-21 13:16:07,581 [INFO] src.triage.tfidf_filter - [Triage] N=10 | theta_max_idf=2.0000 (fixed, theoretical_max=2.3026) | theta_tfidf=0.02
2026-05-21 13:16:07,581 [INFO] src.triage.tfidf_filter - [Triage Batch] N=10 | noise=0 | high-risk=4080
2026-05-21 13:16:07,581 [INFO] src.triage.tfidf_filter - [Triage] N=10 | theta_max_idf=2.0000 (fixed, theoretical_max=2.3026) | theta_tfidf=0.02
2026-05-21 13:16:07,581 [INFO] src.triage.tfidf_filter - [Triage Batch] N=10 | noise=0 | high-risk=4090
2026-05-21 13:16:07,581 [INFO] src.triage.tfidf_filter - [Triage] N=10 | theta_max_idf=2.0000 (fixed, theoretical_max=2.3026) | theta_tfidf=0.02
2026-05-21 13:16:07,581 [INFO] src.triage.tfidf_filter - [Triage Batch] N=10 | noise=0 | high-risk=4100
2026-05-21 13:16:07,581 [INFO] src.triage.tfidf_filter - [Triage] N=10 | theta_max_idf=2.0000 (fixed, theoretical_max=2.3026) | theta_tfidf=0.02
2026-05-21 13:16:07,581 [INFO] src.triage.tfidf_filter - [Triage Batch] N=10 | noise=0 | high-risk=4110
2026-05-21 13:16:07,581 [INFO] src.triage.tfidf_filter - [Triage] N=10 | theta_max_idf=2.0000 (fixed, theoretical_max=2.3026) | theta_tfidf=0.02
2026-05-21 13:16:07,581 [INFO] src.triage.tfidf_filter - [Triage Batch] N=10 | noise=0 | high-risk=4120
2026-05-21 13:16:07,581 [INFO] src.triage.tfidf_filter - [Triage] N=10 | theta_max_idf=2.0000 (fixed, theoretical_max=2.3026) | theta_tfidf=0.02
2026-05-21 13:16:07,581 [INFO] src.triage.tfidf_filter - [Triage Batch] N=10 | noise=0 | high-risk=4130
2026-05-21 13:16:07,581 [INFO] src.triage.tfidf_filter - [Triage] N=10 | theta_max_idf=2.0000 (fixed, theoretical_max=2.3026) | theta_tfidf=0.02
2026-05-21 13:16:07,581 [INFO] src.triage.tfidf_filter - [Triage Batch] N=10 | noise=0 | high-risk=4140
2026-05-21 13:16:07,581 [INFO] src.triage.tfidf_filter - [Triage] N=10 | theta_max_idf=2.0000 (fixed, theoretical_max=2.3026) | theta_tfidf=0.02
2026-05-21 13:16:07,581 [INFO] src.triage.tfidf_filter - [Triage Batch] N=10 | noise=0 | high-risk=4150
2026-05-21 13:16:07,581 [INFO] src.triage.tfidf_filter - [Triage] N=10 | theta_max_idf=2.0000 (fixed, theoretical_max=2.3026) | theta_tfidf=0.02
2026-05-21 13:16:07,581 [INFO] src.triage.tfidf_filter - [Triage Batch] N=10 | noise=0 | high-risk=4160
2026-05-21 13:16:07,581 [INFO] src.triage.tfidf_filter - [Triage] N=10 | theta_max_idf=2.0000 (fixed, theoretical_max=2.3026) | theta_tfidf=0.02
2026-05-21 13:16:07,582 [INFO] src.triage.tfidf_filter - [Triage Batch] N=10 | noise=0 | high-risk=4170
2026-05-21 13:16:07,582 [INFO] src.triage.tfidf_filter - [Triage] N=10 | theta_max_idf=2.0000 (fixed, theoretical_max=2.3026) | theta_tfidf=0.02
2026-05-21 13:16:07,582 [INFO] src.triage.tfidf_filter - [Triage Batch] N=10 | noise=0 | high-risk=4180
2026-05-21 13:16:07,582 [INFO] src.triage.tfidf_filter - [Triage] N=10 | theta_max_idf=2.0000 (fixed, theoretical_max=2.3026) | theta_tfidf=0.02
2026-05-21 13:16:07,582 [INFO] src.triage.tfidf_filter - [Triage Batch] N=10 | noise=0 | high-risk=4190
2026-05-21 13:16:07,582 [INFO] src.triage.tfidf_filter - [Triage] N=10 | theta_max_idf=2.0000 (fixed, theoretical_max=2.3026) | theta_tfidf=0.02
2026-05-21 13:16:07,582 [INFO] src.triage.tfidf_filter - [Triage Batch] N=10 | noise=0 | high-risk=4200
2026-05-21 13:16:07,582 [INFO] src.triage.tfidf_filter - [Triage] N=10 | theta_max_idf=2.0000 (fixed, theoretical_max=2.3026) | theta_tfidf=0.02
2026-05-21 13:16:07,582 [INFO] src.triage.tfidf_filter - [Triage Batch] N=10 | noise=0 | high-risk=4210
2026-05-21 13:16:07,582 [INFO] src.triage.tfidf_filter - [Triage] N=10 | theta_max_idf=2.0000 (fixed, theoretical_max=2.3026) | theta_tfidf=0.02
2026-05-21 13:16:07,582 [INFO] src.triage.tfidf_filter - [Triage Batch] N=10 | noise=0 | high-risk=4220
2026-05-21 13:16:07,582 [INFO] src.triage.tfidf_filter - [Triage] N=10 | theta_max_idf=2.0000 (fixed, theoretical_max=2.3026) | theta_tfidf=0.02
2026-05-21 13:16:07,582 [INFO] src.triage.tfidf_filter - [Triage Batch] N=10 | noise=0 | high-risk=4230
2026-05-21 13:16:07,582 [INFO] src.triage.tfidf_filter - [Triage] N=10 | theta_max_idf=2.0000 (fixed, theoretical_max=2.3026) | theta_tfidf=0.02
2026-05-21 13:16:07,582 [INFO] src.triage.tfidf_filter - [Triage Batch] N=10 | noise=0 | high-risk=4240
2026-05-21 13:16:07,582 [INFO] src.triage.tfidf_filter - [Triage] N=10 | theta_max_idf=2.0000 (fixed, theoretical_max=2.3026) | theta_tfidf=0.02
2026-05-21 13:16:07,582 [INFO] src.triage.tfidf_filter - [Triage Batch] N=10 | noise=0 | high-risk=4250
2026-05-21 13:16:07,582 [INFO] src.triage.tfidf_filter - [Triage] N=10 | theta_max_idf=2.0000 (fixed, theoretical_max=2.3026) | theta_tfidf=0.02
2026-05-21 13:16:07,583 [INFO] src.triage.tfidf_filter - [Triage Batch] N=10 | noise=0 | high-risk=4260
2026-05-21 13:16:07,583 [INFO] src.triage.tfidf_filter - [Triage] N=10 | theta_max_idf=2.0000 (fixed, theoretical_max=2.3026) | theta_tfidf=0.02
2026-05-21 13:16:07,583 [INFO] src.triage.tfidf_filter - [Triage Batch] N=10 | noise=0 | high-risk=4270
2026-05-21 13:16:07,583 [INFO] src.triage.tfidf_filter - [Triage] N=10 | theta_max_idf=2.0000 (fixed, theoretical_max=2.3026) | theta_tfidf=0.02
2026-05-21 13:16:07,583 [INFO] src.triage.tfidf_filter - [Triage Batch] N=10 | noise=0 | high-risk=4280
2026-05-21 13:16:07,583 [INFO] src.triage.tfidf_filter - [Triage] N=10 | theta_max_idf=2.0000 (fixed, theoretical_max=2.3026) | theta_tfidf=0.02
2026-05-21 13:16:07,583 [INFO] src.triage.tfidf_filter - [Triage Batch] N=10 | noise=0 | high-risk=4290
2026-05-21 13:16:07,583 [INFO] src.triage.tfidf_filter - [Triage] N=10 | theta_max_idf=2.0000 (fixed, theoretical_max=2.3026) | theta_tfidf=0.02
2026-05-21 13:16:07,583 [INFO] src.triage.tfidf_filter - [Triage Batch] N=10 | noise=0 | high-risk=4300
2026-05-21 13:16:07,583 [INFO] src.triage.tfidf_filter - [Triage] N=10 | theta_max_idf=2.0000 (fixed, theoretical_max=2.3026) | theta_tfidf=0.02
2026-05-21 13:16:07,583 [INFO] src.triage.tfidf_filter - [Triage Batch] N=10 | noise=0 | high-risk=4310
2026-05-21 13:16:07,583 [INFO] src.triage.tfidf_filter - [Triage] N=10 | theta_max_idf=2.0000 (fixed, theoretical_max=2.3026) | theta_tfidf=0.02
2026-05-21 13:16:07,583 [INFO] src.triage.tfidf_filter - [Triage Batch] N=10 | noise=0 | high-risk=4320
2026-05-21 13:16:07,583 [INFO] src.triage.tfidf_filter - [Triage] N=10 | theta_max_idf=2.0000 (fixed, theoretical_max=2.3026) | theta_tfidf=0.02
2026-05-21 13:16:07,583 [INFO] src.triage.tfidf_filter - [Triage Batch] N=10 | noise=0 | high-risk=4330
2026-05-21 13:16:07,583 [INFO] src.triage.tfidf_filter - [Triage] N=10 | theta_max_idf=2.0000 (fixed, theoretical_max=2.3026) | theta_tfidf=0.02
2026-05-21 13:16:07,583 [INFO] src.triage.tfidf_filter - [Triage Batch] N=10 | noise=0 | high-risk=4340
2026-05-21 13:16:07,583 [INFO] src.triage.tfidf_filter - [Triage] N=10 | theta_max_idf=2.0000 (fixed, theoretical_max=2.3026) | theta_tfidf=0.02
2026-05-21 13:16:07,584 [INFO] src.triage.tfidf_filter - [Triage Batch] N=10 | noise=0 | high-risk=4350
2026-05-21 13:16:07,584 [INFO] src.triage.tfidf_filter - [Triage] N=10 | theta_max_idf=2.0000 (fixed, theoretical_max=2.3026) | theta_tfidf=0.02
2026-05-21 13:16:07,584 [INFO] src.triage.tfidf_filter - [Triage Batch] N=10 | noise=0 | high-risk=4360
2026-05-21 13:16:07,584 [INFO] src.triage.tfidf_filter - [Triage] N=10 | theta_max_idf=2.0000 (fixed, theoretical_max=2.3026) | theta_tfidf=0.02
2026-05-21 13:16:07,584 [INFO] src.triage.tfidf_filter - [Triage Batch] N=10 | noise=0 | high-risk=4370
2026-05-21 13:16:07,584 [INFO] src.triage.tfidf_filter - [Triage] N=10 | theta_max_idf=2.0000 (fixed, theoretical_max=2.3026) | theta_tfidf=0.02
2026-05-21 13:16:07,584 [INFO] src.triage.tfidf_filter - [Triage Batch] N=10 | noise=0 | high-risk=4380
2026-05-21 13:16:07,584 [INFO] src.triage.tfidf_filter - [Triage] N=10 | theta_max_idf=2.0000 (fixed, theoretical_max=2.3026) | theta_tfidf=0.02
2026-05-21 13:16:07,584 [INFO] src.triage.tfidf_filter - [Triage Batch] N=10 | noise=0 | high-risk=4390
2026-05-21 13:16:07,584 [INFO] src.triage.tfidf_filter - [Triage] N=10 | theta_max_idf=2.0000 (fixed, theoretical_max=2.3026) | theta_tfidf=0.02
2026-05-21 13:16:07,584 [INFO] src.triage.tfidf_filter - [Triage Batch] N=10 | noise=0 | high-risk=4400
2026-05-21 13:16:07,584 [INFO] src.triage.tfidf_filter - [Triage] N=10 | theta_max_idf=2.0000 (fixed, theoretical_max=2.3026) | theta_tfidf=0.02
2026-05-21 13:16:07,584 [INFO] src.triage.tfidf_filter - [Triage Batch] N=10 | noise=0 | high-risk=4410
2026-05-21 13:16:07,584 [INFO] src.triage.tfidf_filter - [Triage] N=10 | theta_max_idf=2.0000 (fixed, theoretical_max=2.3026) | theta_tfidf=0.02
2026-05-21 13:16:07,584 [INFO] src.triage.tfidf_filter - [Triage Batch] N=10 | noise=0 | high-risk=4420
2026-05-21 13:16:07,584 [INFO] src.triage.tfidf_filter - [Triage] N=10 | theta_max_idf=2.0000 (fixed, theoretical_max=2.3026) | theta_tfidf=0.02
2026-05-21 13:16:07,584 [INFO] src.triage.tfidf_filter - [Triage Batch] N=10 | noise=0 | high-risk=4430
2026-05-21 13:16:07,584 [INFO] src.triage.tfidf_filter - [Triage] N=10 | theta_max_idf=2.0000 (fixed, theoretical_max=2.3026) | theta_tfidf=0.02
2026-05-21 13:16:07,585 [INFO] src.triage.tfidf_filter - [Triage Batch] N=10 | noise=0 | high-risk=4440
2026-05-21 13:16:07,585 [INFO] src.triage.tfidf_filter - [Triage] N=10 | theta_max_idf=2.0000 (fixed, theoretical_max=2.3026) | theta_tfidf=0.02
2026-05-21 13:16:07,585 [INFO] src.triage.tfidf_filter - [Triage Batch] N=10 | noise=0 | high-risk=4450
2026-05-21 13:16:07,585 [INFO] src.triage.tfidf_filter - [Triage] N=10 | theta_max_idf=2.0000 (fixed, theoretical_max=2.3026) | theta_tfidf=0.02
2026-05-21 13:16:07,585 [INFO] src.triage.tfidf_filter - [Triage Batch] N=10 | noise=0 | high-risk=4460
2026-05-21 13:16:07,585 [INFO] src.triage.tfidf_filter - [Triage] N=10 | theta_max_idf=2.0000 (fixed, theoretical_max=2.3026) | theta_tfidf=0.02
2026-05-21 13:16:07,585 [INFO] src.triage.tfidf_filter - [Triage Batch] N=10 | noise=0 | high-risk=4470
2026-05-21 13:16:07,585 [INFO] src.triage.tfidf_filter - [Triage] N=10 | theta_max_idf=2.0000 (fixed, theoretical_max=2.3026) | theta_tfidf=0.02
2026-05-21 13:16:07,585 [INFO] src.triage.tfidf_filter - [Triage Batch] N=10 | noise=0 | high-risk=4480
2026-05-21 13:16:07,585 [INFO] src.triage.tfidf_filter - [Triage] N=10 | theta_max_idf=2.0000 (fixed, theoretical_max=2.3026) | theta_tfidf=0.02
2026-05-21 13:16:07,585 [INFO] src.triage.tfidf_filter - [Triage Batch] N=10 | noise=0 | high-risk=4490
2026-05-21 13:16:07,585 [INFO] src.triage.tfidf_filter - [Triage] N=10 | theta_max_idf=2.0000 (fixed, theoretical_max=2.3026) | theta_tfidf=0.02
2026-05-21 13:16:07,585 [INFO] src.triage.tfidf_filter - [Triage Batch] N=10 | noise=0 | high-risk=4500
2026-05-21 13:16:07,585 [INFO] src.triage.tfidf_filter - [Triage] N=10 | theta_max_idf=2.0000 (fixed, theoretical_max=2.3026) | theta_tfidf=0.02
2026-05-21 13:16:07,585 [INFO] src.triage.tfidf_filter - [Triage Batch] N=10 | noise=0 | high-risk=4510
2026-05-21 13:16:07,585 [INFO] src.triage.tfidf_filter - [Triage] N=10 | theta_max_idf=2.0000 (fixed, theoretical_max=2.3026) | theta_tfidf=0.02
2026-05-21 13:16:07,585 [INFO] src.triage.tfidf_filter - [Triage Batch] N=10 | noise=0 | high-risk=4520
2026-05-21 13:16:07,585 [INFO] src.triage.tfidf_filter - [Triage] N=10 | theta_max_idf=2.0000 (fixed, theoretical_max=2.3026) | theta_tfidf=0.02
2026-05-21 13:16:07,586 [INFO] src.triage.tfidf_filter - [Triage Batch] N=10 | noise=0 | high-risk=4530
2026-05-21 13:16:07,586 [INFO] src.triage.tfidf_filter - [Triage] N=10 | theta_max_idf=2.0000 (fixed, theoretical_max=2.3026) | theta_tfidf=0.02
2026-05-21 13:16:07,586 [INFO] src.triage.tfidf_filter - [Triage Batch] N=10 | noise=0 | high-risk=4540
2026-05-21 13:16:07,586 [INFO] src.triage.tfidf_filter - [Triage] N=10 | theta_max_idf=2.0000 (fixed, theoretical_max=2.3026) | theta_tfidf=0.02
2026-05-21 13:16:07,586 [INFO] src.triage.tfidf_filter - [Triage Batch] N=10 | noise=0 | high-risk=4550
2026-05-21 13:16:07,586 [INFO] src.triage.tfidf_filter - [Triage] N=10 | theta_max_idf=2.0000 (fixed, theoretical_max=2.3026) | theta_tfidf=0.02
2026-05-21 13:16:07,586 [INFO] src.triage.tfidf_filter - [Triage Batch] N=10 | noise=0 | high-risk=4560
2026-05-21 13:16:07,586 [INFO] src.triage.tfidf_filter - [Triage] N=10 | theta_max_idf=2.0000 (fixed, theoretical_max=2.3026) | theta_tfidf=0.02
2026-05-21 13:16:07,586 [INFO] src.triage.tfidf_filter - [Triage Batch] N=10 | noise=0 | high-risk=4570
2026-05-21 13:16:07,587 [INFO] src.triage.tfidf_filter - [Triage] N=10 | theta_max_idf=2.0000 (fixed, theoretical_max=2.3026) | theta_tfidf=0.02
2026-05-21 13:16:07,587 [INFO] src.triage.tfidf_filter - [Triage Batch] N=10 | noise=0 | high-risk=4580
2026-05-21 13:16:07,587 [INFO] src.triage.tfidf_filter - [Triage] N=10 | theta_max_idf=2.0000 (fixed, theoretical_max=2.3026) | theta_tfidf=0.02
2026-05-21 13:16:07,587 [INFO] src.triage.tfidf_filter - [Triage Batch] N=10 | noise=0 | high-risk=4590
2026-05-21 13:16:07,587 [INFO] src.triage.tfidf_filter - [Triage] N=10 | theta_max_idf=2.0000 (fixed, theoretical_max=2.3026) | theta_tfidf=0.02
2026-05-21 13:16:07,587 [INFO] src.triage.tfidf_filter - [Triage Batch] N=10 | noise=0 | high-risk=4600
2026-05-21 13:16:07,587 [INFO] src.triage.tfidf_filter - [Triage] N=10 | theta_max_idf=2.0000 (fixed, theoretical_max=2.3026) | theta_tfidf=0.02
2026-05-21 13:16:07,587 [INFO] src.triage.tfidf_filter - [Triage Batch] N=10 | noise=0 | high-risk=4610
2026-05-21 13:16:07,587 [INFO] src.triage.tfidf_filter - [Triage] N=10 | theta_max_idf=2.0000 (fixed, theoretical_max=2.3026) | theta_tfidf=0.02
2026-05-21 13:16:07,587 [INFO] src.triage.tfidf_filter - [Triage Batch] N=10 | noise=0 | high-risk=4620
2026-05-21 13:16:07,588 [INFO] src.triage.tfidf_filter - [Triage] N=10 | theta_max_idf=2.0000 (fixed, theoretical_max=2.3026) | theta_tfidf=0.02
2026-05-21 13:16:07,588 [INFO] src.triage.tfidf_filter - [Triage Batch] N=10 | noise=0 | high-risk=4630
2026-05-21 13:16:07,588 [INFO] src.triage.tfidf_filter - [Triage] N=10 | theta_max_idf=2.0000 (fixed, theoretical_max=2.3026) | theta_tfidf=0.02
2026-05-21 13:16:07,588 [INFO] src.triage.tfidf_filter - [Triage Batch] N=10 | noise=0 | high-risk=4640
2026-05-21 13:16:07,588 [INFO] src.triage.tfidf_filter - [Triage] N=10 | theta_max_idf=2.0000 (fixed, theoretical_max=2.3026) | theta_tfidf=0.02
2026-05-21 13:16:07,588 [INFO] src.triage.tfidf_filter - [Triage Batch] N=10 | noise=0 | high-risk=4650
2026-05-21 13:16:07,588 [INFO] src.triage.tfidf_filter - [Triage] N=10 | theta_max_idf=2.0000 (fixed, theoretical_max=2.3026) | theta_tfidf=0.02
2026-05-21 13:16:07,588 [INFO] src.triage.tfidf_filter - [Triage Batch] N=10 | noise=0 | high-risk=4660
2026-05-21 13:16:07,588 [INFO] src.triage.tfidf_filter - [Triage] N=10 | theta_max_idf=2.0000 (fixed, theoretical_max=2.3026) | theta_tfidf=0.02
2026-05-21 13:16:07,588 [INFO] src.triage.tfidf_filter - [Triage Batch] N=10 | noise=0 | high-risk=4670
2026-05-21 13:16:07,588 [INFO] src.triage.tfidf_filter - [Triage] N=10 | theta_max_idf=2.0000 (fixed, theoretical_max=2.3026) | theta_tfidf=0.02
2026-05-21 13:16:07,588 [INFO] src.triage.tfidf_filter - [Triage Batch] N=10 | noise=0 | high-risk=4680
2026-05-21 13:16:07,588 [INFO] src.triage.tfidf_filter - [Triage] N=10 | theta_max_idf=2.0000 (fixed, theoretical_max=2.3026) | theta_tfidf=0.02
2026-05-21 13:16:07,588 [INFO] src.triage.tfidf_filter - [Triage Batch] N=10 | noise=0 | high-risk=4690
2026-05-21 13:16:07,589 [INFO] src.triage.tfidf_filter - [Triage] N=10 | theta_max_idf=2.0000 (fixed, theoretical_max=2.3026) | theta_tfidf=0.02
2026-05-21 13:16:07,589 [INFO] src.triage.tfidf_filter - [Triage Batch] N=10 | noise=0 | high-risk=4700
2026-05-21 13:16:07,589 [INFO] src.triage.tfidf_filter - [Triage] N=10 | theta_max_idf=2.0000 (fixed, theoretical_max=2.3026) | theta_tfidf=0.02
2026-05-21 13:16:07,589 [INFO] src.triage.tfidf_filter - [Triage Batch] N=10 | noise=0 | high-risk=4710
2026-05-21 13:16:07,589 [INFO] src.triage.tfidf_filter - [Triage] N=10 | theta_max_idf=2.0000 (fixed, theoretical_max=2.3026) | theta_tfidf=0.02
2026-05-21 13:16:07,589 [INFO] src.triage.tfidf_filter - [Triage Batch] N=10 | noise=0 | high-risk=4720
2026-05-21 13:16:07,589 [INFO] src.triage.tfidf_filter - [Triage] N=10 | theta_max_idf=2.0000 (fixed, theoretical_max=2.3026) | theta_tfidf=0.02
2026-05-21 13:16:07,589 [INFO] src.triage.tfidf_filter - [Triage Batch] N=10 | noise=0 | high-risk=4730
2026-05-21 13:16:07,589 [INFO] src.triage.tfidf_filter - [Triage] N=10 | theta_max_idf=2.0000 (fixed, theoretical_max=2.3026) | theta_tfidf=0.02
2026-05-21 13:16:07,589 [INFO] src.triage.tfidf_filter - [Triage Batch] N=10 | noise=0 | high-risk=4740
2026-05-21 13:16:07,589 [INFO] src.triage.tfidf_filter - [Triage] N=10 | theta_max_idf=2.0000 (fixed, theoretical_max=2.3026) | theta_tfidf=0.02
2026-05-21 13:16:07,589 [INFO] src.triage.tfidf_filter - [Triage Batch] N=10 | noise=0 | high-risk=4750
2026-05-21 13:16:07,589 [INFO] src.triage.tfidf_filter - [Triage] N=10 | theta_max_idf=2.0000 (fixed, theoretical_max=2.3026) | theta_tfidf=0.02
2026-05-21 13:16:07,589 [INFO] src.triage.tfidf_filter - [Triage Batch] N=10 | noise=0 | high-risk=4760
2026-05-21 13:16:07,589 [INFO] src.triage.tfidf_filter - [Triage] N=10 | theta_max_idf=2.0000 (fixed, theoretical_max=2.3026) | theta_tfidf=0.02
2026-05-21 13:16:07,589 [INFO] src.triage.tfidf_filter - [Triage Batch] N=10 | noise=0 | high-risk=4770
2026-05-21 13:16:07,589 [INFO] src.triage.tfidf_filter - [Triage] N=10 | theta_max_idf=2.0000 (fixed, theoretical_max=2.3026) | theta_tfidf=0.02
2026-05-21 13:16:07,590 [INFO] src.triage.tfidf_filter - [Triage Batch] N=10 | noise=0 | high-risk=4780
2026-05-21 13:16:07,590 [INFO] src.triage.tfidf_filter - [Triage] N=10 | theta_max_idf=2.0000 (fixed, theoretical_max=2.3026) | theta_tfidf=0.02
2026-05-21 13:16:07,590 [INFO] src.triage.tfidf_filter - [Triage Batch] N=10 | noise=0 | high-risk=4790
2026-05-21 13:16:07,590 [INFO] src.triage.tfidf_filter - [Triage] N=10 | theta_max_idf=2.0000 (fixed, theoretical_max=2.3026) | theta_tfidf=0.02
2026-05-21 13:16:07,590 [INFO] src.triage.tfidf_filter - [Triage Batch] N=10 | noise=0 | high-risk=4800
2026-05-21 13:16:07,590 [INFO] src.triage.tfidf_filter - [Triage] N=10 | theta_max_idf=2.0000 (fixed, theoretical_max=2.3026) | theta_tfidf=0.02
2026-05-21 13:16:07,590 [INFO] src.triage.tfidf_filter - [Triage Batch] N=10 | noise=0 | high-risk=4810
2026-05-21 13:16:07,590 [INFO] src.triage.tfidf_filter - [Triage] N=10 | theta_max_idf=2.0000 (fixed, theoretical_max=2.3026) | theta_tfidf=0.02
2026-05-21 13:16:07,590 [INFO] src.triage.tfidf_filter - [Triage Batch] N=10 | noise=0 | high-risk=4820
2026-05-21 13:16:07,590 [INFO] src.triage.tfidf_filter - [Triage] N=10 | theta_max_idf=2.0000 (fixed, theoretical_max=2.3026) | theta_tfidf=0.02
2026-05-21 13:16:07,590 [INFO] src.triage.tfidf_filter - [Triage Batch] N=10 | noise=0 | high-risk=4830
2026-05-21 13:16:07,590 [INFO] src.triage.tfidf_filter - [Triage] N=10 | theta_max_idf=2.0000 (fixed, theoretical_max=2.3026) | theta_tfidf=0.02
2026-05-21 13:16:07,590 [INFO] src.triage.tfidf_filter - [Triage Batch] N=10 | noise=0 | high-risk=4840
2026-05-21 13:16:07,590 [INFO] src.triage.tfidf_filter - [Triage] N=10 | theta_max_idf=2.0000 (fixed, theoretical_max=2.3026) | theta_tfidf=0.02
2026-05-21 13:16:07,590 [INFO] src.triage.tfidf_filter - [Triage Batch] N=10 | noise=0 | high-risk=4850
2026-05-21 13:16:07,590 [INFO] src.triage.tfidf_filter - [Triage] N=10 | theta_max_idf=2.0000 (fixed, theoretical_max=2.3026) | theta_tfidf=0.02
2026-05-21 13:16:07,590 [INFO] src.triage.tfidf_filter - [Triage Batch] N=10 | noise=0 | high-risk=4860
2026-05-21 13:16:07,590 [INFO] src.triage.tfidf_filter - [Triage] N=10 | theta_max_idf=2.0000 (fixed, theoretical_max=2.3026) | theta_tfidf=0.02
2026-05-21 13:16:07,591 [INFO] src.triage.tfidf_filter - [Triage Batch] N=10 | noise=0 | high-risk=4870
2026-05-21 13:16:07,591 [INFO] src.triage.tfidf_filter - [Triage] N=10 | theta_max_idf=2.0000 (fixed, theoretical_max=2.3026) | theta_tfidf=0.02
2026-05-21 13:16:07,591 [INFO] src.triage.tfidf_filter - [Triage Batch] N=10 | noise=0 | high-risk=4880
2026-05-21 13:16:07,591 [INFO] src.triage.tfidf_filter - [Triage] N=10 | theta_max_idf=2.0000 (fixed, theoretical_max=2.3026) | theta_tfidf=0.02
2026-05-21 13:16:07,591 [INFO] src.triage.tfidf_filter - [Triage Batch] N=10 | noise=0 | high-risk=4890
2026-05-21 13:16:07,591 [INFO] src.triage.tfidf_filter - [Triage] N=10 | theta_max_idf=2.0000 (fixed, theoretical_max=2.3026) | theta_tfidf=0.02
2026-05-21 13:16:07,591 [INFO] src.triage.tfidf_filter - [Triage Batch] N=10 | noise=0 | high-risk=4900
2026-05-21 13:16:07,591 [INFO] src.triage.tfidf_filter - [Triage] N=10 | theta_max_idf=2.0000 (fixed, theoretical_max=2.3026) | theta_tfidf=0.02
2026-05-21 13:16:07,591 [INFO] src.triage.tfidf_filter - [Triage Batch] N=10 | noise=0 | high-risk=4910
2026-05-21 13:16:07,591 [INFO] src.triage.tfidf_filter - [Triage] N=10 | theta_max_idf=2.0000 (fixed, theoretical_max=2.3026) | theta_tfidf=0.02
2026-05-21 13:16:07,591 [INFO] src.triage.tfidf_filter - [Triage Batch] N=10 | noise=0 | high-risk=4920
2026-05-21 13:16:07,591 [INFO] src.triage.tfidf_filter - [Triage] N=10 | theta_max_idf=2.0000 (fixed, theoretical_max=2.3026) | theta_tfidf=0.02
2026-05-21 13:16:07,591 [INFO] src.triage.tfidf_filter - [Triage Batch] N=10 | noise=0 | high-risk=4930
2026-05-21 13:16:07,591 [INFO] src.triage.tfidf_filter - [Triage] N=10 | theta_max_idf=2.0000 (fixed, theoretical_max=2.3026) | theta_tfidf=0.02
2026-05-21 13:16:07,591 [INFO] src.triage.tfidf_filter - [Triage Batch] N=10 | noise=0 | high-risk=4940
2026-05-21 13:16:07,591 [INFO] src.triage.tfidf_filter - [Triage] N=10 | theta_max_idf=2.0000 (fixed, theoretical_max=2.3026) | theta_tfidf=0.02
2026-05-21 13:16:07,591 [INFO] src.triage.tfidf_filter - [Triage Batch] N=10 | noise=0 | high-risk=4950
2026-05-21 13:16:07,591 [INFO] src.triage.tfidf_filter - [Triage] N=10 | theta_max_idf=2.0000 (fixed, theoretical_max=2.3026) | theta_tfidf=0.02
2026-05-21 13:16:07,592 [INFO] src.triage.tfidf_filter - [Triage Batch] N=10 | noise=0 | high-risk=4960
2026-05-21 13:16:07,592 [INFO] src.triage.tfidf_filter - [Triage] N=10 | theta_max_idf=2.0000 (fixed, theoretical_max=2.3026) | theta_tfidf=0.02
2026-05-21 13:16:07,592 [INFO] src.triage.tfidf_filter - [Triage Batch] N=10 | noise=0 | high-risk=4970
2026-05-21 13:16:07,592 [INFO] src.triage.tfidf_filter - [Triage] N=10 | theta_max_idf=2.0000 (fixed, theoretical_max=2.3026) | theta_tfidf=0.02
2026-05-21 13:16:07,592 [INFO] src.triage.tfidf_filter - [Triage Batch] N=10 | noise=0 | high-risk=4980
2026-05-21 13:16:07,592 [INFO] src.triage.tfidf_filter - [Triage] N=10 | theta_max_idf=2.0000 (fixed, theoretical_max=2.3026) | theta_tfidf=0.02
2026-05-21 13:16:07,592 [INFO] src.triage.tfidf_filter - [Triage Batch] N=10 | noise=0 | high-risk=4990
2026-05-21 13:16:07,592 [INFO] src.triage.tfidf_filter - [Triage] N=10 | theta_max_idf=2.0000 (fixed, theoretical_max=2.3026) | theta_tfidf=0.02
2026-05-21 13:16:07,592 [INFO] src.triage.tfidf_filter - [Triage Batch] N=10 | noise=0 | high-risk=5000
2026-05-21 13:16:07,592 [INFO] MainPipeline - 
================================================================
2026-05-21 13:16:07,592 [INFO] MainPipeline -   RANKING METRICS -- DIM vs MajorityVote Baseline
2026-05-21 13:16:07,592 [INFO] MainPipeline -   Dataset : Splunk BOTS v3 (annotated synthetic sequences)
2026-05-21 13:16:07,592 [INFO] MainPipeline -   N_test  : 2000 queries | Candidates: 21 playbooks
2026-05-21 13:16:07,592 [INFO] MainPipeline -   ------------------------------------------------------------
2026-05-21 13:16:07,592 [INFO] MainPipeline -     K |     Metric |  MajorityVote |      DIM |     Gain
2026-05-21 13:16:07,592 [INFO] MainPipeline -   ------------------------------------------------------------
2026-05-21 13:16:07,592 [INFO] MainPipeline -     1 |  hit_ratio |        0.7510 |   0.5715 |  -0.1795
2026-05-21 13:16:07,592 [INFO] MainPipeline -     1 |       ndcg |        0.7510 |   0.5715 |  -0.1795
2026-05-21 13:16:07,593 [INFO] MainPipeline -     3 |  hit_ratio |        0.9910 |   0.7590 |  -0.2320
2026-05-21 13:16:07,593 [INFO] MainPipeline -     3 |       ndcg |        0.9010 |   0.6803 |  -0.2207
2026-05-21 13:16:07,593 [INFO] MainPipeline -     5 |  hit_ratio |        0.9980 |   0.8575 |  -0.1405
2026-05-21 13:16:07,593 [INFO] MainPipeline -     5 |       ndcg |        0.9039 |   0.7206 |  -0.1833
2026-05-21 13:16:07,593 [INFO] MainPipeline -    10 |  hit_ratio |        1.0000 |   0.9330 |  -0.0670
2026-05-21 13:16:07,593 [INFO] MainPipeline -    10 |       ndcg |        0.9046 |   0.7454 |  -0.1593
2026-05-21 13:16:07,593 [INFO] MainPipeline -   ------------------------------------------------------------
2026-05-21 13:16:07,593 [INFO] MainPipeline -   MAP@1 : Baseline=0.7510 | DIM=0.5715 | Gain=-0.1795
2026-05-21 13:16:07,593 [INFO] MainPipeline -   MAP@3 : Baseline=0.8692 | DIM=0.6532 | Gain=-0.2161
2026-05-21 13:16:07,593 [INFO] MainPipeline -   MAP@5 : Baseline=0.8708 | DIM=0.6754 | Gain=-0.1954
2026-05-21 13:16:07,593 [INFO] MainPipeline -   MAP@10: Baseline=0.8712 | DIM=0.6858 | Gain=-0.1854
2026-05-21 13:16:07,593 [INFO] MainPipeline -   ============================================================
2026-05-21 13:16:07,593 [INFO] MainPipeline - 
  SOC OPERATIONAL METRICS (real pipeline execution times)
2026-05-21 13:16:07,593 [INFO] MainPipeline -   ------------------------------------------------------------
2026-05-21 13:16:07,593 [INFO] MainPipeline -   MTTD -- TF-IDF Filter Latency (N=500 alerts):
2026-05-21 13:16:07,593 [INFO] MainPipeline -     Mean : 0.241 ms | Std: 1.965 ms
2026-05-21 13:16:07,593 [INFO] MainPipeline -     Min  : 0.000 ms | Max: 43.365 ms
2026-05-21 13:16:07,593 [INFO] MainPipeline -   MTTR -- DIM Inference Latency (N=2000 sequences):
2026-05-21 13:16:07,594 [INFO] MainPipeline -     Mean : 5.336 ms | Std: 0.620 ms
2026-05-21 13:16:07,594 [INFO] MainPipeline -     Min  : 4.671 ms | Max: 9.983 ms
2026-05-21 13:16:07,594 [INFO] MainPipeline -   Analyst Workload Reduction:
2026-05-21 13:16:07,594 [INFO] MainPipeline -     Automated: 6/7 steps = 85.7%
2026-05-21 13:16:07,594 [INFO] MainPipeline -     Remaining: 1 HITL approval step (by design)
2026-05-21 13:16:07,594 [INFO] MainPipeline -   ------------------------------------------------------------
2026-05-21 13:16:07,594 [INFO] MainPipeline -   Note: MTTD/MTTR are computational latency measurements.
2026-05-21 13:16:07,594 [INFO] MainPipeline -   Production deployment times include SIEM I/O and network latency.
2026-05-21 13:16:07,594 [INFO] MainPipeline -   ============================================================
2026-05-21 13:16:07,594 [INFO] MainPipeline - 
  UNSW-NB15 / CICIDS2017 Classification Metrics:
2026-05-21 13:16:07,594 [INFO] MainPipeline -   Run: py -3.11 test_modules.py  for full classification results
2026-05-21 13:16:07,594 [INFO] MainPipeline - 
================================================================
2026-05-21 13:16:07,594 [INFO] MainPipeline -   Evaluation complete. Details saved to logs/pipeline.log
2026-05-21 13:16:07,594 [INFO] MainPipeline - ================================================================

2026-05-21 13:16:07,594 [INFO] MainPipeline - 
  PER-CATEGORY ANALYSIS -- DIM vs MajorityVote
2026-05-21 13:16:07,594 [INFO] MainPipeline -   --------------------------------------------------------------
2026-05-21 13:16:07,594 [INFO] MainPipeline -   Category               |     N |  DIM NDCG@5 | Base NDCG@5 |      Gap
2026-05-21 13:16:07,594 [INFO] MainPipeline -   --------------------------------------------------------------
2026-05-21 13:16:07,603 [INFO] MainPipeline -   Standard (Type 1)      |   815 |      0.7458 |      0.9988 |  -0.2531
2026-05-21 13:16:07,610 [INFO] MainPipeline -   Multi-Campaign (Type 2) |   388 |      0.6963 |      0.9943 |  -0.2980
2026-05-21 13:16:07,622 [INFO] MainPipeline -   Phase-Shift (Type 3)   |   797 |      0.7068 |      0.7629 |  -0.0561
2026-05-21 13:16:07,622 [INFO] MainPipeline -   --------------------------------------------------------------
2026-05-21 13:16:07,622 [INFO] MainPipeline -   [NOTE] MajorityVote masih unggul di Phase-Shift.
2026-05-21 13:16:07,622 [INFO] MainPipeline -   => Sebagian seq pendek: late-phase count > early-phase count.
2026-05-21 13:16:07,623 [INFO] MainPipeline -   ==============================================================
